date,dataType,hour,dateID
2016-06-01,Flow,00,1
2016-06-01,Flow,01,2
2016-06-01,Flow,03,3
2016-06-01,Flow,04,4
2016-06-01,Flow,05,5
2016-06-01,Flow,06,6
2016-06-01,Flow,07,7
2016-06-01,Flow,08,8
2016-06-01,Flow,09,9
2016-06-01,Flow,10,10
2016-06-01,Flow,11,11
2016-06-01,Flow,12,12
2016-06-01,Flow,13,13
2016-06-01,Flow,14,14
2016-06-01,Flow,15,15
2016-06-01,Flow,16,16
2016-06-01,Flow,17,17
2016-06-01,Flow,18,18
2016-06-01,Flow,19,19
2016-06-01,Flow,20,20
2016-06-01,Flow,21,21
2016-06-01,Flow,22,22
2016-06-01,Flow,23,23
2016-06-02,Flow,00,24
2016-06-02,Flow,01,25
2016-06-02,Flow,02,26
2016-06-02,Flow,03,27
2016-06-02,Flow,05,28
2016-06-02,Flow,06,29
2016-06-02,Flow,07,30
2016-06-02,Flow,08,31
2016-06-02,Flow,09,32
2016-06-02,Flow,10,33
2016-06-02,Flow,11,34
2016-06-02,Flow,12,35
2016-06-02,Flow,13,36
2016-06-02,Flow,14,37
2016-06-02,Flow,15,38
2016-06-02,Flow,16,39
2016-06-02,Flow,17,40
2016-06-02,Flow,18,41
2016-06-02,Flow,19,42
2016-06-02,Flow,20,43
2016-06-02,Flow,21,44
2016-06-02,Flow,22,45
2016-06-02,Flow,23,46
2016-06-03,Flow,00,47
2016-06-03,Flow,01,48
2016-06-03,Flow,03,49
2016-06-03,Flow,04,50
2016-06-03,Flow,05,51
2016-06-03,Flow,06,52
2016-06-03,Flow,07,53
2016-06-03,Flow,08,54
2016-06-03,Flow,09,55
2016-06-03,Flow,10,56
2016-06-03,Flow,11,57
2016-06-03,Flow,12,58
2016-06-03,Flow,13,59
2016-06-03,Flow,14,60
2016-06-03,Flow,15,61
2016-06-03,Flow,16,62
2016-06-03,Flow,17,63
2016-06-03,Flow,18,64
2016-06-03,Flow,19,65
2016-06-03,Flow,20,66
2016-06-03,Flow,21,67
2016-06-03,Flow,22,68
2016-06-03,Flow,23,69
2016-06-04,Flow,00,70
2016-06-04,Flow,01,71
2016-06-04,Flow,02,72
2016-06-04,Flow,05,73
2016-06-04,Flow,06,74
2016-06-04,Flow,07,75
2016-06-04,Flow,08,76
2016-06-04,Flow,09,77
2016-06-04,Flow,10,78
2016-06-04,Flow,11,79
2016-06-04,Flow,12,80
2016-06-04,Flow,13,81
2016-06-04,Flow,14,82
2016-06-04,Flow,15,83
2016-06-10,Flow,03,84
2016-06-10,Flow,04,85
2016-06-10,Flow,05,86
2016-06-10,Flow,06,87
2016-06-10,Flow,07,88
2016-06-10,Flow,08,89
2016-06-10,Flow,09,90
2016-06-10,Flow,10,91
2016-06-10,Flow,11,92
2016-06-10,Flow,12,93
2016-06-10,Flow,13,94
2016-06-10,Flow,14,95
2016-06-10,Flow,15,96
2016-06-10,Flow,16,97
2016-06-10,Flow,17,98
2016-06-10,Flow,18,99
2016-06-10,Flow,19,100
2016-06-10,Flow,20,101
2016-06-10,Flow,21,102
2016-06-10,Flow,22,103
2016-06-10,Flow,23,104
2016-06-11,Flow,00,105
2016-06-11,Flow,01,106
2016-06-11,Flow,02,107
2016-06-11,Flow,03,108
2016-06-11,Flow,05,109
2016-06-11,Flow,06,110
2016-06-11,Flow,07,111
2016-06-11,Flow,08,112
2016-06-11,Flow,09,113
2016-06-11,Flow,10,114
2016-06-11,Flow,11,115
2016-06-11,Flow,12,116
2016-06-11,Flow,13,117
2016-06-11,Flow,14,118
2016-06-11,Flow,15,119
2016-06-11,Flow,16,120
2016-06-11,Flow,17,121
2016-06-11,Flow,18,122
2016-06-11,Flow,19,123
2016-06-11,Flow,20,124
2016-06-11,Flow,21,125
2016-06-11,Flow,22,126
2016-06-11,Flow,23,127
2016-06-12,Flow,00,128
2016-06-12,Flow,01,129
2016-06-12,Flow,02,130
2016-06-12,Flow,03,131
2016-06-12,Flow,04,132
2016-06-12,Flow,05,133
2016-06-12,Flow,06,134
2016-06-12,Flow,07,135
2016-06-12,Flow,08,136
2016-06-12,Flow,09,137
2016-06-12,Flow,10,138
2016-06-12,Flow,11,139
2016-06-12,Flow,12,140
2016-06-12,Flow,13,141
2016-06-12,Flow,14,142
2016-06-12,Flow,15,143
2016-06-12,Flow,16,144
2016-06-12,Flow,17,145
2016-06-12,Flow,18,146
2016-06-12,Flow,19,147
2016-06-12,Flow,20,148
2016-06-12,Flow,21,149
2016-06-12,Flow,22,150
2016-06-12,Flow,23,151
2016-06-13,Flow,00,152
2016-06-13,Flow,01,153
2016-06-13,Flow,02,154
2016-06-13,Flow,03,155
2016-06-13,Flow,05,156
2016-06-13,Flow,06,157
2016-06-13,Flow,07,158
2016-06-13,Flow,08,159
2016-06-13,Flow,09,160
2016-06-13,Flow,10,161
2016-06-13,Flow,11,162
2016-06-13,Flow,12,163
2016-06-13,Flow,13,164
2016-06-13,Flow,14,165
2016-06-13,Flow,15,166
2016-06-13,Flow,16,167
2016-06-13,Flow,17,168
2016-06-13,Flow,18,169
2016-06-13,Flow,19,170
2016-06-13,Flow,20,171
2016-06-13,Flow,21,172
2016-06-13,Flow,22,173
2016-06-13,Flow,23,174
2016-06-14,Flow,00,175
2016-06-14,Flow,01,176
2016-06-14,Flow,03,177
2016-06-14,Flow,04,178
2016-06-14,Flow,05,179
2016-06-14,Flow,06,180
2016-06-14,Flow,07,181
2016-06-14,Flow,08,182
2016-06-14,Flow,09,183
2016-06-14,Flow,10,184
2016-06-14,Flow,11,185
2016-06-14,Flow,12,186
2016-06-14,Flow,13,187
2016-06-14,Flow,14,188
2016-06-14,Flow,15,189
2016-06-14,Flow,16,190
2016-06-14,Flow,17,191
2016-06-14,Flow,18,192
2016-06-14,Flow,19,193
2016-06-14,Flow,20,194
2016-06-14,Flow,21,195
2016-06-14,Flow,22,196
2016-06-14,Flow,23,197
2016-06-15,Flow,00,198
2016-06-15,Flow,01,199
2016-06-15,Flow,02,200
2016-06-15,Flow,04,201
2016-06-15,Flow,05,202
2016-06-15,Flow,06,203
2016-06-15,Flow,07,204
2016-06-15,Flow,08,205
2016-06-15,Flow,09,206
2016-06-15,Flow,10,207
2016-06-15,Flow,11,208
2016-06-15,Flow,12,209
2016-06-15,Flow,13,210
2016-06-15,Flow,14,211
2016-06-15,Flow,15,212
2016-06-15,Flow,16,213
2016-06-15,Flow,17,214
2016-06-15,Flow,18,215
2016-06-15,Flow,19,216
2016-06-15,Flow,20,217
2016-06-15,Flow,21,218
2016-06-15,Flow,22,219
2016-06-15,Flow,23,220
2016-06-16,Flow,00,221
2016-06-16,Flow,01,222
2016-06-16,Flow,02,223
2016-06-16,Flow,03,224
2016-06-16,Flow,04,225
2016-06-16,Flow,05,226
2016-06-16,Flow,06,227
2016-06-16,Flow,07,228
2016-06-16,Flow,08,229
2016-06-16,Flow,09,230
2016-06-16,Flow,10,231
2016-06-16,Flow,11,232
2016-06-16,Flow,12,233
2016-06-16,Flow,13,234
2016-06-16,Flow,14,235
2016-06-16,Flow,15,236
2016-06-16,Flow,16,237
2016-06-16,Flow,17,238
2016-06-16,Flow,18,239
2016-06-16,Flow,19,240
2016-06-16,Flow,20,241
2016-06-16,Flow,21,242
2016-06-16,Flow,22,243
2016-06-16,Flow,23,244
2016-06-17,Flow,00,245
2016-06-17,Flow,01,246
2016-06-17,Flow,02,247
2016-06-17,Flow,03,248
2016-06-17,Flow,04,249
2016-06-17,Flow,05,250
2016-06-17,Flow,06,251
2016-06-17,Flow,07,252
2016-06-17,Flow,08,253
2016-06-17,Flow,09,254
2016-06-17,Flow,10,255
2016-06-17,Flow,11,256
2016-06-17,Flow,12,257
2016-06-17,Flow,13,258
2016-06-17,Flow,14,259
2016-06-17,Flow,15,260
2016-06-17,Flow,16,261
2016-06-17,Flow,17,262
2016-06-17,Flow,18,263
2016-06-17,Flow,19,264
2016-06-17,Flow,20,265
2016-06-17,Flow,21,266
2016-06-17,Flow,22,267
2016-06-17,Flow,23,268
2016-06-18,Flow,00,269
2016-06-18,Flow,01,270
2016-06-18,Flow,02,271
2016-06-18,Flow,03,272
2016-06-18,Flow,04,273
2016-06-18,Flow,05,274
2016-06-18,Flow,06,275
2016-06-18,Flow,07,276
2016-06-18,Flow,08,277
2016-06-18,Flow,09,278
2016-06-18,Flow,10,279
2016-06-18,Flow,11,280
2016-06-18,Flow,12,281
2016-06-18,Flow,13,282
2016-06-18,Flow,14,283
2016-06-18,Flow,15,284
2016-06-18,Flow,16,285
2016-06-18,Flow,17,286
2016-06-18,Flow,18,287
2016-06-18,Flow,19,288
2016-06-18,Flow,20,289
2016-06-18,Flow,21,290
2016-06-18,Flow,22,291
2016-06-18,Flow,23,292
2016-06-19,Flow,00,293
2016-06-19,Flow,01,294
2016-06-19,Flow,02,295
2016-06-19,Flow,04,296
2016-06-19,Flow,05,297
2016-06-19,Flow,06,298
2016-06-19,Flow,07,299
2016-06-24,Flow,19,300
2016-06-24,Flow,20,301
2016-06-24,Flow,21,302
2016-06-24,Flow,22,303
2016-06-24,Flow,23,304
2016-06-25,Flow,00,305
2016-06-25,Flow,01,306
2016-06-25,Flow,02,307
2016-06-25,Flow,03,308
2016-06-25,Flow,04,309
2016-06-25,Flow,05,310
2016-06-25,Flow,06,311
2016-06-25,Flow,07,312
2016-06-25,Flow,08,313
2016-06-25,Flow,09,314
2016-06-25,Flow,10,315
2016-06-25,Flow,11,316
2016-06-25,Flow,12,317
2016-06-25,Flow,13,318
2016-06-25,Flow,14,319
2016-06-25,Flow,15,320
2016-06-25,Flow,16,321
2016-06-25,Flow,17,322
2016-06-25,Flow,18,323
2016-06-25,Flow,19,324
2016-06-25,Flow,20,325
2016-06-25,Flow,21,326
2016-06-25,Flow,22,327
2016-06-25,Flow,23,328
2016-06-26,Flow,00,329
2016-06-26,Flow,01,330
2016-06-26,Flow,02,331
2016-06-26,Flow,03,332
2016-06-26,Flow,04,333
2016-06-26,Flow,05,334
2016-06-26,Flow,06,335
2016-06-26,Flow,07,336
2016-06-26,Flow,08,337
2016-06-26,Flow,09,338
2016-06-26,Flow,10,339
2016-06-26,Flow,11,340
2016-06-26,Flow,12,341
2016-06-26,Flow,13,342
2016-06-26,Flow,14,343
2016-06-26,Flow,15,344
2016-06-26,Flow,16,345
2016-06-26,Flow,17,346
2016-06-26,Flow,18,347
2016-06-26,Flow,19,348
2016-06-26,Flow,20,349
2016-06-26,Flow,21,350
2016-06-26,Flow,22,351
2016-06-26,Flow,23,352
2016-06-27,Flow,00,353
2016-06-27,Flow,01,354
2016-06-27,Flow,02,355
2016-06-27,Flow,03,356
2016-06-27,Flow,04,357
2016-06-27,Flow,05,358
2016-06-27,Flow,06,359
2016-06-27,Flow,07,360
2016-06-27,Flow,08,361
2016-06-27,Flow,09,362
2016-06-27,Flow,10,363
2016-06-27,Flow,11,364
2016-06-27,Flow,12,365
2016-06-27,Flow,13,366
2016-06-27,Flow,14,367
2016-06-27,Flow,15,368
2016-06-27,Flow,16,369
2016-06-27,Flow,17,370
2016-06-27,Flow,18,371
2016-06-27,Flow,19,372
2016-06-27,Flow,20,373
2016-06-27,Flow,21,374
2016-06-27,Flow,22,375
2016-06-27,Flow,23,376
2016-06-28,Flow,00,377
2016-06-28,Flow,01,378
2016-06-28,Flow,02,379
2016-06-28,Flow,03,380
2016-06-28,Flow,04,381
2016-06-28,Flow,05,382
2016-06-28,Flow,06,383
2016-06-28,Flow,07,384
2016-06-28,Flow,08,385
2016-06-28,Flow,09,386
2016-06-28,Flow,10,387
2016-06-28,Flow,11,388
2016-06-28,Flow,12,389
2016-06-28,Flow,13,390
2016-06-28,Flow,14,391
2016-06-28,Flow,15,392
2016-06-28,Flow,16,393
2016-06-28,Flow,17,394
2016-06-28,Flow,18,395
2016-06-28,Flow,19,396
2016-06-28,Flow,20,397
2016-06-28,Flow,21,398
2016-06-28,Flow,22,399
2016-06-28,Flow,23,400
2016-06-29,Flow,00,401
2016-06-29,Flow,01,402
2016-06-29,Flow,02,403
2016-06-29,Flow,03,404
2016-06-29,Flow,04,405
2016-06-29,Flow,05,406
2016-06-29,Flow,06,407
2016-06-29,Flow,07,408
2016-06-29,Flow,08,409
2016-06-29,Flow,09,410
2016-06-29,Flow,10,411
2016-06-29,Flow,11,412
2016-06-29,Flow,12,413
2016-06-29,Flow,13,414
2016-06-29,Flow,14,415
2016-06-29,Flow,15,416
2016-06-29,Flow,16,417
2016-06-29,Flow,17,418
2016-06-29,Flow,18,419
2016-06-29,Flow,19,420
2016-06-29,Flow,20,421
2016-06-29,Flow,21,422
2016-06-29,Flow,22,423
2016-06-29,Flow,23,424
2016-06-30,Flow,00,425
2016-06-30,Flow,01,426
2016-06-30,Flow,02,427
2016-06-30,Flow,04,428
2016-06-30,Flow,05,429
2016-06-30,Flow,06,430
2016-06-30,Flow,07,431
2016-06-30,Flow,08,432
2016-06-30,Flow,09,433
2016-06-30,Flow,10,434
2016-06-30,Flow,11,435
2016-06-30,Flow,12,436
2016-06-30,Flow,13,437
2016-06-30,Flow,14,438
2016-06-30,Flow,15,439
2016-06-30,Flow,16,440
2016-06-30,Flow,17,441
2016-06-30,Flow,18,442
2016-06-30,Flow,19,443
2016-06-30,Flow,20,444
2016-06-30,Flow,21,445
2016-06-30,Flow,22,446
2016-06-30,Flow,23,447
2016-07-01,Flow,00,448
2016-07-01,Flow,01,449
2016-07-01,Flow,02,450
2016-07-01,Flow,04,451
2016-07-01,Flow,05,452
2016-07-01,Flow,06,453
2016-07-01,Flow,07,454
2016-07-01,Flow,08,455
2016-07-01,Flow,09,456
2016-07-01,Flow,10,457
2016-07-01,Flow,11,458
2016-07-01,Flow,12,459
2016-07-01,Flow,13,460
2016-07-01,Flow,14,461
2016-07-01,Flow,15,462
2016-07-01,Flow,16,463
2016-07-01,Flow,17,464
2016-07-01,Flow,18,465
2016-07-01,Flow,19,466
2016-07-01,Flow,20,467
2016-07-01,Flow,21,468
2016-07-01,Flow,22,469
2016-07-01,Flow,23,470
2016-07-02,Flow,00,471
2016-07-02,Flow,01,472
2016-07-02,Flow,02,473
2016-07-02,Flow,03,474
2016-07-02,Flow,04,475
2016-07-02,Flow,05,476
2016-07-02,Flow,06,477
2016-07-02,Flow,07,478
2016-07-02,Flow,08,479
2016-07-02,Flow,09,480
2016-07-02,Flow,10,481
2016-07-02,Flow,11,482
2016-07-02,Flow,12,483
2016-07-02,Flow,13,484
2016-07-02,Flow,14,485
2016-07-02,Flow,15,486
2016-07-02,Flow,16,487
2016-07-02,Flow,17,488
2016-07-02,Flow,18,489
2016-07-02,Flow,19,490
2016-07-02,Flow,20,491
2016-07-02,Flow,21,492
2016-07-02,Flow,22,493
2016-07-02,Flow,23,494
2016-07-03,Flow,00,495
2016-07-03,Flow,01,496
2016-07-03,Flow,02,497
2016-07-03,Flow,03,498
2016-07-03,Flow,04,499
2016-07-03,Flow,05,500
2016-07-03,Flow,06,501
2016-07-03,Flow,07,502
2016-07-03,Flow,08,503
2016-07-03,Flow,09,504
2016-07-03,Flow,10,505
2016-07-03,Flow,11,506
2016-07-03,Flow,12,507
2016-07-03,Flow,13,508
2016-07-03,Flow,14,509
2016-07-03,Flow,15,510
2016-07-03,Flow,16,511
2016-07-03,Flow,17,512
2016-07-03,Flow,18,513
2016-07-03,Flow,19,514
2016-07-03,Flow,20,515
2016-07-03,Flow,21,516
2016-07-03,Flow,22,517
2016-07-03,Flow,23,518
2016-07-09,Flow,11,519
2016-07-09,Flow,12,520
2016-07-09,Flow,13,521
2016-07-09,Flow,14,522
2016-07-09,Flow,15,523
2016-07-09,Flow,16,524
2016-07-09,Flow,17,525
2016-07-09,Flow,18,526
2016-07-09,Flow,19,527
2016-07-09,Flow,20,528
2016-07-09,Flow,21,529
2016-07-09,Flow,22,530
2016-07-09,Flow,23,531
2016-07-10,Flow,00,532
2016-07-10,Flow,01,533
2016-07-10,Flow,02,534
2016-07-10,Flow,03,535
2016-07-10,Flow,04,536
2016-07-10,Flow,05,537
2016-07-10,Flow,06,538
2016-07-10,Flow,07,539
2016-07-10,Flow,08,540
2016-07-10,Flow,09,541
2016-07-10,Flow,10,542
2016-07-10,Flow,11,543
2016-07-10,Flow,12,544
2016-07-10,Flow,13,545
2016-07-10,Flow,14,546
2016-07-10,Flow,15,547
2016-07-10,Flow,16,548
2016-07-10,Flow,17,549
2016-07-10,Flow,18,550
2016-07-10,Flow,19,551
2016-07-10,Flow,20,552
2016-07-10,Flow,21,553
2016-07-10,Flow,22,554
2016-07-10,Flow,23,555
2016-07-11,Flow,00,556
2016-07-11,Flow,01,557
2016-07-11,Flow,02,558
2016-07-11,Flow,05,559
2016-07-11,Flow,06,560
2016-07-11,Flow,07,561
2016-07-11,Flow,08,562
2016-07-11,Flow,09,563
2016-07-11,Flow,10,564
2016-07-11,Flow,11,565
2016-07-11,Flow,12,566
2016-07-11,Flow,13,567
2016-07-11,Flow,14,568
2016-07-11,Flow,15,569
2016-07-11,Flow,16,570
2016-07-11,Flow,17,571
2016-07-11,Flow,18,572
2016-07-11,Flow,19,573
2016-07-11,Flow,20,574
2016-07-11,Flow,21,575
2016-07-11,Flow,22,576
2016-07-11,Flow,23,577
2016-07-12,Flow,00,578
2016-07-12,Flow,01,579
2016-07-12,Flow,02,580
2016-07-12,Flow,03,581
2016-07-12,Flow,04,582
2016-07-12,Flow,05,583
2016-07-12,Flow,06,584
2016-07-12,Flow,07,585
2016-07-12,Flow,08,586
2016-07-12,Flow,09,587
2016-07-12,Flow,10,588
2016-07-12,Flow,11,589
2016-07-12,Flow,12,590
2016-07-12,Flow,13,591
2016-07-12,Flow,14,592
2016-07-12,Flow,15,593
2016-07-12,Flow,16,594
2016-07-12,Flow,17,595
2016-07-12,Flow,18,596
2016-07-12,Flow,19,597
2016-07-12,Flow,20,598
2016-07-12,Flow,21,599
2016-07-12,Flow,22,600
2016-07-12,Flow,23,601
2016-07-13,Flow,00,602
2016-07-13,Flow,01,603
2016-07-13,Flow,02,604
2016-07-13,Flow,03,605
2016-07-13,Flow,04,606
2016-07-13,Flow,05,607
2016-07-13,Flow,06,608
2016-07-13,Flow,07,609
2016-07-13,Flow,08,610
2016-07-13,Flow,09,611
2016-07-13,Flow,10,612
2016-07-13,Flow,11,613
2016-07-13,Flow,12,614
2016-07-13,Flow,13,615
2016-07-13,Flow,14,616
2016-07-13,Flow,15,617
2016-07-13,Flow,16,618
2016-07-13,Flow,17,619
2016-07-13,Flow,18,620
2016-07-13,Flow,19,621
2016-07-13,Flow,20,622
2016-07-13,Flow,21,623
2016-07-13,Flow,22,624
2016-07-13,Flow,23,625
2016-07-14,Flow,00,626
2016-07-14,Flow,02,627
2016-07-14,Flow,03,628
2016-07-14,Flow,04,629
2016-07-14,Flow,05,630
2016-07-14,Flow,06,631
2016-07-14,Flow,07,632
2016-07-14,Flow,08,633
2016-07-14,Flow,09,634
2016-07-14,Flow,10,635
2016-07-14,Flow,11,636
2016-07-14,Flow,12,637
2016-07-14,Flow,13,638
2016-07-14,Flow,14,639
2016-07-14,Flow,15,640
2016-07-14,Flow,16,641
2016-07-14,Flow,17,642
2016-07-14,Flow,18,643
2016-07-14,Flow,19,644
2016-07-14,Flow,20,645
2016-07-14,Flow,21,646
2016-07-14,Flow,22,647
2016-07-14,Flow,23,648
2016-07-15,Flow,00,649
2016-07-15,Flow,01,650
2016-07-15,Flow,02,651
2016-07-15,Flow,03,652
2016-07-15,Flow,04,653
2016-07-15,Flow,05,654
2016-07-15,Flow,06,655
2016-07-15,Flow,07,656
2016-07-15,Flow,08,657
2016-07-15,Flow,09,658
2016-07-15,Flow,10,659
2016-07-15,Flow,11,660
2016-07-15,Flow,12,661
2016-07-15,Flow,13,662
2016-07-15,Flow,14,663
2016-07-15,Flow,15,664
2016-07-15,Flow,16,665
2016-07-15,Flow,17,666
2016-07-15,Flow,18,667
2016-07-15,Flow,19,668
2016-07-15,Flow,20,669
2016-07-15,Flow,21,670
2016-07-15,Flow,22,671
2016-07-15,Flow,23,672
2016-07-16,Flow,00,673
2016-07-16,Flow,01,674
2016-07-16,Flow,02,675
2016-07-16,Flow,03,676
2016-07-16,Flow,04,677
2016-07-16,Flow,05,678
2016-07-16,Flow,06,679
2016-07-16,Flow,07,680
2016-07-16,Flow,08,681
2016-07-16,Flow,09,682
2016-07-16,Flow,10,683
2016-07-16,Flow,11,684
2016-07-16,Flow,12,685
2016-07-16,Flow,13,686
2016-07-16,Flow,14,687
2016-07-16,Flow,15,688
2016-07-16,Flow,16,689
2016-07-16,Flow,17,690
2016-07-16,Flow,18,691
2016-07-16,Flow,19,692
2016-07-16,Flow,20,693
2016-07-16,Flow,21,694
2016-07-16,Flow,22,695
2016-07-16,Flow,23,696
2016-07-17,Flow,00,697
2016-07-17,Flow,01,698
2016-07-17,Flow,02,699
2016-07-17,Flow,03,700
2016-07-17,Flow,04,701
2016-07-17,Flow,05,702
2016-07-17,Flow,06,703
2016-07-17,Flow,07,704
2016-07-17,Flow,08,705
2016-07-17,Flow,09,706
2016-07-17,Flow,10,707
2016-07-17,Flow,11,708
2016-07-17,Flow,12,709
2016-07-17,Flow,13,710
2016-07-17,Flow,14,711
2016-07-17,Flow,15,712
2016-07-17,Flow,16,713
2016-07-17,Flow,17,714
2016-07-17,Flow,18,715
2016-07-17,Flow,19,716
2016-07-17,Flow,20,717
2016-07-17,Flow,21,718
2016-07-17,Flow,22,719
2016-07-17,Flow,23,720
2016-07-18,Flow,00,721
2016-07-18,Flow,01,722
2016-07-18,Flow,02,723
2016-07-18,Flow,03,724
2016-07-18,Flow,05,725
2016-07-18,Flow,06,726
2016-07-18,Flow,07,727
2016-07-18,Flow,08,728
2016-07-18,Flow,09,729
2016-07-18,Flow,10,730
2016-07-18,Flow,11,731
2016-07-18,Flow,12,732
2016-07-18,Flow,13,733
2016-07-18,Flow,14,734
2016-07-18,Flow,15,735
2016-07-18,Flow,16,736
2016-06-01,Flow,02,737
2016-06-02,Flow,04,738
2016-06-03,Flow,02,739
2016-06-04,Flow,03,740
2016-06-04,Flow,04,741
2016-06-11,Flow,04,742
2016-06-13,Flow,04,743
2016-06-14,Flow,02,744
2016-06-15,Flow,03,745
2016-06-19,Flow,03,746
2016-06-30,Flow,03,747
2016-07-01,Flow,03,748
2016-07-11,Flow,03,749
2016-07-11,Flow,04,750
2016-07-14,Flow,01,751
2016-07-18,Flow,04,752
2016-06-01,Speed,00,753
2016-06-01,Speed,01,754
2016-06-01,Speed,03,755
2016-06-01,Speed,04,756
2016-06-01,Speed,05,757
2016-06-01,Speed,06,758
2016-06-01,Speed,07,759
2016-06-01,Speed,08,760
2016-06-01,Speed,09,761
2016-06-01,Speed,10,762
2016-06-01,Speed,11,763
2016-06-01,Speed,12,764
2016-06-01,Speed,13,765
2016-06-01,Speed,14,766
2016-06-01,Speed,15,767
2016-06-01,Speed,16,768
2016-06-01,Speed,17,769
2016-06-01,Speed,18,770
2016-06-01,Speed,19,771
2016-06-01,Speed,20,772
2016-06-01,Speed,21,773
2016-06-01,Speed,22,774
2016-06-01,Speed,23,775
2016-06-02,Speed,00,776
2016-06-02,Speed,01,777
2016-06-02,Speed,02,778
2016-06-02,Speed,03,779
2016-06-02,Speed,05,780
2016-06-02,Speed,06,781
2016-06-02,Speed,07,782
2016-06-02,Speed,08,783
2016-06-02,Speed,09,784
2016-06-02,Speed,10,785
2016-06-02,Speed,11,786
2016-06-02,Speed,12,787
2016-06-02,Speed,13,788
2016-06-02,Speed,14,789
2016-06-02,Speed,15,790
2016-06-02,Speed,16,791
2016-06-02,Speed,17,792
2016-06-02,Speed,18,793
2016-06-02,Speed,19,794
2016-06-02,Speed,20,795
2016-06-02,Speed,21,796
2016-06-02,Speed,22,797
2016-06-02,Speed,23,798
2016-06-03,Speed,00,799
2016-06-03,Speed,01,800
2016-06-03,Speed,03,801
2016-06-03,Speed,04,802
2016-06-03,Speed,05,803
2016-06-03,Speed,06,804
2016-06-03,Speed,07,805
2016-06-03,Speed,08,806
2016-06-03,Speed,09,807
2016-06-03,Speed,10,808
2016-06-03,Speed,11,809
2016-06-03,Speed,12,810
2016-06-03,Speed,13,811
2016-06-03,Speed,14,812
2016-06-03,Speed,15,813
2016-06-03,Speed,16,814
2016-06-03,Speed,17,815
2016-06-03,Speed,18,816
2016-06-03,Speed,19,817
2016-06-03,Speed,20,818
2016-06-03,Speed,21,819
2016-06-03,Speed,22,820
2016-06-03,Speed,23,821
2016-06-04,Speed,00,822
2016-06-04,Speed,01,823
2016-06-04,Speed,02,824
2016-06-04,Speed,05,825
2016-06-04,Speed,06,826
2016-06-04,Speed,07,827
2016-06-04,Speed,08,828
2016-06-04,Speed,09,829
2016-06-04,Speed,10,830
2016-06-04,Speed,11,831
2016-06-04,Speed,12,832
2016-06-04,Speed,13,833
2016-06-04,Speed,14,834
2016-06-04,Speed,15,835
2016-06-04,Speed,16,836
2016-06-04,Speed,17,837
2016-06-04,Speed,18,838
2016-06-04,Speed,19,839
2016-06-04,Speed,20,840
2016-06-04,Speed,21,841
2016-06-04,Speed,22,842
2016-06-04,Speed,23,843
2016-06-05,Speed,00,844
2016-06-05,Speed,01,845
2016-06-05,Speed,02,846
2016-06-05,Speed,03,847
2016-06-05,Speed,04,848
2016-06-05,Speed,05,849
2016-06-05,Speed,06,850
2016-06-05,Speed,07,851
2016-06-05,Speed,08,852
2016-06-05,Speed,09,853
2016-06-05,Speed,10,854
2016-06-05,Speed,11,855
2016-06-05,Speed,12,856
2016-06-05,Speed,13,857
2016-06-05,Speed,14,858
2016-06-05,Speed,15,859
2016-06-05,Speed,16,860
2016-06-05,Speed,17,861
2016-06-05,Speed,18,862
2016-06-05,Speed,19,863
2016-06-05,Speed,20,864
2016-06-05,Speed,21,865
2016-06-05,Speed,22,866
2016-06-05,Speed,23,867
2016-06-06,Speed,00,868
2016-06-06,Speed,01,869
2016-06-06,Speed,02,870
2016-06-06,Speed,03,871
2016-06-06,Speed,04,872
2016-06-06,Speed,05,873
2016-06-06,Speed,06,874
2016-06-06,Speed,07,875
2016-06-06,Speed,08,876
2016-06-06,Speed,09,877
2016-06-06,Speed,10,878
2016-06-06,Speed,11,879
2016-06-06,Speed,12,880
2016-06-06,Speed,13,881
2016-06-06,Speed,14,882
2016-06-06,Speed,15,883
2016-06-06,Speed,16,884
2016-06-06,Speed,17,885
2016-06-06,Speed,18,886
2016-06-06,Speed,19,887
2016-06-06,Speed,20,888
2016-06-06,Speed,21,889
2016-06-06,Speed,22,890
2016-06-06,Speed,23,891
2016-06-07,Speed,00,892
2016-06-07,Speed,01,893
2016-06-07,Speed,04,894
2016-06-07,Speed,05,895
2016-06-07,Speed,06,896
2016-06-07,Speed,07,897
2016-06-07,Speed,08,898
2016-06-07,Speed,09,899
2016-06-07,Speed,10,900
2016-06-07,Speed,11,901
2016-06-07,Speed,12,902
2016-06-07,Speed,13,903
2016-06-07,Speed,14,904
2016-06-07,Speed,15,905
2016-06-07,Speed,16,906
2016-06-07,Speed,17,907
2016-06-07,Speed,18,908
2016-06-07,Speed,19,909
2016-06-07,Speed,20,910
2016-06-07,Speed,21,911
2016-06-07,Speed,22,912
2016-06-07,Speed,23,913
2016-06-08,Speed,00,914
2016-06-08,Speed,01,915
2016-06-08,Speed,02,916
2016-06-08,Speed,04,917
2016-06-08,Speed,05,918
2016-06-08,Speed,06,919
2016-06-08,Speed,07,920
2016-06-08,Speed,08,921
2016-06-08,Speed,09,922
2016-06-08,Speed,10,923
2016-06-08,Speed,11,924
2016-06-08,Speed,12,925
2016-06-08,Speed,13,926
2016-06-08,Speed,14,927
2016-06-08,Speed,15,928
2016-06-08,Speed,16,929
2016-06-08,Speed,17,930
2016-06-08,Speed,18,931
2016-06-08,Speed,19,932
2016-06-08,Speed,20,933
2016-06-08,Speed,21,934
2016-06-08,Speed,22,935
2016-06-08,Speed,23,936
2016-06-09,Speed,00,937
2016-06-09,Speed,01,938
2016-06-09,Speed,02,939
2016-06-09,Speed,03,940
2016-06-09,Speed,04,941
2016-06-09,Speed,05,942
2016-06-09,Speed,06,943
2016-06-09,Speed,07,944
2016-06-09,Speed,08,945
2016-06-09,Speed,09,946
2016-06-09,Speed,10,947
2016-06-09,Speed,11,948
2016-06-09,Speed,12,949
2016-06-09,Speed,13,950
2016-06-09,Speed,14,951
2016-06-09,Speed,15,952
2016-06-09,Speed,16,953
2016-06-09,Speed,17,954
2016-06-09,Speed,18,955
2016-06-09,Speed,19,956
2016-06-09,Speed,20,957
2016-06-09,Speed,21,958
2016-06-09,Speed,22,959
2016-06-09,Speed,23,960
2016-06-10,Speed,00,961
2016-06-10,Speed,01,962
2016-06-10,Speed,02,963
2016-06-10,Speed,03,964
2016-06-10,Speed,04,965
2016-06-10,Speed,05,966
2016-06-10,Speed,06,967
2016-06-10,Speed,07,968
2016-06-10,Speed,08,969
2016-06-10,Speed,09,970
2016-06-10,Speed,10,971
2016-06-10,Speed,11,972
2016-06-10,Speed,12,973
2016-06-10,Speed,13,974
2016-06-10,Speed,14,975
2016-06-10,Speed,15,976
2016-06-10,Speed,16,977
2016-06-10,Speed,17,978
2016-06-10,Speed,18,979
2016-06-10,Speed,19,980
2016-06-10,Speed,20,981
2016-06-10,Speed,21,982
2016-06-10,Speed,22,983
2016-06-10,Speed,23,984
2016-06-11,Speed,00,985
2016-06-11,Speed,01,986
2016-06-11,Speed,02,987
2016-06-11,Speed,03,988
2016-06-11,Speed,05,989
2016-06-11,Speed,06,990
2016-06-11,Speed,07,991
2016-06-11,Speed,08,992
2016-06-11,Speed,09,993
2016-06-11,Speed,10,994
2016-06-11,Speed,11,995
2016-06-11,Speed,12,996
2016-06-11,Speed,13,997
2016-06-11,Speed,14,998
2016-06-11,Speed,15,999
2016-06-11,Speed,16,1000
2016-06-11,Speed,17,1001
2016-06-11,Speed,18,1002
2016-06-11,Speed,19,1003
2016-06-11,Speed,20,1004
2016-06-11,Speed,21,1005
2016-06-11,Speed,22,1006
2016-06-11,Speed,23,1007
2016-06-12,Speed,00,1008
2016-06-12,Speed,01,1009
2016-06-12,Speed,02,1010
2016-06-12,Speed,03,1011
2016-06-12,Speed,04,1012
2016-06-12,Speed,05,1013
2016-06-12,Speed,06,1014
2016-06-12,Speed,07,1015
2016-06-12,Speed,08,1016
2016-06-12,Speed,09,1017
2016-06-12,Speed,10,1018
2016-06-12,Speed,11,1019
2016-06-12,Speed,12,1020
2016-06-12,Speed,13,1021
2016-06-12,Speed,14,1022
2016-06-12,Speed,15,1023
2016-06-12,Speed,16,1024
2016-06-12,Speed,17,1025
2016-06-12,Speed,18,1026
2016-06-12,Speed,19,1027
2016-06-12,Speed,20,1028
2016-06-12,Speed,21,1029
2016-06-12,Speed,22,1030
2016-06-12,Speed,23,1031
2016-06-13,Speed,00,1032
2016-06-13,Speed,01,1033
2016-06-13,Speed,02,1034
2016-06-13,Speed,03,1035
2016-06-13,Speed,05,1036
2016-06-13,Speed,06,1037
2016-06-13,Speed,07,1038
2016-06-13,Speed,08,1039
2016-06-13,Speed,09,1040
2016-06-13,Speed,10,1041
2016-06-13,Speed,11,1042
2016-06-13,Speed,12,1043
2016-06-13,Speed,13,1044
2016-06-13,Speed,14,1045
2016-06-13,Speed,15,1046
2016-06-13,Speed,16,1047
2016-06-13,Speed,17,1048
2016-06-13,Speed,18,1049
2016-06-13,Speed,19,1050
2016-06-13,Speed,20,1051
2016-06-13,Speed,21,1052
2016-06-13,Speed,22,1053
2016-06-13,Speed,23,1054
2016-06-14,Speed,00,1055
2016-06-14,Speed,01,1056
2016-06-14,Speed,03,1057
2016-06-14,Speed,04,1058
2016-06-14,Speed,05,1059
2016-06-14,Speed,06,1060
2016-06-14,Speed,07,1061
2016-06-14,Speed,08,1062
2016-06-14,Speed,09,1063
2016-06-14,Speed,10,1064
2016-06-14,Speed,11,1065
2016-06-14,Speed,12,1066
2016-06-14,Speed,13,1067
2016-06-14,Speed,14,1068
2016-06-14,Speed,15,1069
2016-06-14,Speed,16,1070
2016-06-14,Speed,17,1071
2016-06-14,Speed,18,1072
2016-06-14,Speed,19,1073
2016-06-14,Speed,20,1074
2016-06-14,Speed,21,1075
2016-06-14,Speed,22,1076
2016-06-14,Speed,23,1077
2016-06-15,Speed,00,1078
2016-06-15,Speed,01,1079
2016-06-15,Speed,02,1080
2016-06-15,Speed,04,1081
2016-06-15,Speed,05,1082
2016-06-15,Speed,06,1083
2016-06-15,Speed,07,1084
2016-06-15,Speed,08,1085
2016-06-15,Speed,09,1086
2016-06-15,Speed,10,1087
2016-06-15,Speed,11,1088
2016-06-15,Speed,12,1089
2016-06-15,Speed,13,1090
2016-06-15,Speed,14,1091
2016-06-15,Speed,15,1092
2016-06-15,Speed,16,1093
2016-06-15,Speed,17,1094
2016-06-15,Speed,18,1095
2016-06-15,Speed,19,1096
2016-06-15,Speed,20,1097
2016-06-15,Speed,21,1098
2016-06-15,Speed,22,1099
2016-06-15,Speed,23,1100
2016-06-16,Speed,00,1101
2016-06-16,Speed,01,1102
2016-06-16,Speed,02,1103
2016-06-16,Speed,03,1104
2016-06-16,Speed,05,1105
2016-06-16,Speed,06,1106
2016-06-16,Speed,07,1107
2016-06-16,Speed,08,1108
2016-06-16,Speed,09,1109
2016-06-16,Speed,10,1110
2016-06-16,Speed,11,1111
2016-06-16,Speed,12,1112
2016-06-16,Speed,13,1113
2016-06-16,Speed,14,1114
2016-06-16,Speed,15,1115
2016-06-16,Speed,16,1116
2016-06-16,Speed,17,1117
2016-06-16,Speed,18,1118
2016-06-16,Speed,19,1119
2016-06-16,Speed,20,1120
2016-06-16,Speed,21,1121
2016-06-16,Speed,22,1122
2016-06-16,Speed,23,1123
2016-06-17,Speed,00,1124
2016-06-17,Speed,01,1125
2016-06-17,Speed,02,1126
2016-06-17,Speed,03,1127
2016-06-17,Speed,04,1128
2016-06-17,Speed,05,1129
2016-06-17,Speed,06,1130
2016-06-17,Speed,07,1131
2016-06-17,Speed,08,1132
2016-06-17,Speed,09,1133
2016-06-17,Speed,10,1134
2016-06-17,Speed,11,1135
2016-06-17,Speed,12,1136
2016-06-17,Speed,13,1137
2016-06-17,Speed,14,1138
2016-06-17,Speed,15,1139
2016-06-17,Speed,16,1140
2016-06-17,Speed,17,1141
2016-06-17,Speed,18,1142
2016-06-17,Speed,19,1143
2016-06-17,Speed,20,1144
2016-06-17,Speed,21,1145
2016-06-17,Speed,22,1146
2016-06-17,Speed,23,1147
2016-06-18,Speed,00,1148
2016-06-18,Speed,01,1149
2016-06-18,Speed,02,1150
2016-06-18,Speed,03,1151
2016-06-18,Speed,04,1152
2016-06-18,Speed,05,1153
2016-06-18,Speed,06,1154
2016-06-18,Speed,07,1155
2016-06-18,Speed,08,1156
2016-06-18,Speed,09,1157
2016-06-18,Speed,10,1158
2016-06-18,Speed,11,1159
2016-06-18,Speed,12,1160
2016-06-18,Speed,13,1161
2016-06-18,Speed,14,1162
2016-06-18,Speed,15,1163
2016-06-18,Speed,16,1164
2016-06-18,Speed,17,1165
2016-06-18,Speed,18,1166
2016-06-18,Speed,19,1167
2016-06-18,Speed,20,1168
2016-06-18,Speed,21,1169
2016-06-18,Speed,22,1170
2016-06-18,Speed,23,1171
2016-06-19,Speed,00,1172
2016-06-19,Speed,01,1173
2016-06-19,Speed,02,1174
2016-06-19,Speed,04,1175
2016-06-19,Speed,05,1176
2016-06-19,Speed,06,1177
2016-06-19,Speed,07,1178
2016-06-19,Speed,08,1179
2016-06-19,Speed,09,1180
2016-06-19,Speed,10,1181
2016-06-19,Speed,11,1182
2016-06-19,Speed,12,1183
2016-06-19,Speed,13,1184
2016-06-19,Speed,14,1185
2016-06-19,Speed,15,1186
2016-06-19,Speed,16,1187
2016-06-19,Speed,17,1188
2016-06-19,Speed,18,1189
2016-06-19,Speed,19,1190
2016-06-19,Speed,20,1191
2016-06-19,Speed,21,1192
2016-06-19,Speed,22,1193
2016-06-19,Speed,23,1194
2016-06-20,Speed,00,1195
2016-06-20,Speed,01,1196
2016-06-20,Speed,03,1197
2016-06-20,Speed,04,1198
2016-06-20,Speed,05,1199
2016-06-20,Speed,06,1200
2016-06-20,Speed,07,1201
2016-06-20,Speed,08,1202
2016-06-20,Speed,09,1203
2016-06-20,Speed,10,1204
2016-06-20,Speed,11,1205
2016-06-20,Speed,12,1206
2016-06-20,Speed,13,1207
2016-06-20,Speed,14,1208
2016-06-20,Speed,15,1209
2016-06-20,Speed,16,1210
2016-06-20,Speed,17,1211
2016-06-20,Speed,18,1212
2016-06-20,Speed,19,1213
2016-06-20,Speed,20,1214
2016-06-20,Speed,21,1215
2016-06-20,Speed,22,1216
2016-06-20,Speed,23,1217
2016-06-21,Speed,00,1218
2016-06-21,Speed,04,1219
2016-06-21,Speed,05,1220
2016-06-21,Speed,06,1221
2016-06-21,Speed,07,1222
2016-06-21,Speed,08,1223
2016-06-21,Speed,09,1224
2016-06-21,Speed,10,1225
2016-06-21,Speed,11,1226
2016-06-21,Speed,12,1227
2016-06-21,Speed,13,1228
2016-06-21,Speed,14,1229
2016-06-21,Speed,15,1230
2016-06-21,Speed,16,1231
2016-06-21,Speed,17,1232
2016-06-21,Speed,18,1233
2016-06-21,Speed,19,1234
2016-06-21,Speed,20,1235
2016-06-21,Speed,21,1236
2016-06-21,Speed,22,1237
2016-06-21,Speed,23,1238
2016-06-22,Speed,00,1239
2016-06-22,Speed,02,1240
2016-06-22,Speed,03,1241
2016-06-22,Speed,05,1242
2016-06-22,Speed,06,1243
2016-06-22,Speed,07,1244
2016-06-22,Speed,08,1245
2016-06-22,Speed,09,1246
2016-06-22,Speed,10,1247
2016-06-22,Speed,11,1248
2016-06-22,Speed,12,1249
2016-06-22,Speed,13,1250
2016-06-22,Speed,14,1251
2016-06-22,Speed,15,1252
2016-06-22,Speed,16,1253
2016-06-22,Speed,17,1254
2016-06-22,Speed,18,1255
2016-06-22,Speed,19,1256
2016-06-22,Speed,20,1257
2016-06-22,Speed,21,1258
2016-06-22,Speed,22,1259
2016-06-22,Speed,23,1260
2016-06-23,Speed,00,1261
2016-06-23,Speed,01,1262
2016-06-23,Speed,02,1263
2016-06-23,Speed,03,1264
2016-06-23,Speed,04,1265
2016-06-23,Speed,05,1266
2016-06-23,Speed,06,1267
2016-06-23,Speed,07,1268
2016-06-23,Speed,08,1269
2016-06-23,Speed,09,1270
2016-06-23,Speed,10,1271
2016-06-23,Speed,11,1272
2016-06-23,Speed,12,1273
2016-06-23,Speed,13,1274
2016-06-23,Speed,14,1275
2016-06-23,Speed,15,1276
2016-06-23,Speed,16,1277
2016-06-23,Speed,17,1278
2016-06-23,Speed,18,1279
2016-06-23,Speed,19,1280
2016-06-23,Speed,20,1281
2016-06-23,Speed,21,1282
2016-06-23,Speed,22,1283
2016-06-23,Speed,23,1284
2016-06-24,Speed,00,1285
2016-06-24,Speed,01,1286
2016-06-24,Speed,02,1287
2016-06-24,Speed,03,1288
2016-06-24,Speed,05,1289
2016-06-24,Speed,06,1290
2016-06-24,Speed,07,1291
2016-06-24,Speed,08,1292
2016-06-24,Speed,09,1293
2016-06-24,Speed,10,1294
2016-06-24,Speed,11,1295
2016-06-24,Speed,12,1296
2016-06-24,Speed,13,1297
2016-06-24,Speed,14,1298
2016-06-24,Speed,15,1299
2016-06-24,Speed,16,1300
2016-06-24,Speed,17,1301
2016-06-24,Speed,18,1302
2016-06-24,Speed,19,1303
2016-06-24,Speed,20,1304
2016-06-24,Speed,21,1305
2016-06-24,Speed,22,1306
2016-06-24,Speed,23,1307
2016-06-25,Speed,00,1308
2016-06-25,Speed,01,1309
2016-06-25,Speed,02,1310
2016-06-25,Speed,03,1311
2016-06-25,Speed,04,1312
2016-06-25,Speed,05,1313
2016-06-25,Speed,06,1314
2016-06-25,Speed,07,1315
2016-06-25,Speed,08,1316
2016-06-25,Speed,09,1317
2016-06-25,Speed,10,1318
2016-06-25,Speed,11,1319
2016-06-25,Speed,12,1320
2016-06-25,Speed,13,1321
2016-06-25,Speed,14,1322
2016-06-25,Speed,15,1323
2016-06-25,Speed,16,1324
2016-06-25,Speed,17,1325
2016-06-25,Speed,18,1326
2016-06-25,Speed,19,1327
2016-06-25,Speed,20,1328
2016-06-25,Speed,21,1329
2016-06-25,Speed,22,1330
2016-06-25,Speed,23,1331
2016-06-26,Speed,00,1332
2016-06-26,Speed,01,1333
2016-06-26,Speed,02,1334
2016-06-26,Speed,03,1335
2016-06-26,Speed,04,1336
2016-06-26,Speed,05,1337
2016-06-26,Speed,06,1338
2016-06-26,Speed,07,1339
2016-06-26,Speed,08,1340
2016-06-26,Speed,09,1341
2016-06-26,Speed,10,1342
2016-06-26,Speed,11,1343
2016-06-26,Speed,12,1344
2016-06-26,Speed,13,1345
2016-06-26,Speed,14,1346
2016-06-26,Speed,15,1347
2016-06-26,Speed,16,1348
2016-06-26,Speed,17,1349
2016-06-26,Speed,18,1350
2016-06-26,Speed,19,1351
2016-06-26,Speed,20,1352
2016-06-26,Speed,21,1353
2016-06-26,Speed,22,1354
2016-06-26,Speed,23,1355
2016-06-27,Speed,00,1356
2016-06-27,Speed,01,1357
2016-06-27,Speed,02,1358
2016-06-27,Speed,03,1359
2016-06-27,Speed,04,1360
2016-06-27,Speed,05,1361
2016-06-27,Speed,06,1362
2016-06-27,Speed,07,1363
2016-06-27,Speed,08,1364
2016-06-27,Speed,09,1365
2016-06-27,Speed,10,1366
2016-06-27,Speed,11,1367
2016-06-27,Speed,12,1368
2016-06-27,Speed,13,1369
2016-06-27,Speed,14,1370
2016-06-27,Speed,15,1371
2016-06-27,Speed,16,1372
2016-06-27,Speed,17,1373
2016-06-27,Speed,18,1374
2016-06-27,Speed,19,1375
2016-06-27,Speed,20,1376
2016-06-27,Speed,21,1377
2016-06-27,Speed,22,1378
2016-06-27,Speed,23,1379
2016-06-28,Speed,00,1380
2016-06-28,Speed,01,1381
2016-06-28,Speed,02,1382
2016-06-28,Speed,03,1383
2016-06-28,Speed,04,1384
2016-06-28,Speed,05,1385
2016-06-28,Speed,06,1386
2016-06-28,Speed,07,1387
2016-06-28,Speed,08,1388
2016-06-28,Speed,09,1389
2016-06-28,Speed,10,1390
2016-06-28,Speed,11,1391
2016-06-28,Speed,12,1392
2016-06-28,Speed,13,1393
2016-06-28,Speed,14,1394
2016-06-28,Speed,15,1395
2016-06-28,Speed,16,1396
2016-06-28,Speed,17,1397
2016-06-28,Speed,18,1398
2016-06-28,Speed,19,1399
2016-06-28,Speed,20,1400
2016-06-28,Speed,21,1401
2016-06-28,Speed,22,1402
2016-06-28,Speed,23,1403
2016-06-29,Speed,00,1404
2016-06-29,Speed,01,1405
2016-06-29,Speed,02,1406
2016-06-29,Speed,03,1407
2016-06-29,Speed,04,1408
2016-06-29,Speed,05,1409
2016-06-29,Speed,06,1410
2016-06-29,Speed,07,1411
2016-06-29,Speed,08,1412
2016-06-29,Speed,09,1413
2016-06-29,Speed,10,1414
2016-06-29,Speed,11,1415
2016-06-29,Speed,12,1416
2016-06-29,Speed,13,1417
2016-06-29,Speed,14,1418
2016-06-29,Speed,15,1419
2016-06-29,Speed,16,1420
2016-06-29,Speed,17,1421
2016-06-29,Speed,18,1422
2016-06-29,Speed,19,1423
2016-06-29,Speed,20,1424
2016-06-29,Speed,21,1425
2016-06-29,Speed,22,1426
2016-06-29,Speed,23,1427
2016-06-30,Speed,00,1428
2016-06-30,Speed,01,1429
2016-06-30,Speed,02,1430
2016-06-30,Speed,04,1431
2016-06-30,Speed,05,1432
2016-06-30,Speed,06,1433
2016-06-30,Speed,07,1434
2016-06-30,Speed,08,1435
2016-06-30,Speed,09,1436
2016-06-30,Speed,10,1437
2016-06-30,Speed,11,1438
2016-06-30,Speed,12,1439
2016-06-30,Speed,13,1440
2016-06-30,Speed,14,1441
2016-06-30,Speed,15,1442
2016-06-30,Speed,16,1443
2016-06-30,Speed,17,1444
2016-06-30,Speed,18,1445
2016-06-30,Speed,19,1446
2016-06-30,Speed,20,1447
2016-06-30,Speed,21,1448
2016-06-30,Speed,22,1449
2016-06-30,Speed,23,1450
2016-07-01,Speed,00,1451
2016-07-01,Speed,01,1452
2016-07-01,Speed,02,1453
2016-07-01,Speed,04,1454
2016-07-01,Speed,05,1455
2016-07-01,Speed,06,1456
2016-07-01,Speed,07,1457
2016-07-01,Speed,08,1458
2016-07-01,Speed,09,1459
2016-07-01,Speed,10,1460
2016-07-01,Speed,11,1461
2016-07-01,Speed,12,1462
2016-07-01,Speed,13,1463
2016-07-01,Speed,14,1464
2016-07-01,Speed,15,1465
2016-07-01,Speed,16,1466
2016-07-01,Speed,17,1467
2016-07-01,Speed,18,1468
2016-07-01,Speed,19,1469
2016-07-01,Speed,20,1470
2016-07-01,Speed,21,1471
2016-07-01,Speed,22,1472
2016-07-01,Speed,23,1473
2016-07-02,Speed,00,1474
2016-07-02,Speed,01,1475
2016-07-02,Speed,02,1476
2016-07-02,Speed,03,1477
2016-07-02,Speed,04,1478
2016-07-02,Speed,05,1479
2016-07-02,Speed,06,1480
2016-07-02,Speed,07,1481
2016-07-02,Speed,08,1482
2016-07-02,Speed,09,1483
2016-07-02,Speed,10,1484
2016-07-02,Speed,11,1485
2016-07-02,Speed,12,1486
2016-07-02,Speed,13,1487
2016-07-02,Speed,14,1488
2016-07-02,Speed,15,1489
2016-07-02,Speed,16,1490
2016-07-02,Speed,17,1491
2016-07-02,Speed,18,1492
2016-07-02,Speed,19,1493
2016-07-02,Speed,20,1494
2016-07-02,Speed,21,1495
2016-07-02,Speed,22,1496
2016-07-02,Speed,23,1497
2016-07-03,Speed,00,1498
2016-07-03,Speed,01,1499
2016-07-03,Speed,02,1500
2016-07-03,Speed,03,1501
2016-07-03,Speed,04,1502
2016-07-03,Speed,05,1503
2016-07-03,Speed,06,1504
2016-07-03,Speed,07,1505
2016-07-03,Speed,08,1506
2016-07-03,Speed,09,1507
2016-07-03,Speed,10,1508
2016-07-03,Speed,11,1509
2016-07-03,Speed,12,1510
2016-07-03,Speed,13,1511
2016-07-03,Speed,14,1512
2016-07-03,Speed,15,1513
2016-07-03,Speed,16,1514
2016-07-03,Speed,17,1515
2016-07-03,Speed,18,1516
2016-07-03,Speed,19,1517
2016-07-03,Speed,20,1518
2016-07-03,Speed,21,1519
2016-07-03,Speed,22,1520
2016-07-03,Speed,23,1521
2016-07-04,Speed,00,1522
2016-07-04,Speed,01,1523
2016-07-04,Speed,02,1524
2016-07-04,Speed,04,1525
2016-07-04,Speed,05,1526
2016-07-04,Speed,06,1527
2016-07-04,Speed,07,1528
2016-07-04,Speed,08,1529
2016-07-04,Speed,09,1530
2016-07-04,Speed,10,1531
2016-07-04,Speed,11,1532
2016-07-04,Speed,12,1533
2016-07-04,Speed,13,1534
2016-07-04,Speed,14,1535
2016-07-04,Speed,15,1536
2016-07-04,Speed,16,1537
2016-07-04,Speed,17,1538
2016-07-04,Speed,18,1539
2016-07-04,Speed,19,1540
2016-07-04,Speed,20,1541
2016-07-04,Speed,21,1542
2016-07-04,Speed,22,1543
2016-07-04,Speed,23,1544
2016-07-05,Speed,00,1545
2016-07-05,Speed,01,1546
2016-07-05,Speed,02,1547
2016-07-05,Speed,04,1548
2016-07-05,Speed,05,1549
2016-07-05,Speed,06,1550
2016-07-05,Speed,07,1551
2016-07-05,Speed,08,1552
2016-07-05,Speed,09,1553
2016-07-05,Speed,10,1554
2016-07-05,Speed,11,1555
2016-07-05,Speed,12,1556
2016-07-05,Speed,13,1557
2016-07-05,Speed,14,1558
2016-07-05,Speed,15,1559
2016-07-05,Speed,16,1560
2016-07-05,Speed,17,1561
2016-07-05,Speed,18,1562
2016-07-05,Speed,19,1563
2016-07-05,Speed,20,1564
2016-07-05,Speed,21,1565
2016-07-05,Speed,22,1566
2016-07-05,Speed,23,1567
2016-07-06,Speed,00,1568
2016-07-06,Speed,01,1569
2016-07-06,Speed,02,1570
2016-07-06,Speed,04,1571
2016-07-06,Speed,05,1572
2016-07-06,Speed,06,1573
2016-07-06,Speed,07,1574
2016-07-06,Speed,08,1575
2016-07-06,Speed,09,1576
2016-07-06,Speed,10,1577
2016-07-06,Speed,11,1578
2016-07-06,Speed,12,1579
2016-07-06,Speed,13,1580
2016-07-06,Speed,14,1581
2016-07-06,Speed,15,1582
2016-07-06,Speed,16,1583
2016-07-06,Speed,17,1584
2016-07-06,Speed,18,1585
2016-07-06,Speed,19,1586
2016-07-06,Speed,20,1587
2016-07-06,Speed,21,1588
2016-07-06,Speed,22,1589
2016-07-06,Speed,23,1590
2016-07-07,Speed,00,1591
2016-07-07,Speed,01,1592
2016-07-07,Speed,02,1593
2016-07-07,Speed,03,1594
2016-07-07,Speed,04,1595
2016-07-07,Speed,05,1596
2016-07-07,Speed,06,1597
2016-07-07,Speed,07,1598
2016-07-07,Speed,08,1599
2016-07-07,Speed,09,1600
2016-07-07,Speed,10,1601
2016-07-07,Speed,11,1602
2016-07-07,Speed,12,1603
2016-07-07,Speed,13,1604
2016-07-07,Speed,14,1605
2016-07-07,Speed,15,1606
2016-07-07,Speed,16,1607
2016-07-07,Speed,17,1608
2016-07-07,Speed,18,1609
2016-07-07,Speed,19,1610
2016-07-07,Speed,20,1611
2016-07-07,Speed,21,1612
2016-07-07,Speed,22,1613
2016-07-07,Speed,23,1614
2016-07-08,Speed,00,1615
2016-07-08,Speed,01,1616
2016-07-08,Speed,02,1617
2016-07-08,Speed,03,1618
2016-07-08,Speed,04,1619
2016-07-08,Speed,05,1620
2016-07-08,Speed,06,1621
2016-07-08,Speed,07,1622
2016-07-08,Speed,08,1623
2016-07-08,Speed,09,1624
2016-07-08,Speed,10,1625
2016-07-08,Speed,11,1626
2016-07-08,Speed,12,1627
2016-07-08,Speed,13,1628
2016-07-08,Speed,14,1629
2016-07-08,Speed,15,1630
2016-07-08,Speed,16,1631
2016-07-08,Speed,17,1632
2016-07-08,Speed,18,1633
2016-07-08,Speed,19,1634
2016-07-08,Speed,20,1635
2016-07-08,Speed,21,1636
2016-07-08,Speed,22,1637
2016-07-08,Speed,23,1638
2016-07-09,Speed,00,1639
2016-07-09,Speed,01,1640
2016-07-09,Speed,02,1641
2016-07-09,Speed,03,1642
2016-07-09,Speed,04,1643
2016-07-09,Speed,05,1644
2016-07-09,Speed,06,1645
2016-07-09,Speed,07,1646
2016-07-09,Speed,08,1647
2016-07-09,Speed,09,1648
2016-07-09,Speed,10,1649
2016-07-09,Speed,11,1650
2016-07-09,Speed,12,1651
2016-07-09,Speed,13,1652
2016-07-09,Speed,14,1653
2016-07-09,Speed,15,1654
2016-07-09,Speed,16,1655
2016-07-09,Speed,17,1656
2016-07-09,Speed,18,1657
2016-07-09,Speed,19,1658
2016-07-09,Speed,20,1659
2016-07-09,Speed,21,1660
2016-07-09,Speed,22,1661
2016-07-09,Speed,23,1662
2016-07-10,Speed,00,1663
2016-07-10,Speed,01,1664
2016-07-10,Speed,02,1665
2016-07-10,Speed,03,1666
2016-07-10,Speed,04,1667
2016-07-10,Speed,05,1668
2016-07-10,Speed,06,1669
2016-07-10,Speed,07,1670
2016-07-10,Speed,08,1671
2016-07-10,Speed,09,1672
2016-07-10,Speed,10,1673
2016-07-10,Speed,11,1674
2016-07-10,Speed,12,1675
2016-07-10,Speed,13,1676
2016-07-10,Speed,14,1677
2016-07-10,Speed,15,1678
2016-07-10,Speed,16,1679
2016-07-10,Speed,17,1680
2016-07-10,Speed,18,1681
2016-07-10,Speed,19,1682
2016-07-10,Speed,20,1683
2016-07-10,Speed,21,1684
2016-07-10,Speed,22,1685
2016-07-10,Speed,23,1686
2016-07-11,Speed,00,1687
2016-07-11,Speed,01,1688
2016-07-11,Speed,02,1689
2016-07-11,Speed,05,1690
2016-07-11,Speed,06,1691
2016-07-11,Speed,07,1692
2016-07-11,Speed,08,1693
2016-07-11,Speed,09,1694
2016-07-11,Speed,10,1695
2016-07-11,Speed,11,1696
2016-07-11,Speed,12,1697
2016-07-11,Speed,13,1698
2016-07-11,Speed,14,1699
2016-07-11,Speed,15,1700
2016-07-11,Speed,16,1701
2016-07-11,Speed,17,1702
2016-07-11,Speed,18,1703
2016-07-11,Speed,19,1704
2016-07-11,Speed,20,1705
2016-07-11,Speed,21,1706
2016-07-11,Speed,22,1707
2016-07-11,Speed,23,1708
2016-07-12,Speed,00,1709
2016-07-12,Speed,01,1710
2016-07-12,Speed,02,1711
2016-07-12,Speed,03,1712
2016-07-12,Speed,04,1713
2016-07-12,Speed,05,1714
2016-07-12,Speed,06,1715
2016-07-12,Speed,07,1716
2016-07-12,Speed,08,1717
2016-07-12,Speed,09,1718
2016-07-12,Speed,10,1719
2016-07-12,Speed,11,1720
2016-07-12,Speed,12,1721
2016-07-12,Speed,13,1722
2016-07-12,Speed,14,1723
2016-07-12,Speed,15,1724
2016-07-12,Speed,16,1725
2016-07-12,Speed,17,1726
2016-07-12,Speed,18,1727
2016-07-12,Speed,19,1728
2016-07-12,Speed,20,1729
2016-07-12,Speed,21,1730
2016-07-12,Speed,22,1731
2016-07-12,Speed,23,1732
2016-07-13,Speed,00,1733
2016-07-13,Speed,01,1734
2016-07-13,Speed,02,1735
2016-07-13,Speed,03,1736
2016-07-13,Speed,04,1737
2016-07-13,Speed,05,1738
2016-07-13,Speed,06,1739
2016-07-13,Speed,07,1740
2016-07-13,Speed,08,1741
2016-07-13,Speed,09,1742
2016-07-13,Speed,10,1743
2016-07-13,Speed,11,1744
2016-07-13,Speed,12,1745
2016-07-13,Speed,13,1746
2016-07-13,Speed,14,1747
2016-07-13,Speed,15,1748
2016-07-13,Speed,16,1749
2016-07-13,Speed,17,1750
2016-07-13,Speed,18,1751
2016-07-13,Speed,19,1752
2016-07-13,Speed,20,1753
2016-07-13,Speed,21,1754
2016-07-13,Speed,22,1755
2016-07-13,Speed,23,1756
2016-07-14,Speed,00,1757
2016-07-14,Speed,02,1758
2016-07-14,Speed,03,1759
2016-07-14,Speed,04,1760
2016-07-14,Speed,05,1761
2016-07-14,Speed,06,1762
2016-07-14,Speed,07,1763
2016-07-14,Speed,08,1764
2016-07-14,Speed,09,1765
2016-07-14,Speed,10,1766
2016-07-14,Speed,11,1767
2016-07-14,Speed,12,1768
2016-07-14,Speed,13,1769
2016-07-14,Speed,14,1770
2016-07-14,Speed,15,1771
2016-07-14,Speed,16,1772
2016-07-14,Speed,17,1773
2016-07-14,Speed,18,1774
2016-07-14,Speed,19,1775
2016-07-14,Speed,20,1776
2016-07-14,Speed,21,1777
2016-07-14,Speed,22,1778
2016-07-14,Speed,23,1779
2016-07-15,Speed,00,1780
2016-07-15,Speed,01,1781
2016-07-15,Speed,02,1782
2016-07-15,Speed,03,1783
2016-07-15,Speed,04,1784
2016-07-15,Speed,05,1785
2016-07-15,Speed,06,1786
2016-07-15,Speed,07,1787
2016-07-15,Speed,08,1788
2016-07-15,Speed,09,1789
2016-07-15,Speed,10,1790
2016-07-15,Speed,11,1791
2016-07-15,Speed,12,1792
2016-07-15,Speed,13,1793
2016-07-15,Speed,14,1794
2016-07-15,Speed,15,1795
2016-07-15,Speed,16,1796
2016-07-15,Speed,17,1797
2016-07-15,Speed,18,1798
2016-07-15,Speed,19,1799
2016-07-15,Speed,20,1800
2016-07-15,Speed,21,1801
2016-07-15,Speed,22,1802
2016-07-15,Speed,23,1803
2016-07-16,Speed,00,1804
2016-07-16,Speed,01,1805
2016-07-16,Speed,02,1806
2016-07-16,Speed,03,1807
2016-07-16,Speed,04,1808
2016-07-16,Speed,05,1809
2016-07-16,Speed,06,1810
2016-07-16,Speed,07,1811
2016-07-16,Speed,08,1812
2016-07-16,Speed,09,1813
2016-07-16,Speed,10,1814
2016-07-16,Speed,11,1815
2016-07-16,Speed,12,1816
2016-07-16,Speed,13,1817
2016-07-16,Speed,14,1818
2016-07-16,Speed,15,1819
2016-07-16,Speed,16,1820
2016-07-16,Speed,17,1821
2016-07-16,Speed,18,1822
2016-07-16,Speed,19,1823
2016-07-16,Speed,20,1824
2016-07-16,Speed,21,1825
2016-07-16,Speed,22,1826
2016-07-16,Speed,23,1827
2016-07-17,Speed,00,1828
2016-07-17,Speed,01,1829
2016-07-17,Speed,02,1830
2016-07-17,Speed,03,1831
2016-07-17,Speed,04,1832
2016-07-17,Speed,05,1833
2016-07-17,Speed,06,1834
2016-07-17,Speed,07,1835
2016-07-17,Speed,08,1836
2016-07-17,Speed,09,1837
2016-07-17,Speed,10,1838
2016-07-17,Speed,11,1839
2016-07-17,Speed,12,1840
2016-07-17,Speed,13,1841
2016-07-17,Speed,14,1842
2016-07-17,Speed,15,1843
2016-07-17,Speed,16,1844
2016-07-17,Speed,17,1845
2016-07-17,Speed,18,1846
2016-07-17,Speed,19,1847
2016-07-17,Speed,20,1848
2016-07-17,Speed,21,1849
2016-07-17,Speed,22,1850
2016-07-17,Speed,23,1851
2016-07-18,Speed,00,1852
2016-07-18,Speed,01,1853
2016-07-18,Speed,02,1854
2016-07-18,Speed,03,1855
2016-07-18,Speed,05,1856
2016-07-18,Speed,06,1857
2016-07-18,Speed,07,1858
2016-07-18,Speed,08,1859
2016-07-18,Speed,09,1860
2016-07-18,Speed,10,1861
2016-07-18,Speed,11,1862
2016-06-01,Speed,02,1863
2016-06-02,Speed,04,1864
2016-06-03,Speed,02,1865
2016-06-04,Speed,03,1866
2016-06-04,Speed,04,1867
2016-06-07,Speed,02,1868
2016-06-07,Speed,03,1869
2016-06-08,Speed,03,1870
2016-06-11,Speed,04,1871
2016-06-13,Speed,04,1872
2016-06-14,Speed,02,1873
2016-06-15,Speed,03,1874
2016-06-16,Speed,04,1875
2016-06-19,Speed,03,1876
2016-06-20,Speed,02,1877
2016-06-21,Speed,01,1878
2016-06-21,Speed,02,1879
2016-06-21,Speed,03,1880
2016-06-22,Speed,01,1881
2016-06-22,Speed,04,1882
2016-06-24,Speed,04,1883
2016-06-30,Speed,03,1884
2016-07-01,Speed,03,1885
2016-07-04,Speed,03,1886
2016-07-05,Speed,03,1887
2016-07-06,Speed,03,1888
2016-07-11,Speed,03,1889
2016-07-11,Speed,04,1890
2016-07-14,Speed,01,1891
2016-07-18,Speed,04,1892
