startLocatieForDisplayLat,startLocatieForDisplayLong,metaType,coordinateID
52.30485,4.9619155,Road,1
52.324356,5.0047064,Road,2
52.446587,4.661537,Road,3
52.450794,4.658816,Road,4
52.445854,4.6624136,Road,5
52.471237,4.679963,Road,6
52.35799,4.8423805,Road,7
52.36205,4.842248,Road,8
52.34869,4.8412914,Road,9
52.358456,4.8425894,Road,10
52.36294,4.8424764,Road,11
52.28855,4.7277584,Road,12
52.32812,4.7966614,Road,13
52.29577,4.937843,Road,14
52.359264,4.7340403,Road,15
52.32773,4.789532,Road,16
52.321194,5.002257,Road,17
52.3329,5.0044456,Road,18
52.436234,4.6724343,Road,19
52.47199,4.6523247,Road,20
52.489788,4.6952972,Road,21
52.475155,4.655017,Road,22
52.45426,4.657246,Road,23
52.314117,4.921398,Road,24
52.421986,4.87217,Road,25
52.430492,4.869139,Road,26
52.421516,4.8716106,Road,27
52.393345,4.8014736,Road,28
52.409126,4.859683,Road,29
52.374725,4.8428597,Road,30
52.384254,4.844732,Road,31
52.281242,4.7165036,Road,32
52.289326,4.7278595,Road,33
52.29642,4.7309732,Road,34
52.296593,4.730979,Road,35
52.291645,4.7318964,Road,36
52.26374,4.6919017,Road,37
52.401302,4.851094,Road,38
52.431763,4.8645253,Road,39
52.422504,4.8737116,Road,40
52.432514,4.865714,Road,41
52.390533,4.8444,Road,42
52.391075,4.843509,Road,43
52.31206,4.750209,Road,44
52.299,4.741909,Road,45
52.285618,4.7232404,Road,46
52.320576,4.7582216,Road,47
52.332092,4.802002,Road,48
52.31349,4.751095,Road,49
52.3094,4.7494483,Road,50
52.333477,4.80427,Road,51
52.33126,4.7906694,Road,52
52.327488,4.797863,Road,53
52.32989,4.797129,Road,54
52.322937,4.763042,Road,55
52.347996,4.735711,Road,56
52.3274,4.79803,Road,57
52.331093,4.7904134,Road,58
52.323395,4.8039255,Road,59
52.34936,4.73625,Road,60
52.354256,4.741254,Road,61
52.354717,4.7380714,Road,62
52.38008,4.7080274,Road,63
52.32811,4.7923374,Road,64
52.32629,4.7884808,Road,65
52.44163,4.667947,Road,66
52.4676,4.6766763,Road,67
52.32835,4.7962327,Road,68
52.35719,4.738944,Road,69
52.459038,4.846776,Road,70
52.31803,4.809657,Road,71
52.33173,4.8002567,Road,72
52.38336,4.844133,Road,73
52.384865,4.8386536,Road,74
52.361134,4.731998,Road,75
52.32743,5.005341,Road,76
52.320854,4.915121,Road,77
52.328297,5.0055065,Road,78
52.342712,4.9545374,Road,79
52.31816,4.9976993,Road,80
52.324795,5.0049095,Road,81
52.361362,4.968769,Road,82
52.3539,4.745085,Road,83
52.35512,4.7438073,Road,84
52.326286,4.7884746,Road,85
52.323524,4.766582,Road,86
52.34785,4.7569447,Road,87
52.342842,4.7642922,Road,88
52.316486,4.811071,Road,89
52.313156,4.8152003,Road,90
52.45002,4.6593256,Road,91
52.449978,4.656863,Road,92
52.441006,4.6518273,Road,93
52.455723,4.6557665,Road,94
52.458424,4.657279,Road,95
52.459427,4.834873,Road,96
52.308483,4.971568,Road,97
52.30832,4.971051,Road,98
52.47819,4.6580033,Road,99
52.476696,4.656322,Road,100
52.482384,4.670586,Road,101
52.480125,4.6610966,Road,102
52.499924,4.910991,Road,103
52.50434,4.935333,Road,104
52.449444,4.6596107,Road,105
52.492123,4.8908134,Road,106
52.496475,4.9019837,Road,107
52.44739,4.660858,Road,108
52.48937,4.8837037,Road,109
52.505188,4.9325585,Road,110
52.47368,4.8531046,Road,111
52.480476,4.86071,Road,112
52.465565,4.8498106,Road,113
52.476604,4.8557234,Road,114
52.474617,4.683483,Road,115
52.463593,4.673744,Road,116
52.385403,4.707164,Road,117
52.40201,4.704494,Road,118
52.28422,4.7217646,Road,119
52.275448,4.709188,Road,120
52.407425,4.939255,Road,121
52.395878,4.961901,Road,122
52.48131,4.8635707,Road,123
52.47041,4.851975,Road,124
52.484333,4.871359,Road,125
52.47571,4.853276,Road,126
52.498318,4.9075036,Road,127
52.493317,4.894592,Road,128
52.501167,4.9148464,Road,129
52.49692,4.895241,Road,130
52.50333,4.9253197,Road,131
52.310684,4.9254713,Road,132
52.27742,4.9552846,Road,133
52.50341,4.9284935,Road,134
52.307247,4.929035,Road,135
52.49273,4.90041,Road,136
52.334293,4.9983435,Road,137
52.32473,5.0050726,Road,138
52.331573,5.04891,Road,139
52.33201,5.0466776,Road,140
52.331165,5.0520134,Road,141
52.33264,5.0070076,Road,142
52.29915,4.9368305,Road,143
52.283955,4.9498134,Road,144
52.315853,4.9195437,Road,145
52.302376,4.9337583,Road,146
52.28188,4.9513135,Road,147
52.301895,4.953323,Road,148
52.306026,4.9652195,Road,149
52.30841,4.971351,Road,150
52.30337,4.95762,Road,151
52.31405,4.9884973,Road,152
52.293728,4.942102,Road,153
52.286545,4.92834,Road,154
52.32999,5.0545807,Road,155
52.335743,4.993778,Road,156
52.337997,4.9894195,Road,157
52.280003,4.95258,Road,158
52.285934,4.939525,Road,159
52.338364,4.8694572,Road,160
52.339123,4.858433,Road,161
52.2935,4.731117,Road,162
52.30675,4.731863,Road,163
52.441032,4.8579216,Road,164
52.338276,4.8243084,Road,165
52.338463,4.8119707,Road,166
52.301662,4.8551025,Road,167
52.307625,4.826984,Road,168
52.298367,4.9362383,Road,169
52.377308,4.7084436,Road,170
52.38384,4.706176,Road,171
52.456726,4.8398757,Road,172
52.45876,4.8362017,Road,173
52.28893,4.944152,Road,174
52.311256,4.7493234,Road,175
52.330765,4.797145,Road,176
52.30035,4.9489093,Road,177
52.27417,4.9576735,Road,178
52.332165,5.0266294,Road,179
52.383404,4.6850553,Road,180
52.384186,4.7842903,Road,181
52.384075,4.6929693,Road,182
52.402878,4.8521786,Road,183
52.269146,4.960362,Road,184
52.26715,4.9606442,Road,185
52.38518,4.748831,Road,186
52.27906,4.953994,Road,187
52.3284,4.7957296,Road,188
52.3162,4.8110847,Road,189
52.33294,5.004099,Road,190
52.402447,4.852077,Road,191
52.289654,4.945232,Road,192
52.30391,4.9325166,Road,193
52.462166,4.817918,Road,194
52.459667,4.8474984,Road,195
52.446144,4.8521748,Road,196
52.392612,4.809335,Road,197
52.418606,4.9125433,Road,198
52.47313,4.7759156,Road,199
52.389645,4.84464,Road,200
52.39321,4.843917,Road,201
52.394127,4.8439097,Road,202
52.41859,4.8679514,Road,203
52.42129,4.873537,Road,204
52.42656,4.8750634,Road,205
52.42528,4.87495,Road,206
52.288227,4.7270246,Road,207
52.318676,4.7549453,Road,208
52.384983,4.708187,Road,209
52.384926,4.7082806,Road,210
52.34136,4.7700777,Road,211
52.34431,4.7668552,Road,212
52.29857,4.948188,Road,213
52.322342,4.9142675,Road,214
52.327927,4.793659,Road,215
52.314056,4.9214635,Road,216
52.30576,4.9305964,Road,217
52.32688,4.7874837,Road,218
52.31614,4.9937596,Road,219
52.314354,4.9895883,Road,220
52.502544,4.702429,Road,221
52.358017,4.7405686,Road,222
52.326614,4.7860994,Road,223
52.424545,4.8954406,Road,224
52.315273,4.991799,Road,225
52.37585,4.8430953,Road,226
52.39346,4.798665,Road,227
52.326023,4.9141755,Road,228
52.464912,4.803937,Road,229
52.422127,4.690388,Road,230
52.424847,4.891116,Road,231
52.424805,4.894882,Road,232
52.38368,4.8445306,Road,233
52.424736,4.8847218,Road,234
52.474705,4.683314,Road,235
52.403164,4.851352,Road,236
52.392307,4.8449826,Road,237
52.424152,4.882264,Road,238
52.39822,4.846805,Road,239
52.400177,4.84769,Road,240
52.424637,4.8843946,Road,241
52.404343,4.8538527,Road,242
52.407833,4.85807,Road,243
52.40021,4.847734,Road,244
52.401684,4.849922,Road,245
52.345753,4.7611556,Road,246
52.42493,4.8935156,Road,247
52.431267,4.8684006,Road,248
52.422543,4.8740654,Road,249
52.291656,4.7319155,Road,250
52.35195,4.74935,Road,251
52.383324,4.6838875,Road,252
52.384865,4.7118335,Road,253
52.338867,4.8301306,Road,254
52.270836,4.7064986,Road,255
52.42732,4.873316,Road,256
52.43181,4.868391,Road,257
52.423927,4.879505,Road,258
52.43363,4.8662395,Road,259
52.419674,4.8701916,Road,260
52.4236,4.8781204,Road,261
52.389637,4.8440285,Road,262
52.391376,4.8449597,Road,263
52.432743,4.8667216,Road,264
52.475323,4.6841373,Road,265
52.375416,4.8429112,Road,266
52.30766,4.971764,Road,267
52.264183,4.963193,Road,268
52.260986,4.9650764,Road,269
52.269222,4.9603252,Road,270
52.263866,4.9619427,Road,271
52.325237,4.7768164,Road,272
52.351185,4.750171,Road,273
52.362335,4.7297735,Road,274
52.35469,4.744256,Road,275
52.45272,4.8442125,Road,276
52.457703,4.8413453,Road,277
52.457924,4.8381705,Road,278
52.327744,5.005527,Road,279
52.314445,4.9214134,Road,280
52.28971,4.7279634,Road,281
52.28526,4.722257,Road,282
52.42363,4.878077,Road,283
52.288574,4.726989,Road,284
52.32357,4.8036895,Road,285
52.40786,4.942862,Road,286
52.42775,4.872409,Road,287
52.44296,4.8557534,Road,288
52.401745,4.851176,Road,289
52.314835,4.8152666,Road,290
52.37777,4.7086287,Road,291
52.39336,4.797081,Road,292
52.39335,4.7949657,Road,293
52.29233,4.942,Road,294
52.307182,4.9287486,Road,295
52.29422,4.9405932,Road,296
52.302967,4.956429,Road,297
52.288548,4.7269473,Road,298
52.299614,4.946696,Road,299
52.30133,4.952182,Road,300
52.30533,4.963924,Road,301
52.454983,4.834511,Road,302
52.462215,4.816347,Road,303
52.280216,4.953074,Road,304
52.286263,4.9485536,Road,305
52.290604,4.9430857,Road,306
52.31118,4.7496634,Road,307
52.3281,4.7958927,Road,308
52.33237,5.0261965,Road,309
52.311024,4.7491903,Road,310
52.450684,4.8471212,Road,311
52.302258,4.93446,Road,312
52.314728,4.8127584,Road,313
52.343662,4.9557586,Road,314
52.319786,4.9161553,Road,315
52.316338,4.9194064,Road,316
52.32869,4.794787,Road,317
52.30063,4.9463205,Road,318
52.33175,4.8002877,Road,319
52.35165,4.749609,Road,320
52.361645,4.7443933,Road,321
52.334167,4.8043327,Road,322
52.296104,4.738369,Road,323
52.30835,4.7478127,Road,324
52.33282,4.7875075,Road,325
52.28957,4.7296853,Road,326
52.33174,4.8002777,Road,327
52.4062,4.856045,Road,328
52.422638,4.8743653,Road,329
52.405453,4.855337,Road,330
52.405903,4.8563604,Road,331
52.28963,4.945037,Road,332
52.287075,4.9468884,Road,333
52.308205,4.9276843,Road,334
52.298805,4.8804502,Road,335
52.505325,4.934492,Road,336
52.26236,4.9635797,Road,337
52.26698,4.96074,Road,338
52.26471,4.9640155,Road,339
52.45812,4.8458085,Road,340
52.454674,4.836032,Road,341
52.45802,4.844859,Road,342
52.455452,4.841231,Road,343
52.463234,4.8110375,Road,344
52.287876,4.943292,Road,345
52.284046,4.949726,Road,346
52.30411,4.745399,Road,347
52.330803,5.004925,Road,348
52.329174,5.005843,Road,349
52.299076,4.741541,Road,350
52.30466,4.7454557,Road,351
52.436497,4.862677,Road,352
52.400024,4.847506,Road,353
52.29896,4.741875,Road,354
52.33382,4.9995594,Road,355
52.33951,4.9858484,Road,356
52.329826,5.0551014,Road,357
52.438107,4.670355,Road,358
52.383945,4.753304,Road,359
52.31051,4.8193045,Road,360
52.299488,4.8642373,Road,361
52.306145,4.833153,Road,362
52.301895,4.8561254,Road,363
52.457973,4.837809,Road,364
52.294018,4.8931265,Road,365
52.295094,4.8897023,Road,366
52.303574,4.8493037,Road,367
52.453228,4.844289,Road,368
52.45462,4.8426995,Road,369
52.453163,4.8441186,Road,370
52.456127,4.8407197,Road,371
52.4604,4.8479395,Road,372
52.45502,4.840091,Road,373
52.4569,4.839885,Road,374
52.45596,4.8411446,Road,375
52.331764,5.0052342,Road,376
52.33,5.0054817,Road,377
52.328014,4.734032,Road,378
52.338215,4.8323894,Road,379
52.333138,5.0015507,Road,380
52.313293,4.7324667,Road,381
52.384262,4.8445034,Road,382
52.332333,5.028117,Road,383
52.436428,4.863114,Road,384
52.33231,5.030542,Road,385
52.268456,4.698678,Road,386
52.38872,4.8444786,Road,387
52.279175,4.953199,Road,388
52.288574,4.7269864,Road,389
52.401505,4.8493013,Road,390
52.355133,4.965224,Road,391
52.386707,4.7327905,Road,392
52.420437,4.9084854,Road,393
52.332375,4.9297585,Road,394
52.300507,4.948824,Road,395
52.30113,4.9491715,Road,396
52.502842,4.9190793,Road,397
52.477924,4.8561025,Road,398
52.45743,4.844842,Road,399
52.33804,4.8627925,Road,400
52.337143,4.8458495,Road,401
52.337425,4.8511705,Road,402
52.47253,4.681016,Road,403
52.463634,4.6735306,Road,404
52.47316,4.683801,Road,405
52.44216,4.6677265,Road,406
52.5033,4.92348,Road,407
52.313236,4.983484,Road,408
52.3104,4.978219,Road,409
52.48054,4.6882176,Road,410
52.46949,4.678293,Road,411
52.316566,4.9946513,Road,412
52.475056,4.68124,Road,413
52.487926,4.694103,Road,414
52.493004,4.893766,Road,415
52.434727,4.6740413,Road,416
52.447655,4.6608386,Road,417
52.438107,4.6703506,Road,418
52.456833,4.843743,Road,419
52.33184,5.051926,Road,420
52.454884,4.8344336,Road,421
52.291656,4.9006886,Road,422
52.472843,4.8527665,Road,423
52.30967,4.929762,Road,424
52.298985,4.940927,Road,425
52.503277,4.9269853,Road,426
52.475998,4.855348,Road,427
52.45614,4.842237,Road,428
52.35163,4.749642,Road,429
52.456173,4.8408756,Road,430
52.451397,4.8463287,Road,431
52.50501,4.9322696,Road,432
52.326595,4.7995543,Road,433
52.324657,5.005049,Road,434
52.48724,4.693189,Road,435
52.487446,4.6937027,Road,436
52.48593,4.692382,Road,437
52.47455,4.6556535,Road,438
52.475933,4.6555624,Road,439
52.291046,4.7293253,Road,440
52.332134,5.027523,Road,441
52.39342,4.8020782,Road,442
52.392036,4.8013935,Road,443
52.384182,4.6944423,Road,444
52.331825,4.931096,Road,445
52.33196,4.9278636,Road,446
52.288628,4.9475136,Road,447
52.33001,4.9216576,Road,448
52.3861,4.742453,Road,449
52.329876,4.921271,Road,450
52.332275,4.928283,Road,451
52.38604,4.7438645,Road,452
52.466187,4.7980456,Road,453
52.3848,4.841291,Road,454
52.406055,4.943493,Road,455
52.408585,4.701843,Road,456
52.34015,4.841748,Road,457
52.290264,4.945078,Road,458
52.3797,4.8447924,Road,459
52.33797,4.8455987,Road,460
52.383835,4.708398,Road,461
52.32634,4.787902,Road,462
52.388092,4.8445134,Road,463
52.366325,4.8421164,Road,464
52.411533,4.928823,Road,465
52.375973,4.708902,Road,466
52.350838,4.8422513,Road,467
52.34954,4.7535214,Road,468
52.344433,4.84088,Road,469
52.407913,4.937991,Road,470
52.315468,4.8149686,Road,471
52.45712,4.6564126,Road,472
52.325794,4.7841964,Road,473
52.29919,4.936986,Road,474
52.441086,4.65165,Road,475
52.473503,4.853191,Road,476
52.487434,4.879348,Road,477
52.505203,4.9348135,Road,478
52.34259,4.840869,Road,479
52.344955,4.8404465,Road,480
52.30099,4.947087,Road,481
52.469395,4.787951,Road,482
52.473446,4.7744317,Road,483
52.473602,4.774182,Road,484
52.363346,4.728189,Road,485
52.32895,4.909224,Road,486
52.32995,4.9090824,Road,487
52.33716,4.8926544,Road,488
52.38353,4.707706,Road,489
52.483925,4.677856,Road,490
52.354496,4.842692,Road,491
52.38869,4.844262,Road,492
52.374832,4.708892,Road,493
52.47584,4.6556864,Road,494
52.368774,4.717769,Road,495
52.490337,4.6960177,Road,496
52.482212,4.669747,Road,497
52.349205,4.841786,Road,498
52.441566,4.6521406,Road,499
52.35427,4.9647183,Road,500
52.363964,4.970225,Road,501
52.391556,4.9656825,Road,502
52.366467,4.971796,Road,503
52.40384,4.9498076,Road,504
52.36637,4.9742107,Road,505
52.32152,4.9150667,Road,506
52.422077,4.9047656,Road,507
52.419205,4.911034,Road,508
52.41586,4.9192386,Road,509
52.424976,4.890343,Road,510
52.419895,4.910396,Road,511
52.407303,4.9390955,Road,512
52.408012,4.9364448,Road,513
52.3771,4.973897,Road,514
52.389793,4.9654837,Road,515
52.445374,4.852733,Road,516
52.435295,4.673416,Road,517
52.38692,4.96922,Road,518
52.366604,4.7218256,Road,519
52.354004,4.745233,Road,520
52.32918,4.7940564,Road,521
52.297226,4.87466,Road,522
52.28949,4.909217,Road,523
52.28597,4.9385505,Road,524
52.472668,4.777327,Road,525
52.50449,4.70341,Road,526
52.464863,4.804144,Road,527
52.463196,4.811587,Road,528
52.473526,4.774464,Road,529
52.472176,4.7795367,Road,530
52.471886,4.7806115,Road,531
52.46539,4.8010845,Road,532
52.46244,4.7959948,Road,533
52.461994,4.8189116,Road,534
52.46466,4.805946,Road,535
52.476402,4.770635,Road,536
52.465134,4.8029566,Road,537
52.480587,4.688008,Road,538
52.312428,4.9845796,Road,539
52.41784,4.696178,Road,540
52.39744,4.7052627,Road,541
52.389412,4.7065372,Road,542
52.38106,4.707883,Road,543
52.322857,4.8046384,Road,544
52.436005,4.6724806,Road,545
52.316128,4.8138356,Road,546
52.30061,4.860345,Road,547
52.315594,4.811737,Road,548
52.296516,4.8810825,Road,549
52.334927,4.9947996,Road,550
52.337578,4.988213,Road,551
52.310608,4.9255505,Road,552
52.300083,4.936561,Road,553
52.293903,4.9419518,Road,554
52.29907,4.9406037,Road,555
52.502617,4.7021666,Road,556
52.342323,4.8408723,Road,557
52.344757,4.8404512,Road,558
52.333008,4.91265,Road,559
52.323208,4.9141026,Road,560
52.45405,4.669146,Road,561
52.469353,4.6781774,Road,562
52.301815,4.855143,Road,563
52.32851,4.9131193,Road,564
52.335907,4.993348,Road,565
52.308365,4.825061,Road,566
52.322823,4.7626963,Road,567
52.300266,4.948837,Road,568
52.43883,4.670011,Road,569
52.312862,4.750702,Road,570
52.319824,4.808109,Road,571
52.304897,4.8415504,Road,572
52.316357,4.810198,Road,573
52.3728,4.842322,Road,574
52.36561,4.84213,Road,575
52.361137,4.8422956,Road,576
52.370083,4.8420315,Road,577
52.334404,4.997835,Road,578
52.49329,4.6979184,Road,579
52.480534,4.688212,Road,580
52.487938,4.69411,Road,581
52.34557,4.841528,Road,582
52.323853,5.00466,Road,583
52.32935,5.0557632,Road,584
52.31585,4.994176,Road,585
52.30604,4.9653583,Road,586
52.30879,4.970992,Road,587
52.314667,4.989348,Road,588
52.316063,4.994628,Road,589
52.263676,4.960754,Road,590
52.261547,4.964791,Road,591
52.307552,4.925797,Road,592
52.324352,5.004698,Road,593
52.29434,4.941576,Road,594
52.29213,4.9434757,Road,595
52.369316,4.972924,Road,596
52.381298,4.973054,Road,597
52.38982,4.965471,Road,598
52.388462,4.9674377,Road,599
52.4074,4.938685,Road,600
52.42029,4.911434,Road,601
52.395992,4.9617887,Road,602
52.411476,4.9289346,Road,603
52.40027,4.956418,Road,604
52.325108,4.778439,Road,605
52.37712,4.974098,Road,606
52.306595,4.7485275,Road,607
52.480442,4.860623,Road,608
52.319534,4.7557416,Road,609
52.312923,4.986836,Road,610
52.383186,4.8447843,Road,611
52.3122,4.9238877,Road,612
52.30836,4.9730263,Road,613
52.302418,4.95674,Road,614
52.299606,4.94667,Road,615
52.333122,4.9306974,Road,616
52.45172,4.6591,Road,617
52.295612,4.94007,Road,618
52.504185,4.935108,Road,619
52.3304,4.904697,Road,620
52.47626,4.853564,Road,621
52.33892,4.8621883,Road,622
52.37789,4.70861,Road,623
52.34152,4.841508,Road,624
52.48013,4.661109,Road,625
52.3389,4.825834,Road,626
52.33714,4.845846,Road,627
52.337166,4.846509,Road,628
52.333286,4.896725,Road,629
52.33034,4.923231,Road,630
52.369377,4.716604,Road,631
52.273445,4.9581537,Road,632
52.332314,4.8986964,Road,633
52.302326,4.9340987,Road,634
52.327965,4.7937636,Road,635
52.330383,4.9026375,Road,636
52.312347,4.9236784,Road,637
52.301388,4.953469,Road,638
52.277344,4.9546194,Road,639
52.30889,4.974567,Road,640
52.29985,4.9474688,Road,641
52.310738,4.9795656,Road,642
52.310787,4.9784083,Road,643
52.318134,4.917168,Road,644
52.327633,4.913272,Road,645
52.332996,4.9124293,Road,646
52.338905,4.986766,Road,647
52.33715,4.84607,Road,648
52.31242,4.9846888,Road,649
52.304638,4.9621058,Road,650
52.32238,4.8052397,Road,651
52.391335,4.9655666,Road,652
52.502377,4.9174395,Road,653
52.356644,4.8424234,Road,654
52.287354,4.724704,Road,655
52.45546,4.8439574,Road,656
52.302727,4.7445273,Road,657
52.337955,4.845321,Road,658
52.337196,4.990118,Road,659
52.30573,4.9653277,Road,660
52.311398,4.8176365,Road,661
52.29646,4.8815126,Road,662
52.32344,5.004451,Road,663
52.503155,4.9216714,Road,664
52.45319,4.6685734,Road,665
52.33876,4.8585596,Road,666
52.325237,4.7768373,Road,667
52.32376,4.766088,Road,668
52.322598,4.7620606,Road,669
52.457626,4.8400335,Road,670
52.308266,4.747761,Road,671
52.465343,4.8015738,Road,672
52.322388,4.7615156,Road,673
52.322544,4.7619057,Road,674
52.322914,4.762967,Road,675
52.33389,4.8038745,Road,676
52.3724,4.7110724,Road,677
52.331203,4.912697,Road,678
52.346912,4.958338,Road,679
52.30469,4.9622273,Road,680
52.346607,4.9585814,Road,681
52.310432,4.9782467,Road,682
52.42584,4.875904,Road,683
52.288124,4.9465737,Road,684
52.302402,4.934292,Road,685
52.287197,4.947391,Road,686
52.337067,4.844417,Road,687
52.33614,4.8075395,Road,688
52.34994,4.7530875,Road,689
52.41934,4.6945386,Road,690
52.333874,4.895557,Road,691
52.338894,4.861736,Road,692
52.32391,4.803601,Road,693
52.422707,4.8734827,Road,694
52.34881,4.9699817,Road,695
52.493362,4.6976295,Road,696
52.35449,4.744631,Road,697
52.33846,4.776755,Road,698
52.455395,4.8418183,Road,699
52.484787,4.6915336,Road,700
52.48785,4.6940365,Road,701
52.44034,4.66806,Road,702
52.44579,4.6622834,Road,703
52.437523,4.6709065,Road,704
52.328724,4.794884,Road,705
52.352993,4.963966,Road,706
52.423603,4.8824444,Road,707
52.423344,4.876313,Road,708
52.338665,4.9486666,Road,709
52.405357,4.9454966,Road,710
52.388287,4.9671655,Road,711
52.409737,4.931918,Road,712
52.418262,4.9128056,Road,713
52.36737,4.9722805,Road,714
52.418663,4.912392,Road,715
52.497223,4.6995864,Road,716
52.490444,4.6957426,Road,717
52.506393,4.7052712,Road,718
52.4476,4.85025,Road,719
52.31338,4.732686,Road,720
52.299488,4.9463243,Road,721
52.47357,4.653503,Road,722
52.29897,4.9447484,Road,723
52.321114,5.002404,Road,724
52.432728,4.8693266,Road,725
52.46469,4.8045197,Road,726
52.344967,4.956668,Road,727
52.35643,4.9662247,Road,728
52.47636,4.770047,Road,729
52.464138,4.80596,Road,730
52.40721,4.940807,Road,731
52.38827,4.96716,Road,732
52.455936,4.842351,Road,733
52.42007,4.908609,Road,734
52.422256,4.875857,Road,735
52.40837,4.9358115,Road,736
52.423466,4.9004254,Road,737
52.40528,4.9462786,Road,738
52.368275,4.970645,Road,739
52.39286,4.9645658,Road,740
52.40595,4.9429207,Road,741
52.46078,4.8478427,Road,742
52.459824,4.8473387,Road,743
52.47206,4.779965,Road,744
52.465458,4.8010693,Road,745
52.36237,4.745326,Road,746
52.35386,4.7402234,Road,747
52.46534,4.802044,Road,748
52.46499,4.785182,Road,749
52.472485,4.769454,Road,750
52.30768,4.971761,Road,751
52.30841,4.9699044,Road,752
52.321102,4.9152775,Road,753
52.30301,4.933097,Road,754
52.33139,4.9129,Road,755
52.335926,4.992313,Road,756
52.437267,4.8617916,Road,757
52.42526,4.8881593,Road,758
52.452305,4.668419,Road,759
52.46355,4.6734757,Road,760
52.2691,4.699094,Road,761
52.471954,4.6803946,Road,762
52.29532,4.888626,Road,763
52.437626,4.8613753,Road,764
52.334858,4.7836137,Road,765
52.291725,4.901105,Road,766
52.31159,4.7495127,Road,767
52.308544,4.9273376,Road,768
52.267433,4.6967106,Road,769
52.35071,4.7516556,Road,770
52.302174,4.9342527,Road,771
52.3667,4.721937,Road,772
52.3398,4.6358,Flow,773
52.3326,4.64281,Flow,774
52.3322,4.6438,Flow,775
52.3164,4.68152,Flow,776
52.3085,4.70949,Flow,777
52.2848,4.73054,Flow,778
52.2849,4.73065,Flow,779
52.2578,4.77092,Flow,780
52.4522,4.67637,Flow,781
52.4301,4.73391,Flow,782
52.3704,4.67406,Flow,783
52.3702,4.67607,Flow,784
52.3513,4.69689,Flow,785
52.4188,4.64372,Flow,786
52.4187,4.64372,Flow,787
52.4319,4.64746,Flow,788
52.432,4.64708,Flow,789
52.2563,4.78288,Flow,790
52.2685,4.80288,Flow,791
52.3026,4.81213,Flow,792
52.3699,4.67941,Flow,793
52.3647,4.71708,Flow,794
52.3522,4.74063,Flow,795
52.3309,4.78027,Flow,796
52.3063,4.83181,Flow,797
52.3062,4.83182,Flow,798
52.4245,4.95108,Flow,799
52.312,4.99871,Flow,800
52.3032,5.01688,Flow,801
52.3025,5.02918,Flow,802
52.2958,5.05763,Flow,803
52.2912,5.07479,Flow,804
52.4404,4.73456,Flow,805
52.424,4.96383,Flow,806
52.4225,4.96168,Flow,807
52.4438,5.01806,Flow,808
52.431,4.85558,Flow,809
52.4325,4.87414,Flow,810
52.4388,5.05085,Flow,811
52.3634,4.73595,Flow,812
52.2581,4.82868,Flow,813
52.2985,4.89119,Flow,814
52.3027,4.91816,Flow,815
52.2777,5.05173,Flow,816
52.2733,4.78438,Flow,817
52.2734,4.7847,Flow,818
52.2788,4.7277,Flow,819
52.2963,4.79303,Flow,820
52.2962,4.79335,Flow,821
52.3013,4.79713,Flow,822
52.2865,4.75879,Flow,823
52.2867,4.75849,Flow,824
52.2567,4.8192,Flow,825
52.2569,4.81936,Flow,826
52.301,4.93601,Flow,827
52.3317,5.00493,Flow,828
52.3276,5.0607,Flow,829
52.3276,5.06072,Flow,830
52.328,5.06081,Flow,831
52.3852,4.71479,Flow,832
52.3852,4.7148,Flow,833
52.4165,4.91749,Flow,834
52.4168,4.91778,Flow,835
52.3384,4.94814,Flow,836
52.2995,4.93954,Flow,837
52.2975,4.94204,Flow,838
52.2975,4.94206,Flow,839
52.2881,4.91726,Flow,840
52.2881,4.91733,Flow,841
52.2964,4.88221,Flow,842
52.2971,4.87495,Flow,843
52.2971,4.87494,Flow,844
52.3394,4.84195,Flow,845
52.3529,4.84231,Flow,846
52.3529,4.84236,Flow,847
52.3759,4.84319,Flow,848
52.338,4.83351,Flow,849
52.339,4.82655,Flow,850
52.339,4.82659,Flow,851
52.2819,4.95108,Flow,852
52.2819,4.95105,Flow,853
52.2825,4.95158,Flow,854
52.2825,4.95157,Flow,855
52.3224,4.91495,Flow,856
52.4029,4.85213,Flow,857
52.4025,4.85188,Flow,858
52.4029,4.85128,Flow,859
52.4059,4.85458,Flow,860
52.3222,4.9143,Flow,861
52.4457,4.65433,Flow,862
52.4483,4.65491,Flow,863
52.4411,4.64121,Flow,864
52.441,4.64106,Flow,865
52.385,4.84328,Flow,866
52.3849,4.83931,Flow,867
52.3849,4.84094,Flow,868
52.3848,4.83352,Flow,869
52.3847,4.83557,Flow,870
52.3847,4.81806,Flow,871
52.3843,4.82011,Flow,872
52.384,4.7537,Flow,873
52.3839,4.7554,Flow,874
52.3862,4.7412,Flow,875
52.3454,4.97708,Flow,876
52.3391,4.98616,Flow,877
52.3359,4.99184,Flow,878
52.3273,5.06081,Flow,879
52.3364,4.99242,Flow,880
52.3449,4.97901,Flow,881
52.3394,4.98661,Flow,882
52.3326,5.00333,Flow,883
52.3295,5.00511,Flow,884
52.3506,4.9656,Flow,885
52.3297,5.00532,Flow,886
52.3315,5.00505,Flow,887
52.3343,5.00444,Flow,888
52.3331,5.00383,Flow,889
52.3364,4.99206,Flow,890
52.3346,4.99734,Flow,891
52.3348,4.99577,Flow,892
52.3337,4.9995,Flow,893
52.333,5.00282,Flow,894
52.3325,5.00666,Flow,895
52.3324,5.01117,Flow,896
52.3325,5.01717,Flow,897
52.3324,5.0227,Flow,898
52.3322,5.02722,Flow,899
52.3322,5.03038,Flow,900
52.3322,5.03269,Flow,901
52.3321,5.0349,Flow,902
52.3321,5.03898,Flow,903
52.3321,5.04343,Flow,904
52.3317,5.04771,Flow,905
52.3311,5.05064,Flow,906
52.3303,5.05311,Flow,907
52.3295,5.05572,Flow,908
52.3278,5.06069,Flow,909
52.3269,5.06342,Flow,910
52.3261,5.06621,Flow,911
52.3252,5.06919,Flow,912
52.3243,5.07275,Flow,913
52.323,5.07715,Flow,914
52.3213,5.08009,Flow,915
52.3208,5.085,Flow,916
52.3199,5.08791,Flow,917
52.319,5.09122,Flow,918
52.3361,4.99245,Flow,919
52.333,5.00315,Flow,920
52.3325,5.00659,Flow,921
52.3324,5.01103,Flow,922
52.3322,5.03039,Flow,923
52.3322,5.03054,Flow,924
52.3289,5.05741,Flow,925
52.3242,5.07315,Flow,926
52.3225,5.08147,Flow,927
52.3437,4.95523,Flow,928
52.3469,4.95834,Flow,929
52.3502,4.96085,Flow,930
52.3516,4.96592,Flow,931
52.3488,4.96995,Flow,932
52.3474,4.97359,Flow,933
52.3457,4.97747,Flow,934
52.3432,4.9815,Flow,935
52.3393,4.98649,Flow,936
52.3373,4.98989,Flow,937
52.3362,4.99217,Flow,938
52.3344,4.99724,Flow,939
52.3337,4.99994,Flow,940
52.333,5.00377,Flow,941
52.3327,5.00695,Flow,942
52.3325,5.01113,Flow,943
52.3324,5.02555,Flow,944
52.3323,5.03061,Flow,945
52.3323,5.035,Flow,946
52.3322,5.04359,Flow,947
52.3311,5.0508,Flow,948
52.3289,5.05766,Flow,949
52.3278,5.06105,Flow,950
52.3261,5.06644,Flow,951
52.3253,5.06934,Flow,952
52.3243,5.07324,Flow,953
52.3231,5.07721,Flow,954
52.3221,5.08093,Flow,955
52.3202,5.08733,Flow,956
52.3191,5.09122,Flow,957
52.3472,4.95946,Flow,958
52.3502,4.9642,Flow,959
52.3478,4.97186,Flow,960
52.3467,4.97452,Flow,961
52.3431,4.98128,Flow,962
52.3406,4.98437,Flow,963
52.3372,4.98975,Flow,964
52.3361,4.99199,Flow,965
52.3346,4.99584,Flow,966
52.3335,4.99982,Flow,967
52.3328,5.0036,Flow,968
52.3324,5.00719,Flow,969
52.3323,5.01135,Flow,970
52.3324,5.01736,Flow,971
52.3322,5.0267,Flow,972
52.332,5.0349,Flow,973
52.332,5.04346,Flow,974
52.3309,5.05069,Flow,975
52.3293,5.05577,Flow,976
52.3277,5.06069,Flow,977
52.3257,5.06705,Flow,978
52.3251,5.06911,Flow,979
52.324,5.07308,Flow,980
52.3229,5.07707,Flow,981
52.3216,5.08163,Flow,982
52.3199,5.08778,Flow,983
52.312,4.92352,Flow,984
52.2648,4.96181,Flow,985
52.3086,4.92716,Flow,986
52.3122,4.92395,Flow,987
52.2648,4.96425,Flow,988
52.2867,4.94175,Flow,989
52.2864,4.93436,Flow,990
52.3289,4.91899,Flow,991
52.2955,4.9408,Flow,992
52.2965,4.93786,Flow,993
52.297,4.94163,Flow,994
52.33,4.90615,Flow,995
52.3302,4.91131,Flow,996
52.3259,4.91417,Flow,997
52.3241,4.91433,Flow,998
52.3215,4.91519,Flow,999
52.2825,4.95212,Flow,1000
52.2988,4.93672,Flow,1001
52.2907,4.94305,Flow,1002
52.2873,4.94668,Flow,1003
52.2854,4.94838,Flow,1004
52.3023,4.93445,Flow,1005
52.2993,4.93727,Flow,1006
52.2936,4.94224,Flow,1007
52.2921,4.94348,Flow,1008
52.3261,4.91372,Flow,1009
52.3215,4.91507,Flow,1010
52.3187,4.91699,Flow,1011
52.3163,4.9194,Flow,1012
52.3144,4.92142,Flow,1013
52.3107,4.92547,Flow,1014
52.3087,4.92756,Flow,1015
52.3089,4.92728,Flow,1016
52.3058,4.9306,Flow,1017
52.3023,4.9341,Flow,1018
52.2992,4.93698,Flow,1019
52.2956,4.94007,Flow,1020
52.2897,4.94523,Flow,1021
52.2872,4.94739,Flow,1022
52.2857,4.94866,Flow,1023
52.2825,4.95129,Flow,1024
52.2826,4.95123,Flow,1025
52.2792,4.95392,Flow,1026
52.2742,4.95768,Flow,1027
52.2692,4.96036,Flow,1028
52.2641,4.96326,Flow,1029
52.259,4.96597,Flow,1030
52.3307,4.91276,Flow,1031
52.3286,4.9131,Flow,1032
52.3266,4.91343,Flow,1033
52.3223,4.91443,Flow,1034
52.3181,4.91717,Flow,1035
52.3158,4.91954,Flow,1036
52.3136,4.92196,Flow,1037
52.3121,4.92363,Flow,1038
52.3086,4.9273,Flow,1039
52.3053,4.93073,Flow,1040
52.303,4.9331,Flow,1041
52.2991,4.93683,Flow,1042
52.2952,4.94027,Flow,1043
52.2896,4.94503,Flow,1044
52.2859,4.94817,Flow,1045
52.2819,4.95132,Flow,1046
52.2773,4.95468,Flow,1047
52.2724,4.95809,Flow,1048
52.2672,4.96064,Flow,1049
52.2649,4.962,Flow,1050
52.2625,4.96349,Flow,1051
52.3389,4.81792,Flow,1052
52.2862,4.72245,Flow,1053
52.2749,4.70633,Flow,1054
52.3362,4.8075,Flow,1055
52.337,4.81111,Flow,1056
52.2804,4.71741,Flow,1057
52.2731,4.70664,Flow,1058
52.3381,4.81698,Flow,1059
52.3308,4.79683,Flow,1060
52.3266,4.79285,Flow,1061
52.3379,4.84096,Flow,1062
52.3376,4.83581,Flow,1063
52.3378,4.83476,Flow,1064
52.29,4.73044,Flow,1065
52.3317,4.8002,Flow,1066
52.3302,4.79736,Flow,1067
52.3081,4.74783,Flow,1068
52.3168,4.75342,Flow,1069
52.2947,4.73555,Flow,1070
52.2932,4.73238,Flow,1071
52.2897,4.7279,Flow,1072
52.2875,4.72489,Flow,1073
52.2852,4.72173,Flow,1074
52.2821,4.71728,Flow,1075
52.2786,4.71226,Flow,1076
52.2766,4.7094,Flow,1077
52.2738,4.70541,Flow,1078
52.2713,4.70188,Flow,1079
52.2694,4.69936,Flow,1080
52.3297,4.79826,Flow,1081
52.2936,4.73472,Flow,1082
52.2919,4.73297,Flow,1083
52.2899,4.73093,Flow,1084
52.288,4.72724,Flow,1085
52.2864,4.72487,Flow,1086
52.2843,4.72182,Flow,1087
52.2811,4.71732,Flow,1088
52.2791,4.71452,Flow,1089
52.2768,4.71117,Flow,1090
52.2736,4.70652,Flow,1091
52.2717,4.70384,Flow,1092
52.2718,4.70393,Flow,1093
52.3377,4.83897,Flow,1094
52.3382,4.83486,Flow,1095
52.3382,4.82938,Flow,1096
52.3383,4.82358,Flow,1097
52.3383,4.817,Flow,1098
52.3372,4.81101,Flow,1099
52.3352,4.80713,Flow,1100
52.3335,4.80434,Flow,1101
52.3298,4.79805,Flow,1102
52.3279,4.79366,Flow,1103
52.3264,4.78804,Flow,1104
52.3249,4.7768,Flow,1105
52.3243,4.77201,Flow,1106
52.3244,4.77271,Flow,1107
52.3235,4.76659,Flow,1108
52.3236,4.76701,Flow,1109
52.3222,4.76165,Flow,1110
52.3206,4.75823,Flow,1111
52.3185,4.75519,Flow,1112
52.3172,4.75379,Flow,1113
52.316,4.75277,Flow,1114
52.3148,4.75193,Flow,1115
52.3135,4.75109,Flow,1116
52.3121,4.75021,Flow,1117
52.3083,4.74806,Flow,1118
52.3041,4.7454,Flow,1119
52.3014,4.74368,Flow,1120
52.2986,4.74153,Flow,1121
52.2982,4.7411,Flow,1122
52.2961,4.73837,Flow,1123
52.2958,4.73793,Flow,1124
52.2936,4.73467,Flow,1125
52.2916,4.73189,Flow,1126
52.2897,4.72917,Flow,1127
52.2886,4.72749,Flow,1128
52.2854,4.72291,Flow,1129
52.2828,4.71926,Flow,1130
52.2793,4.7142,Flow,1131
52.2753,4.70843,Flow,1132
52.2719,4.70356,Flow,1133
52.2685,4.69876,Flow,1134
52.2685,4.69881,Flow,1135
52.2643,4.69276,Flow,1136
52.2615,4.6886,Flow,1137
52.2589,4.6849,Flow,1138
52.3385,4.84191,Flow,1139
52.3389,4.8386,Flow,1140
52.3389,4.8309,Flow,1141
52.3389,4.82371,Flow,1142
52.3388,4.82007,Flow,1143
52.3387,4.81615,Flow,1144
52.3379,4.81163,Flow,1145
52.3361,4.80752,Flow,1146
52.3341,4.80429,Flow,1147
52.3317,4.80022,Flow,1148
52.3299,4.79712,Flow,1149
52.3269,4.78742,Flow,1150
52.3261,4.78288,Flow,1151
52.3252,4.77674,Flow,1152
52.3238,4.76643,Flow,1153
52.322,4.76066,Flow,1154
52.3207,4.75797,Flow,1155
52.3187,4.75495,Flow,1156
52.3174,4.75352,Flow,1157
52.3167,4.75293,Flow,1158
52.3155,4.75198,Flow,1159
52.3143,4.7512,Flow,1160
52.3116,4.74951,Flow,1161
52.3083,4.74781,Flow,1162
52.3062,4.74641,Flow,1163
52.3036,4.74479,Flow,1164
52.3011,4.74325,Flow,1165
52.2991,4.74154,Flow,1166
52.2965,4.73839,Flow,1167
52.2946,4.73566,Flow,1168
52.2928,4.73316,Flow,1169
52.2905,4.72989,Flow,1170
52.2888,4.72738,Flow,1171
52.2853,4.72226,Flow,1172
52.2812,4.7165,Flow,1173
52.2791,4.71345,Flow,1174
52.2765,4.70972,Flow,1175
52.2727,4.7043,Flow,1176
52.2694,4.69953,Flow,1177
52.2673,4.69657,Flow,1178
52.2646,4.69262,Flow,1179
52.2616,4.68833,Flow,1180
52.2588,4.6843,Flow,1181
52.393,4.77836,Flow,1182
52.354,4.73811,Flow,1183
52.3537,4.74525,Flow,1184
52.36,4.74189,Flow,1185
52.3533,4.73777,Flow,1186
52.3518,4.73741,Flow,1187
52.3538,4.74017,Flow,1188
52.3558,4.74296,Flow,1189
52.3583,4.74232,Flow,1190
52.3594,4.73941,Flow,1191
52.36,4.7351,Flow,1192
52.3613,4.73228,Flow,1193
52.3625,4.73007,Flow,1194
52.3572,4.73881,Flow,1195
52.3559,4.73842,Flow,1196
52.3494,4.73586,Flow,1197
52.352,4.73673,Flow,1198
52.3558,4.73882,Flow,1199
52.3597,4.74212,Flow,1200
52.2912,4.72932,Flow,1201
52.2934,4.73058,Flow,1202
52.2955,4.73096,Flow,1203
52.2893,4.72786,Flow,1204
52.2911,4.72991,Flow,1205
52.2935,4.73112,Flow,1206
52.2955,4.73105,Flow,1207
52.2981,4.73108,Flow,1208
52.3,4.73125,Flow,1209
52.3025,4.73147,Flow,1210
52.3045,4.73166,Flow,1211
52.3068,4.73186,Flow,1212
52.3098,4.73214,Flow,1213
52.3133,4.73247,Flow,1214
52.3161,4.73272,Flow,1215
52.3186,4.73295,Flow,1216
52.3227,4.73332,Flow,1217
52.3251,4.73354,Flow,1218
52.328,4.73381,Flow,1219
52.3339,4.73436,Flow,1220
52.3367,4.73462,Flow,1221
52.3394,4.7348,Flow,1222
52.3421,4.73505,Flow,1223
52.3455,4.73537,Flow,1224
52.3493,4.73602,Flow,1225
52.3519,4.73693,Flow,1226
52.3559,4.73918,Flow,1227
52.3596,4.74242,Flow,1228
52.3639,4.74783,Flow,1229
52.3664,4.75255,Flow,1230
52.3681,4.7563,Flow,1231
52.3716,4.76287,Flow,1232
52.3754,4.76633,Flow,1233
52.3801,4.7677,Flow,1234
52.385,4.76773,Flow,1235
52.3895,4.7703,Flow,1236
52.3914,4.7731,Flow,1237
52.3933,4.77967,Flow,1238
52.3935,4.78342,Flow,1239
52.3935,4.78829,Flow,1240
52.3935,4.79304,Flow,1241
52.3935,4.79851,Flow,1242
52.3931,4.80575,Flow,1243
52.3922,4.81235,Flow,1244
52.3919,4.82006,Flow,1245
52.3919,4.82785,Flow,1246
52.3923,4.83604,Flow,1247
52.3952,4.84229,Flow,1248
52.3998,4.84764,Flow,1249
52.4016,4.84988,Flow,1250
52.4032,4.85171,Flow,1251
52.2927,4.73206,Flow,1252
52.2956,4.73129,Flow,1253
52.2982,4.7313,Flow,1254
52.3001,4.73147,Flow,1255
52.3026,4.73169,Flow,1256
52.3046,4.73188,Flow,1257
52.3068,4.73209,Flow,1258
52.31,4.73237,Flow,1259
52.3134,4.73269,Flow,1260
52.3162,4.73293,Flow,1261
52.3187,4.73317,Flow,1262
52.3227,4.73355,Flow,1263
52.3252,4.73377,Flow,1264
52.328,4.73403,Flow,1265
52.334,4.73458,Flow,1266
52.3368,4.73482,Flow,1267
52.3394,4.73504,Flow,1268
52.3421,4.73531,Flow,1269
52.3455,4.73564,Flow,1270
52.3495,4.7363,Flow,1271
52.3519,4.73709,Flow,1272
52.3559,4.73933,Flow,1273
52.3597,4.74274,Flow,1274
52.364,4.74844,Flow,1275
52.3663,4.75247,Flow,1276
52.368,4.75642,Flow,1277
52.3715,4.76299,Flow,1278
52.3754,4.76659,Flow,1279
52.3802,4.76789,Flow,1280
52.385,4.76795,Flow,1281
52.3895,4.77055,Flow,1282
52.3913,4.77319,Flow,1283
52.3932,4.77973,Flow,1284
52.3933,4.78376,Flow,1285
52.3933,4.7886,Flow,1286
52.3933,4.79333,Flow,1287
52.3934,4.7988,Flow,1288
52.393,4.80604,Flow,1289
52.3921,4.81263,Flow,1290
52.3918,4.82017,Flow,1291
52.3918,4.82785,Flow,1292
52.3922,4.83595,Flow,1293
52.395,4.84208,Flow,1294
52.3997,4.84813,Flow,1295
52.4013,4.85004,Flow,1296
52.4527,4.84426,Flow,1297
52.4275,4.87201,Flow,1298
52.4234,4.87434,Flow,1299
52.4276,4.87219,Flow,1300
52.4229,4.87445,Flow,1301
52.4522,4.84558,Flow,1302
52.4242,4.88239,Flow,1303
52.426,4.87429,Flow,1304
52.4316,4.86802,Flow,1305
52.4345,4.86481,Flow,1306
52.4372,4.86183,Flow,1307
52.4399,4.85888,Flow,1308
52.4428,4.85561,Flow,1309
52.4473,4.85054,Flow,1310
52.4505,4.84706,Flow,1311
52.4221,4.87501,Flow,1312
52.426,4.87581,Flow,1313
52.43,4.87043,Flow,1314
52.4317,4.86852,Flow,1315
52.4352,4.86453,Flow,1316
52.4376,4.8618,Flow,1317
52.4399,4.85921,Flow,1318
52.443,4.85571,Flow,1319
52.4475,4.85064,Flow,1320
52.4507,4.84716,Flow,1321
52.4521,4.84551,Flow,1322
52.3339,4.99969,Flow,1323
52.31,4.97681,Flow,1324
52.3444,4.7662,Flow,1325
52.3811,4.70829,Flow,1326
52.3065,4.96652,Flow,1327
52.3002,4.94823,Flow,1328
52.3883,4.70714,Flow,1329
52.3133,4.98711,Flow,1330
52.307,4.96941,Flow,1331
52.2981,4.86995,Flow,1332
52.3454,4.76151,Flow,1333
52.3883,4.70654,Flow,1334
52.314,4.98925,Flow,1335
52.3086,4.97439,Flow,1336
52.3435,4.76531,Flow,1337
52.4442,4.666,Flow,1338
52.3293,4.79916,Flow,1339
52.3554,4.74339,Flow,1340
52.3596,4.74304,Flow,1341
52.3323,5.00757,Flow,1342
52.3285,5.00591,Flow,1343
52.3611,4.73204,Flow,1344
52.3546,4.73693,Flow,1345
52.3579,4.73516,Flow,1346
52.3603,4.73283,Flow,1347
52.3524,4.74878,Flow,1348
52.3542,4.74551,Flow,1349
52.3554,4.74331,Flow,1350
52.3587,4.73846,Flow,1351
52.3539,4.74554,Flow,1352
52.3599,4.7432,Flow,1353
52.356,4.73981,Flow,1354
52.3284,4.79623,Flow,1355
52.3313,4.79067,Flow,1356
52.3287,4.79479,Flow,1357
52.331,4.79034,Flow,1358
52.3511,4.75029,Flow,1359
52.3539,4.74509,Flow,1360
52.3574,4.73848,Flow,1361
52.3586,4.73628,Flow,1362
52.3604,4.73295,Flow,1363
52.3729,4.71035,Flow,1364
52.3342,4.99887,Flow,1365
52.3325,5.00514,Flow,1366
52.3284,5.00568,Flow,1367
52.3243,5.00488,Flow,1368
52.3216,5.0029,Flow,1369
52.3192,4.99986,Flow,1370
52.316,4.99387,Flow,1371
52.314,4.98905,Flow,1372
52.3124,4.98458,Flow,1373
52.3101,4.97794,Flow,1374
52.3077,4.97081,Flow,1375
52.3038,4.95942,Flow,1376
52.2989,4.9452,Flow,1377
52.286,4.93854,Flow,1378
52.2861,4.93402,Flow,1379
52.2864,4.92979,Flow,1380
52.2867,4.92689,Flow,1381
52.2878,4.91787,Flow,1382
52.2895,4.90922,Flow,1383
52.2916,4.90095,Flow,1384
52.294,4.89312,Flow,1385
52.2952,4.88856,Flow,1386
52.2962,4.88222,Flow,1387
52.2972,4.87467,Flow,1388
52.2989,4.86682,Flow,1389
52.2995,4.86424,Flow,1390
52.3002,4.86127,Flow,1391
52.3017,4.8551,Flow,1392
52.3036,4.8493,Flow,1393
52.3048,4.84153,Flow,1394
52.3062,4.83315,Flow,1395
52.3076,4.82705,Flow,1396
52.3105,4.8193,Flow,1397
52.3137,4.81412,Flow,1398
52.3164,4.8109,Flow,1399
52.3197,4.80791,Flow,1400
52.3211,4.80667,Flow,1401
52.3228,4.80473,Flow,1402
52.3292,4.79406,Flow,1403
52.3311,4.79047,Flow,1404
52.3325,4.78786,Flow,1405
52.3347,4.78358,Flow,1406
52.3364,4.78044,Flow,1407
52.3384,4.77667,Flow,1408
52.3414,4.77008,Flow,1409
52.3441,4.76421,Flow,1410
52.346,4.76039,Flow,1411
52.3483,4.75576,Flow,1412
52.3512,4.75041,Flow,1413
52.354,4.74523,Flow,1414
52.3576,4.73862,Flow,1415
52.3588,4.73642,Flow,1416
52.3605,4.73311,Flow,1417
52.3623,4.7298,Flow,1418
52.3647,4.7254,Flow,1419
52.3666,4.72183,Flow,1420
52.3689,4.71761,Flow,1421
52.37,4.71534,Flow,1422
52.3718,4.71218,Flow,1423
52.3755,4.70877,Flow,1424
52.3773,4.70844,Flow,1425
52.3811,4.70788,Flow,1426
52.3854,4.70716,Flow,1427
52.3883,4.70671,Flow,1428
52.392,4.70614,Flow,1429
52.3974,4.70526,Flow,1430
52.402,4.70449,Flow,1431
52.4059,4.70303,Flow,1432
52.4085,4.70167,Flow,1433
52.4111,4.70032,Flow,1434
52.4136,4.69895,Flow,1435
52.4177,4.69604,Flow,1436
52.4206,4.69257,Flow,1437
52.422,4.69025,Flow,1438
52.4238,4.68702,Flow,1439
52.4256,4.68405,Flow,1440
52.4277,4.68124,Flow,1441
52.4299,4.67881,Flow,1442
52.4328,4.67581,Flow,1443
52.4341,4.67445,Flow,1444
52.436,4.67248,Flow,1445
52.4388,4.6698,Flow,1446
52.4421,4.66773,Flow,1447
52.4453,4.6669,Flow,1448
52.4498,4.66725,Flow,1449
52.4524,4.66824,Flow,1450
52.3244,5.0047,Flow,1451
52.3201,5.00083,Flow,1452
52.3181,4.99759,Flow,1453
52.3161,4.99376,Flow,1454
52.3141,4.98891,Flow,1455
52.312,4.98298,Flow,1456
52.3103,4.97789,Flow,1457
52.3079,4.97089,Flow,1458
52.3019,4.95333,Flow,1459
52.2988,4.94374,Flow,1460
52.299,4.94093,Flow,1461
52.2974,4.93587,Flow,1462
52.2863,4.93412,Flow,1463
52.2869,4.92617,Flow,1464
52.288,4.918,Flow,1465
52.2896,4.90932,Flow,1466
52.2917,4.9011,Flow,1467
52.2942,4.89325,Flow,1468
52.2953,4.88862,Flow,1469
52.2963,4.88237,Flow,1470
52.2974,4.87478,Flow,1471
52.299,4.86688,Flow,1472
52.3004,4.86127,Flow,1473
52.3018,4.85514,Flow,1474
52.3043,4.84664,Flow,1475
52.3049,4.84155,Flow,1476
52.3063,4.83313,Flow,1477
52.3083,4.82517,Flow,1478
52.3106,4.81942,Flow,1479
52.3138,4.81433,Flow,1480
52.3165,4.81107,Flow,1481
52.3198,4.80811,Flow,1482
52.3213,4.80671,Flow,1483
52.3231,4.80478,Flow,1484
52.3284,4.79573,Flow,1485
52.3312,4.79048,Flow,1486
52.3349,4.78361,Flow,1487
52.3368,4.77985,Flow,1488
52.3385,4.77675,Flow,1489
52.3415,4.77002,Flow,1490
52.3443,4.76418,Flow,1491
52.3479,4.75694,Flow,1492
52.3501,4.75277,Flow,1493
52.3523,4.74868,Flow,1494
52.3545,4.74463,Flow,1495
52.3565,4.74094,Flow,1496
52.3584,4.7374,Flow,1497
52.3601,4.7342,Flow,1498
52.3615,4.7316,Flow,1499
52.363,4.7288,Flow,1500
52.3645,4.72598,Flow,1501
52.3667,4.72193,Flow,1502
52.3689,4.71791,Flow,1503
52.3704,4.71504,Flow,1504
52.3719,4.71232,Flow,1505
52.3749,4.70908,Flow,1506
52.3778,4.70863,Flow,1507
52.3795,4.70834,Flow,1508
52.3835,4.70771,Flow,1509
52.3883,4.70693,Flow,1510
52.3921,4.70636,Flow,1511
52.3936,4.70608,Flow,1512
52.3975,4.70543,Flow,1513
52.4021,4.70468,Flow,1514
52.406,4.7032,Flow,1515
52.4086,4.70184,Flow,1516
52.4111,4.70049,Flow,1517
52.4137,4.69911,Flow,1518
52.4178,4.69617,Flow,1519
52.4193,4.69454,Flow,1520
52.4221,4.69039,Flow,1521
52.4239,4.68716,Flow,1522
52.4256,4.68419,Flow,1523
52.4278,4.6814,Flow,1524
52.43,4.67896,Flow,1525
52.4329,4.67596,Flow,1526
52.436,4.67263,Flow,1527
52.4388,4.67001,Flow,1528
52.4422,4.66797,Flow,1529
52.4453,4.66709,Flow,1530
52.4484,4.66718,Flow,1531
52.4498,4.66746,Flow,1532
52.4524,4.66845,Flow,1533
52.3367,4.9403,Flow,1534
52.3329,4.92962,Flow,1535
52.3345,4.89644,Flow,1536
52.3386,4.86286,Flow,1537
52.3402,4.95125,Flow,1538
52.3357,4.93789,Flow,1539
52.3326,4.92789,Flow,1540
52.3351,4.89446,Flow,1541
52.3389,4.8601,Flow,1542
52.3389,4.94956,Flow,1543
52.3354,4.9382,Flow,1544
52.3318,4.92873,Flow,1545
52.3377,4.85904,Flow,1546
52.3414,4.95393,Flow,1547
52.3366,4.94118,Flow,1548
52.3327,4.93026,Flow,1549
52.3338,4.89546,Flow,1550
52.4066,4.8556,Flow,1551
52.409,4.85872,Flow,1552
52.4112,4.86094,Flow,1553
52.4124,4.86212,Flow,1554
52.4134,4.86304,Flow,1555
52.4147,4.86425,Flow,1556
52.414,4.86362,Flow,1557
52.4159,4.86541,Flow,1558
52.4172,4.86663,Flow,1559
52.4195,4.86881,Flow,1560
52.4207,4.87015,Flow,1561
52.3528,4.96288,Flow,1562
52.3966,4.8449,Flow,1563
52.4,4.84816,Flow,1564
52.4031,4.85189,Flow,1565
52.4047,4.85376,Flow,1566
52.407,4.8567,Flow,1567
52.4097,4.86008,Flow,1568
52.4113,4.86165,Flow,1569
52.4124,4.86277,Flow,1570
52.4132,4.86349,Flow,1571
52.414,4.86426,Flow,1572
52.4146,4.86481,Flow,1573
52.4154,4.86558,Flow,1574
52.4161,4.86631,Flow,1575
52.4191,4.86923,Flow,1576
52.4202,4.87045,Flow,1577
52.422,4.87427,Flow,1578
52.426,4.87504,Flow,1579
52.4295,4.87075,Flow,1580
52.4311,4.86889,Flow,1581
52.3965,4.84484,Flow,1582
52.4202,4.87039,Flow,1583
52.3283,4.90703,Flow,1584
52.3303,4.90281,Flow,1585
52.339,4.83084,Flow,1586
52.3393,4.83906,Flow,1587
52.4265,4.87457,Flow,1588
52.425,4.88508,Flow,1589
52.4253,4.88955,Flow,1590
52.353,4.96392,Flow,1591
52.3512,4.96166,Flow,1592
52.3494,4.96486,Flow,1593
52.329,4.91768,Flow,1594
52.3294,4.91341,Flow,1595
52.3267,4.91104,Flow,1596
52.4221,4.90477,Flow,1597
52.4197,4.90999,Flow,1598
52.4176,4.91538,Flow,1599
52.4149,4.92197,Flow,1600
52.4115,4.92882,Flow,1601
52.4074,4.93925,Flow,1602
52.4051,4.94689,Flow,1603
52.4038,4.94981,Flow,1604
52.4002,4.95657,Flow,1605
52.3959,4.9619,Flow,1606
52.3922,4.9651,Flow,1607
52.389,4.9678,Flow,1608
52.3861,4.97019,Flow,1609
52.3836,4.97188,Flow,1610
52.3813,4.97305,Flow,1611
52.3771,4.9741,Flow,1612
52.3753,4.97421,Flow,1613
52.3736,4.97419,Flow,1614
52.3724,4.97401,Flow,1615
52.3708,4.97358,Flow,1616
52.3691,4.97305,Flow,1617
52.3658,4.97142,Flow,1618
52.3629,4.96987,Flow,1619
52.3595,4.96798,Flow,1620
52.3564,4.96622,Flow,1621
52.3533,4.96443,Flow,1622
52.351,4.96273,Flow,1623
52.3467,4.95865,Flow,1624
52.3437,4.95576,Flow,1625
52.3399,4.95146,Flow,1626
52.339,4.94955,Flow,1627
52.3376,4.94455,Flow,1628
52.3362,4.93976,Flow,1629
52.3355,4.93812,Flow,1630
52.3337,4.9331,Flow,1631
52.3322,4.92853,Flow,1632
52.3303,4.92323,Flow,1633
52.3288,4.91824,Flow,1634
52.3285,4.91079,Flow,1635
52.3303,4.90286,Flow,1636
52.3322,4.8989,Flow,1637
52.3353,4.89247,Flow,1638
52.3381,4.88618,Flow,1639
52.3386,4.87777,Flow,1640
52.3384,4.87125,Flow,1641
52.3381,4.86294,Flow,1642
52.3378,4.85905,Flow,1643
52.3374,4.85124,Flow,1644
52.3372,4.84651,Flow,1645
52.3386,4.84158,Flow,1646
52.3413,4.84093,Flow,1647
52.3444,4.84088,Flow,1648
52.3469,4.84088,Flow,1649
52.3508,4.84225,Flow,1650
52.3534,4.84249,Flow,1651
52.358,4.84238,Flow,1652
52.3629,4.84221,Flow,1653
52.3657,4.84213,Flow,1654
52.3704,4.84202,Flow,1655
52.3758,4.84309,Flow,1656
52.3794,4.84447,Flow,1657
52.3832,4.84455,Flow,1658
52.3881,4.84429,Flow,1659
52.3922,4.84399,Flow,1660
52.3971,4.84467,Flow,1661
52.4001,4.84764,Flow,1662
52.4031,4.85131,Flow,1663
52.4047,4.85321,Flow,1664
52.4066,4.85584,Flow,1665
52.4089,4.85878,Flow,1666
52.4111,4.86105,Flow,1667
52.4123,4.86224,Flow,1668
52.4133,4.86317,Flow,1669
52.4146,4.86437,Flow,1670
52.4139,4.86374,Flow,1671
52.4158,4.86553,Flow,1672
52.4171,4.86678,Flow,1673
52.4194,4.86902,Flow,1674
52.4206,4.87041,Flow,1675
52.4228,4.87494,Flow,1676
52.4234,4.87731,Flow,1677
52.4249,4.88505,Flow,1678
52.4187,4.91172,Flow,1679
52.4159,4.91924,Flow,1680
52.4122,4.92699,Flow,1681
52.4094,4.93263,Flow,1682
52.4073,4.93909,Flow,1683
52.4061,4.94349,Flow,1684
52.403,4.95113,Flow,1685
52.3993,4.9576,Flow,1686
52.3948,4.96259,Flow,1687
52.3914,4.96546,Flow,1688
52.3901,4.96667,Flow,1689
52.3881,4.96835,Flow,1690
52.3861,4.96999,Flow,1691
52.3833,4.97188,Flow,1692
52.3813,4.97276,Flow,1693
52.3771,4.9739,Flow,1694
52.3762,4.974,Flow,1695
52.3748,4.97405,Flow,1696
52.3736,4.97401,Flow,1697
52.3724,4.97385,Flow,1698
52.3708,4.97343,Flow,1699
52.3693,4.97292,Flow,1700
52.3658,4.97122,Flow,1701
52.3614,4.9688,Flow,1702
52.3563,4.96592,Flow,1703
52.3551,4.96522,Flow,1704
52.353,4.96395,Flow,1705
52.349,4.96068,Flow,1706
52.345,4.95667,Flow,1707
52.3413,4.95321,Flow,1708
52.34,4.95128,Flow,1709
52.3382,4.94629,Flow,1710
52.3376,4.94362,Flow,1711
52.3364,4.93974,Flow,1712
52.3349,4.93579,Flow,1713
52.3339,4.93292,Flow,1714
52.3323,4.92828,Flow,1715
52.3314,4.92567,Flow,1716
52.3299,4.92138,Flow,1717
52.3285,4.91551,Flow,1718
52.3295,4.90731,Flow,1719
52.3323,4.90058,Flow,1720
52.3339,4.8976,Flow,1721
52.3362,4.89329,Flow,1722
52.3387,4.88811,Flow,1723
52.3397,4.88084,Flow,1724
52.3395,4.87426,Flow,1725
52.3392,4.86728,Flow,1726
52.3389,4.8621,Flow,1727
52.3385,4.85447,Flow,1728
52.3383,4.85033,Flow,1729
52.3381,4.84459,Flow,1730
52.3417,4.84148,Flow,1731
52.3455,4.84111,Flow,1732
52.3508,4.84251,Flow,1733
52.354,4.84272,Flow,1734
52.358,4.8426,Flow,1735
52.3629,4.84248,Flow,1736
52.3678,4.84232,Flow,1737
52.3719,4.84221,Flow,1738
52.3759,4.84333,Flow,1739
52.3799,4.84484,Flow,1740
52.3832,4.84478,Flow,1741
52.3857,4.84465,Flow,1742
52.3881,4.84451,Flow,1743
52.3923,4.84431,Flow,1744
52.3959,4.84504,Flow,1745
52.3983,4.84685,Flow,1746
52.3998,4.84869,Flow,1747
52.4029,4.85225,Flow,1748
52.4044,4.8539,Flow,1749
52.4069,4.85694,Flow,1750
52.4097,4.86032,Flow,1751
52.4114,4.86205,Flow,1752
52.4126,4.86321,Flow,1753
52.4134,4.86393,Flow,1754
52.414,4.86452,Flow,1755
52.4146,4.86508,Flow,1756
52.4154,4.86587,Flow,1757
52.4162,4.86661,Flow,1758
52.4179,4.86826,Flow,1759
52.4201,4.87079,Flow,1760
52.4217,4.87482,Flow,1761
52.4243,4.88199,Flow,1762
52.425,4.89042,Flow,1763
52.4237,4.89955,Flow,1764
52.4389,4.66951,Flow,1765
52.4404,4.66793,Flow,1766
52.4442,4.66394,Flow,1767
52.3259,5.06613,Flow,1768
52.3219,5.08078,Flow,1769
52.2923,4.942,Flow,1770
52.2794,4.95376,Flow,1771
52.2726,4.95794,Flow,1772
52.2674,4.96049,Flow,1773
52.3286,4.79537,Flow,1774
52.3262,4.80032,Flow,1775
52.3748,4.97422,Flow,1776
52.4032,4.85107,Flow,1777
52.4036,4.85335,Flow,1778
52.3398,4.6358,Speed,1779
52.3326,4.64281,Speed,1780
52.3322,4.6438,Speed,1781
52.3164,4.68152,Speed,1782
52.3085,4.70949,Speed,1783
52.2848,4.73054,Speed,1784
52.2849,4.73065,Speed,1785
52.2578,4.77092,Speed,1786
52.4522,4.67637,Speed,1787
52.4301,4.73391,Speed,1788
52.3704,4.67406,Speed,1789
52.3702,4.67607,Speed,1790
52.3513,4.69689,Speed,1791
52.4188,4.64372,Speed,1792
52.4187,4.64372,Speed,1793
52.4319,4.64746,Speed,1794
52.432,4.64708,Speed,1795
52.2563,4.78288,Speed,1796
52.2685,4.80288,Speed,1797
52.3026,4.81213,Speed,1798
52.3699,4.67941,Speed,1799
52.3647,4.71708,Speed,1800
52.3522,4.74063,Speed,1801
52.3309,4.78027,Speed,1802
52.3063,4.83181,Speed,1803
52.3062,4.83182,Speed,1804
52.4245,4.95108,Speed,1805
52.312,4.99871,Speed,1806
52.3032,5.01688,Speed,1807
52.3025,5.02918,Speed,1808
52.2958,5.05763,Speed,1809
52.2912,5.07479,Speed,1810
52.4404,4.73456,Speed,1811
52.424,4.96383,Speed,1812
52.4225,4.96168,Speed,1813
52.4438,5.01806,Speed,1814
52.431,4.85558,Speed,1815
52.4325,4.87414,Speed,1816
52.4388,5.05085,Speed,1817
52.3634,4.73595,Speed,1818
52.2581,4.82868,Speed,1819
52.2985,4.89119,Speed,1820
52.3027,4.91816,Speed,1821
52.2777,5.05173,Speed,1822
52.2733,4.78438,Speed,1823
52.2734,4.7847,Speed,1824
52.2788,4.7277,Speed,1825
52.2963,4.79303,Speed,1826
52.2962,4.79335,Speed,1827
52.3013,4.79713,Speed,1828
52.2865,4.75879,Speed,1829
52.2867,4.75849,Speed,1830
52.2567,4.8192,Speed,1831
52.2569,4.81936,Speed,1832
52.301,4.93601,Speed,1833
52.3317,5.00493,Speed,1834
52.3276,5.0607,Speed,1835
52.3276,5.06072,Speed,1836
52.328,5.06081,Speed,1837
52.3852,4.71479,Speed,1838
52.3852,4.7148,Speed,1839
52.4165,4.91749,Speed,1840
52.4168,4.91778,Speed,1841
52.3384,4.94814,Speed,1842
52.2881,4.91726,Speed,1843
52.2881,4.91733,Speed,1844
52.2964,4.88221,Speed,1845
52.2971,4.87495,Speed,1846
52.2971,4.87494,Speed,1847
52.3529,4.84231,Speed,1848
52.3529,4.84236,Speed,1849
52.3759,4.84319,Speed,1850
52.339,4.82655,Speed,1851
52.339,4.82659,Speed,1852
52.2819,4.95108,Speed,1853
52.2819,4.95105,Speed,1854
52.2825,4.95158,Speed,1855
52.2825,4.95157,Speed,1856
52.3224,4.91495,Speed,1857
52.4029,4.85213,Speed,1858
52.4025,4.85188,Speed,1859
52.4029,4.85128,Speed,1860
52.4059,4.85458,Speed,1861
52.3222,4.9143,Speed,1862
52.4457,4.65433,Speed,1863
52.4483,4.65491,Speed,1864
52.3454,4.97708,Speed,1865
52.3391,4.98616,Speed,1866
52.3359,4.99184,Speed,1867
52.3273,5.06081,Speed,1868
52.3364,4.99242,Speed,1869
52.3449,4.97901,Speed,1870
52.3394,4.98661,Speed,1871
52.3326,5.00333,Speed,1872
52.3295,5.00511,Speed,1873
52.3506,4.9656,Speed,1874
52.3297,5.00532,Speed,1875
52.3315,5.00505,Speed,1876
52.3343,5.00444,Speed,1877
52.3331,5.00383,Speed,1878
52.3364,4.99206,Speed,1879
52.3346,4.99734,Speed,1880
52.3348,4.99577,Speed,1881
52.3337,4.9995,Speed,1882
52.333,5.00282,Speed,1883
52.3325,5.00666,Speed,1884
52.3324,5.01117,Speed,1885
52.3325,5.01717,Speed,1886
52.3324,5.0227,Speed,1887
52.3322,5.02722,Speed,1888
52.3322,5.03038,Speed,1889
52.3322,5.03269,Speed,1890
52.3321,5.0349,Speed,1891
52.3321,5.03898,Speed,1892
52.3321,5.04343,Speed,1893
52.3317,5.04771,Speed,1894
52.3311,5.05064,Speed,1895
52.3303,5.05311,Speed,1896
52.3295,5.05572,Speed,1897
52.3278,5.06069,Speed,1898
52.3269,5.06342,Speed,1899
52.3261,5.06621,Speed,1900
52.3252,5.06919,Speed,1901
52.3243,5.07275,Speed,1902
52.323,5.07715,Speed,1903
52.3213,5.08009,Speed,1904
52.3208,5.085,Speed,1905
52.3199,5.08791,Speed,1906
52.319,5.09122,Speed,1907
52.3361,4.99245,Speed,1908
52.333,5.00315,Speed,1909
52.3325,5.00659,Speed,1910
52.3324,5.01103,Speed,1911
52.3322,5.03039,Speed,1912
52.3322,5.03054,Speed,1913
52.3289,5.05741,Speed,1914
52.3242,5.07315,Speed,1915
52.3225,5.08147,Speed,1916
52.3437,4.95523,Speed,1917
52.3469,4.95834,Speed,1918
52.3502,4.96085,Speed,1919
52.3516,4.96592,Speed,1920
52.3488,4.96995,Speed,1921
52.3474,4.97359,Speed,1922
52.3457,4.97747,Speed,1923
52.3432,4.9815,Speed,1924
52.3393,4.98649,Speed,1925
52.3373,4.98989,Speed,1926
52.3362,4.99217,Speed,1927
52.3344,4.99724,Speed,1928
52.3337,4.99994,Speed,1929
52.333,5.00377,Speed,1930
52.3327,5.00695,Speed,1931
52.3325,5.01113,Speed,1932
52.3324,5.02555,Speed,1933
52.3323,5.03061,Speed,1934
52.3323,5.035,Speed,1935
52.3322,5.04359,Speed,1936
52.3311,5.0508,Speed,1937
52.3289,5.05766,Speed,1938
52.3278,5.06105,Speed,1939
52.3261,5.06644,Speed,1940
52.3253,5.06934,Speed,1941
52.3243,5.07324,Speed,1942
52.3231,5.07721,Speed,1943
52.3221,5.08093,Speed,1944
52.3202,5.08733,Speed,1945
52.3191,5.09122,Speed,1946
52.3472,4.95946,Speed,1947
52.3502,4.9642,Speed,1948
52.3478,4.97186,Speed,1949
52.3467,4.97452,Speed,1950
52.3431,4.98128,Speed,1951
52.3406,4.98437,Speed,1952
52.3372,4.98975,Speed,1953
52.3361,4.99199,Speed,1954
52.3346,4.99584,Speed,1955
52.3335,4.99982,Speed,1956
52.3328,5.0036,Speed,1957
52.3324,5.00719,Speed,1958
52.3323,5.01135,Speed,1959
52.3324,5.01736,Speed,1960
52.3322,5.0267,Speed,1961
52.332,5.0349,Speed,1962
52.332,5.04346,Speed,1963
52.3309,5.05069,Speed,1964
52.3293,5.05577,Speed,1965
52.3277,5.06069,Speed,1966
52.3257,5.06705,Speed,1967
52.3251,5.06911,Speed,1968
52.324,5.07308,Speed,1969
52.3229,5.07707,Speed,1970
52.3216,5.08163,Speed,1971
52.3199,5.08778,Speed,1972
52.312,4.92352,Speed,1973
52.2648,4.96181,Speed,1974
52.3086,4.92716,Speed,1975
52.3122,4.92395,Speed,1976
52.2648,4.96425,Speed,1977
52.2867,4.94175,Speed,1978
52.2864,4.93436,Speed,1979
52.3289,4.91899,Speed,1980
52.2955,4.9408,Speed,1981
52.2965,4.93786,Speed,1982
52.297,4.94163,Speed,1983
52.33,4.90615,Speed,1984
52.3302,4.91131,Speed,1985
52.3259,4.91417,Speed,1986
52.3241,4.91433,Speed,1987
52.3215,4.91519,Speed,1988
52.2825,4.95212,Speed,1989
52.2988,4.93672,Speed,1990
52.2907,4.94305,Speed,1991
52.2873,4.94668,Speed,1992
52.2854,4.94838,Speed,1993
52.3023,4.93445,Speed,1994
52.2993,4.93727,Speed,1995
52.2936,4.94224,Speed,1996
52.2921,4.94348,Speed,1997
52.3261,4.91372,Speed,1998
52.3215,4.91507,Speed,1999
52.3187,4.91699,Speed,2000
52.3163,4.9194,Speed,2001
52.3144,4.92142,Speed,2002
52.3107,4.92547,Speed,2003
52.3087,4.92756,Speed,2004
52.3089,4.92728,Speed,2005
52.3058,4.9306,Speed,2006
52.3023,4.9341,Speed,2007
52.2992,4.93698,Speed,2008
52.2956,4.94007,Speed,2009
52.2897,4.94523,Speed,2010
52.2872,4.94739,Speed,2011
52.2857,4.94866,Speed,2012
52.2825,4.95129,Speed,2013
52.2826,4.95123,Speed,2014
52.2792,4.95392,Speed,2015
52.2742,4.95768,Speed,2016
52.2692,4.96036,Speed,2017
52.2641,4.96326,Speed,2018
52.259,4.96597,Speed,2019
52.3307,4.91276,Speed,2020
52.3286,4.9131,Speed,2021
52.3266,4.91343,Speed,2022
52.3223,4.91443,Speed,2023
52.3181,4.91717,Speed,2024
52.3158,4.91954,Speed,2025
52.3136,4.92196,Speed,2026
52.3121,4.92363,Speed,2027
52.3086,4.9273,Speed,2028
52.3053,4.93073,Speed,2029
52.303,4.9331,Speed,2030
52.2991,4.93683,Speed,2031
52.2952,4.94027,Speed,2032
52.2896,4.94503,Speed,2033
52.2859,4.94817,Speed,2034
52.2819,4.95132,Speed,2035
52.2773,4.95468,Speed,2036
52.2724,4.95809,Speed,2037
52.2672,4.96064,Speed,2038
52.2649,4.962,Speed,2039
52.2625,4.96349,Speed,2040
52.3389,4.81792,Speed,2041
52.2862,4.72245,Speed,2042
52.2749,4.70633,Speed,2043
52.3362,4.8075,Speed,2044
52.337,4.81111,Speed,2045
52.2804,4.71741,Speed,2046
52.2731,4.70664,Speed,2047
52.3381,4.81698,Speed,2048
52.3308,4.79683,Speed,2049
52.3266,4.79285,Speed,2050
52.3379,4.84096,Speed,2051
52.3376,4.83581,Speed,2052
52.3378,4.83476,Speed,2053
52.29,4.73044,Speed,2054
52.3317,4.8002,Speed,2055
52.3302,4.79736,Speed,2056
52.3081,4.74783,Speed,2057
52.3168,4.75342,Speed,2058
52.2947,4.73555,Speed,2059
52.2932,4.73238,Speed,2060
52.2897,4.7279,Speed,2061
52.2875,4.72489,Speed,2062
52.2852,4.72173,Speed,2063
52.2821,4.71728,Speed,2064
52.2786,4.71226,Speed,2065
52.2766,4.7094,Speed,2066
52.2738,4.70541,Speed,2067
52.2713,4.70188,Speed,2068
52.2694,4.69936,Speed,2069
52.3297,4.79826,Speed,2070
52.2936,4.73472,Speed,2071
52.2919,4.73297,Speed,2072
52.2899,4.73093,Speed,2073
52.288,4.72724,Speed,2074
52.2864,4.72487,Speed,2075
52.2843,4.72182,Speed,2076
52.2811,4.71732,Speed,2077
52.2791,4.71452,Speed,2078
52.2768,4.71117,Speed,2079
52.2736,4.70652,Speed,2080
52.2717,4.70384,Speed,2081
52.2718,4.70393,Speed,2082
52.3377,4.83897,Speed,2083
52.3382,4.83486,Speed,2084
52.3382,4.82938,Speed,2085
52.3383,4.82358,Speed,2086
52.3383,4.817,Speed,2087
52.3372,4.81101,Speed,2088
52.3352,4.80713,Speed,2089
52.3335,4.80434,Speed,2090
52.3298,4.79805,Speed,2091
52.3279,4.79366,Speed,2092
52.3264,4.78804,Speed,2093
52.3249,4.7768,Speed,2094
52.3243,4.77201,Speed,2095
52.3244,4.77271,Speed,2096
52.3235,4.76659,Speed,2097
52.3236,4.76701,Speed,2098
52.3222,4.76165,Speed,2099
52.3206,4.75823,Speed,2100
52.3185,4.75519,Speed,2101
52.3172,4.75379,Speed,2102
52.316,4.75277,Speed,2103
52.3148,4.75193,Speed,2104
52.3135,4.75109,Speed,2105
52.3121,4.75021,Speed,2106
52.3083,4.74806,Speed,2107
52.3041,4.7454,Speed,2108
52.3014,4.74368,Speed,2109
52.2986,4.74153,Speed,2110
52.2982,4.7411,Speed,2111
52.2961,4.73837,Speed,2112
52.2958,4.73793,Speed,2113
52.2936,4.73467,Speed,2114
52.2916,4.73189,Speed,2115
52.2897,4.72917,Speed,2116
52.2886,4.72749,Speed,2117
52.2854,4.72291,Speed,2118
52.2828,4.71926,Speed,2119
52.2793,4.7142,Speed,2120
52.2753,4.70843,Speed,2121
52.2719,4.70356,Speed,2122
52.2685,4.69876,Speed,2123
52.2685,4.69881,Speed,2124
52.2643,4.69276,Speed,2125
52.2615,4.6886,Speed,2126
52.2589,4.6849,Speed,2127
52.3385,4.84191,Speed,2128
52.3389,4.8386,Speed,2129
52.3389,4.8309,Speed,2130
52.3389,4.82371,Speed,2131
52.3388,4.82007,Speed,2132
52.3387,4.81615,Speed,2133
52.3379,4.81163,Speed,2134
52.3361,4.80752,Speed,2135
52.3341,4.80429,Speed,2136
52.3317,4.80022,Speed,2137
52.3299,4.79712,Speed,2138
52.3269,4.78742,Speed,2139
52.3261,4.78288,Speed,2140
52.3252,4.77674,Speed,2141
52.3238,4.76643,Speed,2142
52.322,4.76066,Speed,2143
52.3207,4.75797,Speed,2144
52.3187,4.75495,Speed,2145
52.3174,4.75352,Speed,2146
52.3167,4.75293,Speed,2147
52.3155,4.75198,Speed,2148
52.3143,4.7512,Speed,2149
52.3116,4.74951,Speed,2150
52.3083,4.74781,Speed,2151
52.3062,4.74641,Speed,2152
52.3036,4.74479,Speed,2153
52.3011,4.74325,Speed,2154
52.2991,4.74154,Speed,2155
52.2965,4.73839,Speed,2156
52.2946,4.73566,Speed,2157
52.2928,4.73316,Speed,2158
52.2905,4.72989,Speed,2159
52.2888,4.72738,Speed,2160
52.2853,4.72226,Speed,2161
52.2812,4.7165,Speed,2162
52.2791,4.71345,Speed,2163
52.2765,4.70972,Speed,2164
52.2727,4.7043,Speed,2165
52.2694,4.69953,Speed,2166
52.2673,4.69657,Speed,2167
52.2646,4.69262,Speed,2168
52.2616,4.68833,Speed,2169
52.2588,4.6843,Speed,2170
52.393,4.77836,Speed,2171
52.354,4.73811,Speed,2172
52.3537,4.74525,Speed,2173
52.36,4.74189,Speed,2174
52.3533,4.73777,Speed,2175
52.3518,4.73741,Speed,2176
52.3538,4.74017,Speed,2177
52.3558,4.74296,Speed,2178
52.3583,4.74232,Speed,2179
52.3594,4.73941,Speed,2180
52.36,4.7351,Speed,2181
52.3613,4.73228,Speed,2182
52.3625,4.73007,Speed,2183
52.3572,4.73881,Speed,2184
52.3559,4.73842,Speed,2185
52.3494,4.73586,Speed,2186
52.352,4.73673,Speed,2187
52.3558,4.73882,Speed,2188
52.3597,4.74212,Speed,2189
52.2912,4.72932,Speed,2190
52.2934,4.73058,Speed,2191
52.2955,4.73096,Speed,2192
52.2893,4.72786,Speed,2193
52.2911,4.72991,Speed,2194
52.2935,4.73112,Speed,2195
52.2955,4.73105,Speed,2196
52.2981,4.73108,Speed,2197
52.3,4.73125,Speed,2198
52.3025,4.73147,Speed,2199
52.3045,4.73166,Speed,2200
52.3068,4.73186,Speed,2201
52.3098,4.73214,Speed,2202
52.3133,4.73247,Speed,2203
52.3161,4.73272,Speed,2204
52.3186,4.73295,Speed,2205
52.3227,4.73332,Speed,2206
52.3251,4.73354,Speed,2207
52.328,4.73381,Speed,2208
52.3339,4.73436,Speed,2209
52.3367,4.73462,Speed,2210
52.3394,4.7348,Speed,2211
52.3421,4.73505,Speed,2212
52.3455,4.73537,Speed,2213
52.3493,4.73602,Speed,2214
52.3519,4.73693,Speed,2215
52.3559,4.73918,Speed,2216
52.3596,4.74242,Speed,2217
52.3639,4.74783,Speed,2218
52.3664,4.75255,Speed,2219
52.3681,4.7563,Speed,2220
52.3716,4.76287,Speed,2221
52.3754,4.76633,Speed,2222
52.3801,4.7677,Speed,2223
52.385,4.76773,Speed,2224
52.3895,4.7703,Speed,2225
52.3914,4.7731,Speed,2226
52.3933,4.77967,Speed,2227
52.3935,4.78342,Speed,2228
52.3935,4.78829,Speed,2229
52.3935,4.79304,Speed,2230
52.3935,4.79851,Speed,2231
52.3931,4.80575,Speed,2232
52.3922,4.81235,Speed,2233
52.3919,4.82006,Speed,2234
52.3919,4.82785,Speed,2235
52.3923,4.83604,Speed,2236
52.3952,4.84229,Speed,2237
52.3998,4.84764,Speed,2238
52.4016,4.84988,Speed,2239
52.4032,4.85171,Speed,2240
52.2927,4.73206,Speed,2241
52.2956,4.73129,Speed,2242
52.2982,4.7313,Speed,2243
52.3001,4.73147,Speed,2244
52.3026,4.73169,Speed,2245
52.3046,4.73188,Speed,2246
52.3068,4.73209,Speed,2247
52.31,4.73237,Speed,2248
52.3134,4.73269,Speed,2249
52.3162,4.73293,Speed,2250
52.3187,4.73317,Speed,2251
52.3227,4.73355,Speed,2252
52.3252,4.73377,Speed,2253
52.328,4.73403,Speed,2254
52.334,4.73458,Speed,2255
52.3368,4.73482,Speed,2256
52.3394,4.73504,Speed,2257
52.3421,4.73531,Speed,2258
52.3455,4.73564,Speed,2259
52.3495,4.7363,Speed,2260
52.3519,4.73709,Speed,2261
52.3559,4.73933,Speed,2262
52.3597,4.74274,Speed,2263
52.364,4.74844,Speed,2264
52.3663,4.75247,Speed,2265
52.368,4.75642,Speed,2266
52.3715,4.76299,Speed,2267
52.3754,4.76659,Speed,2268
52.3802,4.76789,Speed,2269
52.385,4.76795,Speed,2270
52.3895,4.77055,Speed,2271
52.3913,4.77319,Speed,2272
52.3932,4.77973,Speed,2273
52.3933,4.78376,Speed,2274
52.3933,4.7886,Speed,2275
52.3933,4.79333,Speed,2276
52.3934,4.7988,Speed,2277
52.393,4.80604,Speed,2278
52.3921,4.81263,Speed,2279
52.3918,4.82017,Speed,2280
52.3918,4.82785,Speed,2281
52.3922,4.83595,Speed,2282
52.395,4.84208,Speed,2283
52.3997,4.84813,Speed,2284
52.4013,4.85004,Speed,2285
52.4527,4.84426,Speed,2286
52.4275,4.87201,Speed,2287
52.4234,4.87434,Speed,2288
52.4276,4.87219,Speed,2289
52.4229,4.87445,Speed,2290
52.4522,4.84558,Speed,2291
52.4242,4.88239,Speed,2292
52.426,4.87429,Speed,2293
52.4316,4.86802,Speed,2294
52.4345,4.86481,Speed,2295
52.4372,4.86183,Speed,2296
52.4399,4.85888,Speed,2297
52.4428,4.85561,Speed,2298
52.4473,4.85054,Speed,2299
52.4505,4.84706,Speed,2300
52.4221,4.87501,Speed,2301
52.426,4.87581,Speed,2302
52.43,4.87043,Speed,2303
52.4317,4.86852,Speed,2304
52.4352,4.86453,Speed,2305
52.4376,4.8618,Speed,2306
52.4399,4.85921,Speed,2307
52.443,4.85571,Speed,2308
52.4475,4.85064,Speed,2309
52.4507,4.84716,Speed,2310
52.4521,4.84551,Speed,2311
52.3339,4.99969,Speed,2312
52.31,4.97681,Speed,2313
52.3444,4.7662,Speed,2314
52.3811,4.70829,Speed,2315
52.3065,4.96652,Speed,2316
52.3002,4.94823,Speed,2317
52.3883,4.70714,Speed,2318
52.3133,4.98711,Speed,2319
52.307,4.96941,Speed,2320
52.2981,4.86995,Speed,2321
52.3454,4.76151,Speed,2322
52.3883,4.70654,Speed,2323
52.314,4.98925,Speed,2324
52.3086,4.97439,Speed,2325
52.3435,4.76531,Speed,2326
52.4442,4.666,Speed,2327
52.3293,4.79916,Speed,2328
52.3554,4.74339,Speed,2329
52.3596,4.74304,Speed,2330
52.3323,5.00757,Speed,2331
52.3285,5.00591,Speed,2332
52.3611,4.73204,Speed,2333
52.3546,4.73693,Speed,2334
52.3579,4.73516,Speed,2335
52.3603,4.73283,Speed,2336
52.3524,4.74878,Speed,2337
52.3542,4.74551,Speed,2338
52.3554,4.74331,Speed,2339
52.3587,4.73846,Speed,2340
52.3539,4.74554,Speed,2341
52.3599,4.7432,Speed,2342
52.356,4.73981,Speed,2343
52.3284,4.79623,Speed,2344
52.3313,4.79067,Speed,2345
52.3287,4.79479,Speed,2346
52.331,4.79034,Speed,2347
52.3511,4.75029,Speed,2348
52.3539,4.74509,Speed,2349
52.3574,4.73848,Speed,2350
52.3586,4.73628,Speed,2351
52.3604,4.73295,Speed,2352
52.3729,4.71035,Speed,2353
52.3342,4.99887,Speed,2354
52.3325,5.00514,Speed,2355
52.3284,5.00568,Speed,2356
52.3243,5.00488,Speed,2357
52.3216,5.0029,Speed,2358
52.3192,4.99986,Speed,2359
52.316,4.99387,Speed,2360
52.314,4.98905,Speed,2361
52.3124,4.98458,Speed,2362
52.3101,4.97794,Speed,2363
52.3077,4.97081,Speed,2364
52.3038,4.95942,Speed,2365
52.2989,4.9452,Speed,2366
52.286,4.93854,Speed,2367
52.2861,4.93402,Speed,2368
52.2864,4.92979,Speed,2369
52.2867,4.92689,Speed,2370
52.2878,4.91787,Speed,2371
52.2895,4.90922,Speed,2372
52.2916,4.90095,Speed,2373
52.294,4.89312,Speed,2374
52.2952,4.88856,Speed,2375
52.2962,4.88222,Speed,2376
52.2972,4.87467,Speed,2377
52.2989,4.86682,Speed,2378
52.2995,4.86424,Speed,2379
52.3002,4.86127,Speed,2380
52.3017,4.8551,Speed,2381
52.3036,4.8493,Speed,2382
52.3048,4.84153,Speed,2383
52.3062,4.83315,Speed,2384
52.3076,4.82705,Speed,2385
52.3105,4.8193,Speed,2386
52.3137,4.81412,Speed,2387
52.3164,4.8109,Speed,2388
52.3197,4.80791,Speed,2389
52.3211,4.80667,Speed,2390
52.3228,4.80473,Speed,2391
52.3292,4.79406,Speed,2392
52.3311,4.79047,Speed,2393
52.3325,4.78786,Speed,2394
52.3347,4.78358,Speed,2395
52.3364,4.78044,Speed,2396
52.3384,4.77667,Speed,2397
52.3414,4.77008,Speed,2398
52.3441,4.76421,Speed,2399
52.346,4.76039,Speed,2400
52.3483,4.75576,Speed,2401
52.3512,4.75041,Speed,2402
52.354,4.74523,Speed,2403
52.3576,4.73862,Speed,2404
52.3588,4.73642,Speed,2405
52.3605,4.73311,Speed,2406
52.3623,4.7298,Speed,2407
52.3647,4.7254,Speed,2408
52.3666,4.72183,Speed,2409
52.3689,4.71761,Speed,2410
52.37,4.71534,Speed,2411
52.3718,4.71218,Speed,2412
52.3755,4.70877,Speed,2413
52.3773,4.70844,Speed,2414
52.3811,4.70788,Speed,2415
52.3854,4.70716,Speed,2416
52.3883,4.70671,Speed,2417
52.392,4.70614,Speed,2418
52.3974,4.70526,Speed,2419
52.402,4.70449,Speed,2420
52.4059,4.70303,Speed,2421
52.4085,4.70167,Speed,2422
52.4111,4.70032,Speed,2423
52.4136,4.69895,Speed,2424
52.4177,4.69604,Speed,2425
52.4206,4.69257,Speed,2426
52.422,4.69025,Speed,2427
52.4238,4.68702,Speed,2428
52.4256,4.68405,Speed,2429
52.4277,4.68124,Speed,2430
52.4299,4.67881,Speed,2431
52.4328,4.67581,Speed,2432
52.4341,4.67445,Speed,2433
52.436,4.67248,Speed,2434
52.4388,4.6698,Speed,2435
52.4421,4.66773,Speed,2436
52.4453,4.6669,Speed,2437
52.4498,4.66725,Speed,2438
52.4524,4.66824,Speed,2439
52.3244,5.0047,Speed,2440
52.3201,5.00083,Speed,2441
52.3181,4.99759,Speed,2442
52.3161,4.99376,Speed,2443
52.3141,4.98891,Speed,2444
52.312,4.98298,Speed,2445
52.3103,4.97789,Speed,2446
52.3079,4.97089,Speed,2447
52.3019,4.95333,Speed,2448
52.2988,4.94374,Speed,2449
52.299,4.94093,Speed,2450
52.2974,4.93587,Speed,2451
52.2863,4.93412,Speed,2452
52.2869,4.92617,Speed,2453
52.288,4.918,Speed,2454
52.2896,4.90932,Speed,2455
52.2917,4.9011,Speed,2456
52.2942,4.89325,Speed,2457
52.2953,4.88862,Speed,2458
52.2963,4.88237,Speed,2459
52.2974,4.87478,Speed,2460
52.299,4.86688,Speed,2461
52.3004,4.86127,Speed,2462
52.3018,4.85514,Speed,2463
52.3043,4.84664,Speed,2464
52.3049,4.84155,Speed,2465
52.3063,4.83313,Speed,2466
52.3083,4.82517,Speed,2467
52.3106,4.81942,Speed,2468
52.3138,4.81433,Speed,2469
52.3165,4.81107,Speed,2470
52.3198,4.80811,Speed,2471
52.3213,4.80671,Speed,2472
52.3231,4.80478,Speed,2473
52.3284,4.79573,Speed,2474
52.3312,4.79048,Speed,2475
52.3349,4.78361,Speed,2476
52.3368,4.77985,Speed,2477
52.3385,4.77675,Speed,2478
52.3415,4.77002,Speed,2479
52.3443,4.76418,Speed,2480
52.3479,4.75694,Speed,2481
52.3501,4.75277,Speed,2482
52.3523,4.74868,Speed,2483
52.3545,4.74463,Speed,2484
52.3565,4.74094,Speed,2485
52.3584,4.7374,Speed,2486
52.3601,4.7342,Speed,2487
52.3615,4.7316,Speed,2488
52.363,4.7288,Speed,2489
52.3645,4.72598,Speed,2490
52.3667,4.72193,Speed,2491
52.3689,4.71791,Speed,2492
52.3704,4.71504,Speed,2493
52.3719,4.71232,Speed,2494
52.3749,4.70908,Speed,2495
52.3778,4.70863,Speed,2496
52.3795,4.70834,Speed,2497
52.3835,4.70771,Speed,2498
52.3883,4.70693,Speed,2499
52.3921,4.70636,Speed,2500
52.3936,4.70608,Speed,2501
52.3975,4.70543,Speed,2502
52.4021,4.70468,Speed,2503
52.406,4.7032,Speed,2504
52.4086,4.70184,Speed,2505
52.4111,4.70049,Speed,2506
52.4137,4.69911,Speed,2507
52.4178,4.69617,Speed,2508
52.4193,4.69454,Speed,2509
52.4221,4.69039,Speed,2510
52.4239,4.68716,Speed,2511
52.4256,4.68419,Speed,2512
52.4278,4.6814,Speed,2513
52.43,4.67896,Speed,2514
52.4329,4.67596,Speed,2515
52.436,4.67263,Speed,2516
52.4388,4.67001,Speed,2517
52.4422,4.66797,Speed,2518
52.4453,4.66709,Speed,2519
52.4484,4.66718,Speed,2520
52.4498,4.66746,Speed,2521
52.4524,4.66845,Speed,2522
52.3367,4.9403,Speed,2523
52.3329,4.92962,Speed,2524
52.3345,4.89644,Speed,2525
52.3386,4.86286,Speed,2526
52.3402,4.95125,Speed,2527
52.3357,4.93789,Speed,2528
52.3326,4.92789,Speed,2529
52.3351,4.89446,Speed,2530
52.3389,4.8601,Speed,2531
52.3389,4.94956,Speed,2532
52.3354,4.9382,Speed,2533
52.3318,4.92873,Speed,2534
52.3377,4.85904,Speed,2535
52.3414,4.95393,Speed,2536
52.3366,4.94118,Speed,2537
52.3327,4.93026,Speed,2538
52.3338,4.89546,Speed,2539
52.4066,4.8556,Speed,2540
52.409,4.85872,Speed,2541
52.4112,4.86094,Speed,2542
52.4124,4.86212,Speed,2543
52.4134,4.86304,Speed,2544
52.4147,4.86425,Speed,2545
52.414,4.86362,Speed,2546
52.4159,4.86541,Speed,2547
52.4172,4.86663,Speed,2548
52.4195,4.86881,Speed,2549
52.4207,4.87015,Speed,2550
52.3528,4.96288,Speed,2551
52.3966,4.8449,Speed,2552
52.4,4.84816,Speed,2553
52.4031,4.85189,Speed,2554
52.4047,4.85376,Speed,2555
52.407,4.8567,Speed,2556
52.4097,4.86008,Speed,2557
52.4113,4.86165,Speed,2558
52.4124,4.86277,Speed,2559
52.4132,4.86349,Speed,2560
52.414,4.86426,Speed,2561
52.4146,4.86481,Speed,2562
52.4154,4.86558,Speed,2563
52.4161,4.86631,Speed,2564
52.4191,4.86923,Speed,2565
52.4202,4.87045,Speed,2566
52.422,4.87427,Speed,2567
52.426,4.87504,Speed,2568
52.4295,4.87075,Speed,2569
52.4311,4.86889,Speed,2570
52.3965,4.84484,Speed,2571
52.4202,4.87039,Speed,2572
52.3283,4.90703,Speed,2573
52.3303,4.90281,Speed,2574
52.339,4.83084,Speed,2575
52.3393,4.83906,Speed,2576
52.4265,4.87457,Speed,2577
52.425,4.88508,Speed,2578
52.4253,4.88955,Speed,2579
52.353,4.96392,Speed,2580
52.3512,4.96166,Speed,2581
52.3494,4.96486,Speed,2582
52.329,4.91768,Speed,2583
52.3294,4.91341,Speed,2584
52.3267,4.91104,Speed,2585
52.4221,4.90477,Speed,2586
52.4197,4.90999,Speed,2587
52.4176,4.91538,Speed,2588
52.4149,4.92197,Speed,2589
52.4115,4.92882,Speed,2590
52.4074,4.93925,Speed,2591
52.4051,4.94689,Speed,2592
52.4038,4.94981,Speed,2593
52.4002,4.95657,Speed,2594
52.3959,4.9619,Speed,2595
52.3922,4.9651,Speed,2596
52.389,4.9678,Speed,2597
52.3861,4.97019,Speed,2598
52.3836,4.97188,Speed,2599
52.3813,4.97305,Speed,2600
52.3771,4.9741,Speed,2601
52.3753,4.97421,Speed,2602
52.3736,4.97419,Speed,2603
52.3724,4.97401,Speed,2604
52.3708,4.97358,Speed,2605
52.3691,4.97305,Speed,2606
52.3658,4.97142,Speed,2607
52.3629,4.96987,Speed,2608
52.3595,4.96798,Speed,2609
52.3564,4.96622,Speed,2610
52.3533,4.96443,Speed,2611
52.351,4.96273,Speed,2612
52.3467,4.95865,Speed,2613
52.3437,4.95576,Speed,2614
52.3399,4.95146,Speed,2615
52.339,4.94955,Speed,2616
52.3376,4.94455,Speed,2617
52.3362,4.93976,Speed,2618
52.3355,4.93812,Speed,2619
52.3337,4.9331,Speed,2620
52.3322,4.92853,Speed,2621
52.3303,4.92323,Speed,2622
52.3288,4.91824,Speed,2623
52.3285,4.91079,Speed,2624
52.3303,4.90286,Speed,2625
52.3322,4.8989,Speed,2626
52.3353,4.89247,Speed,2627
52.3381,4.88618,Speed,2628
52.3386,4.87777,Speed,2629
52.3384,4.87125,Speed,2630
52.3381,4.86294,Speed,2631
52.3378,4.85905,Speed,2632
52.3374,4.85124,Speed,2633
52.3372,4.84651,Speed,2634
52.3386,4.84158,Speed,2635
52.3413,4.84093,Speed,2636
52.3444,4.84088,Speed,2637
52.3469,4.84088,Speed,2638
52.3508,4.84225,Speed,2639
52.3534,4.84249,Speed,2640
52.358,4.84238,Speed,2641
52.3629,4.84221,Speed,2642
52.3657,4.84213,Speed,2643
52.3704,4.84202,Speed,2644
52.3758,4.84309,Speed,2645
52.3794,4.84447,Speed,2646
52.3832,4.84455,Speed,2647
52.3881,4.84429,Speed,2648
52.3922,4.84399,Speed,2649
52.3971,4.84467,Speed,2650
52.4001,4.84764,Speed,2651
52.4031,4.85131,Speed,2652
52.4047,4.85321,Speed,2653
52.4066,4.85584,Speed,2654
52.4089,4.85878,Speed,2655
52.4111,4.86105,Speed,2656
52.4123,4.86224,Speed,2657
52.4133,4.86317,Speed,2658
52.4146,4.86437,Speed,2659
52.4139,4.86374,Speed,2660
52.4158,4.86553,Speed,2661
52.4171,4.86678,Speed,2662
52.4194,4.86902,Speed,2663
52.4206,4.87041,Speed,2664
52.4228,4.87494,Speed,2665
52.4234,4.87731,Speed,2666
52.4249,4.88505,Speed,2667
52.4187,4.91172,Speed,2668
52.4159,4.91924,Speed,2669
52.4122,4.92699,Speed,2670
52.4094,4.93263,Speed,2671
52.4073,4.93909,Speed,2672
52.4061,4.94349,Speed,2673
52.403,4.95113,Speed,2674
52.3993,4.9576,Speed,2675
52.3948,4.96259,Speed,2676
52.3914,4.96546,Speed,2677
52.3901,4.96667,Speed,2678
52.3881,4.96835,Speed,2679
52.3861,4.96999,Speed,2680
52.3833,4.97188,Speed,2681
52.3813,4.97276,Speed,2682
52.3771,4.9739,Speed,2683
52.3762,4.974,Speed,2684
52.3748,4.97405,Speed,2685
52.3736,4.97401,Speed,2686
52.3724,4.97385,Speed,2687
52.3708,4.97343,Speed,2688
52.3693,4.97292,Speed,2689
52.3658,4.97122,Speed,2690
52.3614,4.9688,Speed,2691
52.3563,4.96592,Speed,2692
52.3551,4.96522,Speed,2693
52.353,4.96395,Speed,2694
52.349,4.96068,Speed,2695
52.345,4.95667,Speed,2696
52.3413,4.95321,Speed,2697
52.34,4.95128,Speed,2698
52.3382,4.94629,Speed,2699
52.3376,4.94362,Speed,2700
52.3364,4.93974,Speed,2701
52.3349,4.93579,Speed,2702
52.3339,4.93292,Speed,2703
52.3323,4.92828,Speed,2704
52.3314,4.92567,Speed,2705
52.3299,4.92138,Speed,2706
52.3285,4.91551,Speed,2707
52.3295,4.90731,Speed,2708
52.3323,4.90058,Speed,2709
52.3339,4.8976,Speed,2710
52.3362,4.89329,Speed,2711
52.3387,4.88811,Speed,2712
52.3397,4.88084,Speed,2713
52.3395,4.87426,Speed,2714
52.3392,4.86728,Speed,2715
52.3389,4.8621,Speed,2716
52.3385,4.85447,Speed,2717
52.3383,4.85033,Speed,2718
52.3381,4.84459,Speed,2719
52.3417,4.84148,Speed,2720
52.3455,4.84111,Speed,2721
52.3508,4.84251,Speed,2722
52.354,4.84272,Speed,2723
52.358,4.8426,Speed,2724
52.3629,4.84248,Speed,2725
52.3678,4.84232,Speed,2726
52.3719,4.84221,Speed,2727
52.3759,4.84333,Speed,2728
52.3799,4.84484,Speed,2729
52.3832,4.84478,Speed,2730
52.3857,4.84465,Speed,2731
52.3881,4.84451,Speed,2732
52.3923,4.84431,Speed,2733
52.3959,4.84504,Speed,2734
52.3983,4.84685,Speed,2735
52.3998,4.84869,Speed,2736
52.4029,4.85225,Speed,2737
52.4044,4.8539,Speed,2738
52.4069,4.85694,Speed,2739
52.4097,4.86032,Speed,2740
52.4114,4.86205,Speed,2741
52.4126,4.86321,Speed,2742
52.4134,4.86393,Speed,2743
52.414,4.86452,Speed,2744
52.4146,4.86508,Speed,2745
52.4154,4.86587,Speed,2746
52.4162,4.86661,Speed,2747
52.4179,4.86826,Speed,2748
52.4201,4.87079,Speed,2749
52.4217,4.87482,Speed,2750
52.4243,4.88199,Speed,2751
52.425,4.89042,Speed,2752
52.4237,4.89955,Speed,2753
52.4389,4.66951,Speed,2754
52.4404,4.66793,Speed,2755
52.4442,4.66394,Speed,2756
52.3259,5.06613,Speed,2757
52.3219,5.08078,Speed,2758
52.2923,4.942,Speed,2759
52.2794,4.95376,Speed,2760
52.2726,4.95794,Speed,2761
52.2674,4.96049,Speed,2762
52.3286,4.79537,Speed,2763
52.3262,4.80032,Speed,2764
52.3748,4.97422,Speed,2765
52.4032,4.85107,Speed,2766
52.4036,4.85335,Speed,2767
