date,hour,dataType,dateID
2016-06-01,00,Road,1
2016-06-01,00,Flow,2
2016-06-01,00,Speed,3
2016-06-01,01,Road,4
2016-06-01,01,Flow,5
2016-06-01,01,Speed,6
2016-06-01,02,Road,7
2016-06-01,02,Flow,8
2016-06-01,02,Speed,9
2016-06-01,03,Road,10
2016-06-01,03,Flow,11
2016-06-01,03,Speed,12
2016-06-01,04,Road,13
2016-06-01,04,Flow,14
2016-06-01,04,Speed,15
2016-06-01,05,Road,16
2016-06-01,05,Flow,17
2016-06-01,05,Speed,18
2016-06-01,06,Road,19
2016-06-01,06,Flow,20
2016-06-01,06,Speed,21
2016-06-01,07,Road,22
2016-06-01,07,Flow,23
2016-06-01,07,Speed,24
2016-06-01,08,Road,25
2016-06-01,08,Flow,26
2016-06-01,08,Speed,27
2016-06-01,09,Road,28
2016-06-01,09,Flow,29
2016-06-01,09,Speed,30
2016-06-01,10,Road,31
2016-06-01,10,Flow,32
2016-06-01,10,Speed,33
2016-06-01,11,Road,34
2016-06-01,11,Flow,35
2016-06-01,11,Speed,36
2016-06-01,12,Road,37
2016-06-01,12,Flow,38
2016-06-01,12,Speed,39
2016-06-01,13,Road,40
2016-06-01,13,Flow,41
2016-06-01,13,Speed,42
2016-06-01,14,Road,43
2016-06-01,14,Flow,44
2016-06-01,14,Speed,45
2016-06-01,15,Road,46
2016-06-01,15,Flow,47
2016-06-01,15,Speed,48
2016-06-01,16,Road,49
2016-06-01,16,Flow,50
2016-06-01,16,Speed,51
2016-06-01,17,Road,52
2016-06-01,17,Flow,53
2016-06-01,17,Speed,54
2016-06-01,18,Road,55
2016-06-01,18,Flow,56
2016-06-01,18,Speed,57
2016-06-01,19,Road,58
2016-06-01,19,Flow,59
2016-06-01,19,Speed,60
2016-06-01,20,Road,61
2016-06-01,20,Flow,62
2016-06-01,20,Speed,63
2016-06-01,21,Road,64
2016-06-01,21,Flow,65
2016-06-01,21,Speed,66
2016-06-01,22,Road,67
2016-06-01,22,Flow,68
2016-06-01,22,Speed,69
2016-06-01,23,Road,70
2016-06-01,23,Flow,71
2016-06-01,23,Speed,72
2016-06-02,00,Road,73
2016-06-02,00,Flow,74
2016-06-02,00,Speed,75
2016-06-02,01,Road,76
2016-06-02,01,Flow,77
2016-06-02,01,Speed,78
2016-06-02,02,Road,79
2016-06-02,02,Flow,80
2016-06-02,02,Speed,81
2016-06-02,03,Road,82
2016-06-02,03,Flow,83
2016-06-02,03,Speed,84
2016-06-02,04,Road,85
2016-06-02,04,Flow,86
2016-06-02,04,Speed,87
2016-06-02,05,Road,88
2016-06-02,05,Flow,89
2016-06-02,05,Speed,90
2016-06-02,06,Road,91
2016-06-02,06,Flow,92
2016-06-02,06,Speed,93
2016-06-02,07,Road,94
2016-06-02,07,Flow,95
2016-06-02,07,Speed,96
2016-06-02,08,Road,97
2016-06-02,08,Flow,98
2016-06-02,08,Speed,99
2016-06-02,09,Road,100
2016-06-02,09,Flow,101
2016-06-02,09,Speed,102
2016-06-02,10,Road,103
2016-06-02,10,Flow,104
2016-06-02,10,Speed,105
2016-06-02,11,Road,106
2016-06-02,11,Flow,107
2016-06-02,11,Speed,108
2016-06-02,12,Road,109
2016-06-02,12,Flow,110
2016-06-02,12,Speed,111
2016-06-02,13,Road,112
2016-06-02,13,Flow,113
2016-06-02,13,Speed,114
2016-06-02,14,Road,115
2016-06-02,14,Flow,116
2016-06-02,14,Speed,117
2016-06-02,15,Road,118
2016-06-02,15,Flow,119
2016-06-02,15,Speed,120
2016-06-02,16,Road,121
2016-06-02,16,Flow,122
2016-06-02,16,Speed,123
2016-06-02,17,Road,124
2016-06-02,17,Flow,125
2016-06-02,17,Speed,126
2016-06-02,18,Road,127
2016-06-02,18,Flow,128
2016-06-02,18,Speed,129
2016-06-02,19,Road,130
2016-06-02,19,Flow,131
2016-06-02,19,Speed,132
2016-06-02,20,Road,133
2016-06-02,20,Flow,134
2016-06-02,20,Speed,135
2016-06-02,21,Road,136
2016-06-02,21,Flow,137
2016-06-02,21,Speed,138
2016-06-02,22,Road,139
2016-06-02,22,Flow,140
2016-06-02,22,Speed,141
2016-06-02,23,Road,142
2016-06-02,23,Flow,143
2016-06-02,23,Speed,144
2016-06-03,00,Road,145
2016-06-03,00,Flow,146
2016-06-03,00,Speed,147
2016-06-03,01,Road,148
2016-06-03,01,Flow,149
2016-06-03,01,Speed,150
2016-06-03,02,Road,151
2016-06-03,02,Flow,152
2016-06-03,02,Speed,153
2016-06-03,03,Road,154
2016-06-03,03,Flow,155
2016-06-03,03,Speed,156
2016-06-03,04,Road,157
2016-06-03,04,Flow,158
2016-06-03,04,Speed,159
2016-06-03,05,Road,160
2016-06-03,05,Flow,161
2016-06-03,05,Speed,162
2016-06-03,06,Road,163
2016-06-03,06,Flow,164
2016-06-03,06,Speed,165
2016-06-03,07,Road,166
2016-06-03,07,Flow,167
2016-06-03,07,Speed,168
2016-06-03,08,Road,169
2016-06-03,08,Flow,170
2016-06-03,08,Speed,171
2016-06-03,09,Road,172
2016-06-03,09,Flow,173
2016-06-03,09,Speed,174
2016-06-03,10,Road,175
2016-06-03,10,Flow,176
2016-06-03,10,Speed,177
2016-06-03,11,Road,178
2016-06-03,11,Flow,179
2016-06-03,11,Speed,180
2016-06-03,12,Road,181
2016-06-03,12,Flow,182
2016-06-03,12,Speed,183
2016-06-03,13,Road,184
2016-06-03,13,Flow,185
2016-06-03,13,Speed,186
2016-06-03,14,Road,187
2016-06-03,14,Flow,188
2016-06-03,14,Speed,189
2016-06-03,15,Road,190
2016-06-03,15,Flow,191
2016-06-03,15,Speed,192
2016-06-03,16,Road,193
2016-06-03,16,Flow,194
2016-06-03,16,Speed,195
2016-06-03,17,Road,196
2016-06-03,17,Flow,197
2016-06-03,17,Speed,198
2016-06-03,18,Road,199
2016-06-03,18,Flow,200
2016-06-03,18,Speed,201
2016-06-03,19,Road,202
2016-06-03,19,Flow,203
2016-06-03,19,Speed,204
2016-06-03,20,Road,205
2016-06-03,20,Flow,206
2016-06-03,20,Speed,207
2016-06-03,21,Road,208
2016-06-03,21,Flow,209
2016-06-03,21,Speed,210
2016-06-03,22,Road,211
2016-06-03,22,Flow,212
2016-06-03,22,Speed,213
2016-06-03,23,Road,214
2016-06-03,23,Flow,215
2016-06-03,23,Speed,216
2016-06-04,00,Road,217
2016-06-04,00,Flow,218
2016-06-04,00,Speed,219
2016-06-04,01,Road,220
2016-06-04,01,Flow,221
2016-06-04,01,Speed,222
2016-06-04,02,Road,223
2016-06-04,02,Flow,224
2016-06-04,02,Speed,225
2016-06-04,03,Road,226
2016-06-04,03,Flow,227
2016-06-04,03,Speed,228
2016-06-04,04,Road,229
2016-06-04,04,Flow,230
2016-06-04,04,Speed,231
2016-06-04,05,Road,232
2016-06-04,05,Flow,233
2016-06-04,05,Speed,234
2016-06-04,06,Road,235
2016-06-04,06,Flow,236
2016-06-04,06,Speed,237
2016-06-04,07,Road,238
2016-06-04,07,Flow,239
2016-06-04,07,Speed,240
2016-06-04,08,Road,241
2016-06-04,08,Flow,242
2016-06-04,08,Speed,243
2016-06-04,09,Road,244
2016-06-04,09,Flow,245
2016-06-04,09,Speed,246
2016-06-04,10,Road,247
2016-06-04,10,Flow,248
2016-06-04,10,Speed,249
2016-06-04,11,Road,250
2016-06-04,11,Flow,251
2016-06-04,11,Speed,252
2016-06-04,12,Road,253
2016-06-04,12,Flow,254
2016-06-04,12,Speed,255
2016-06-04,13,Road,256
2016-06-04,13,Flow,257
2016-06-04,13,Speed,258
2016-06-04,14,Road,259
2016-06-04,14,Flow,260
2016-06-04,14,Speed,261
2016-06-04,15,Road,262
2016-06-04,15,Flow,263
2016-06-04,15,Speed,264
2016-06-04,16,Road,265
2016-06-04,16,Flow,266
2016-06-04,16,Speed,267
2016-06-04,17,Road,268
2016-06-04,17,Flow,269
2016-06-04,17,Speed,270
2016-06-04,18,Road,271
2016-06-04,18,Flow,272
2016-06-04,18,Speed,273
2016-06-04,19,Road,274
2016-06-04,19,Flow,275
2016-06-04,19,Speed,276
2016-06-04,20,Road,277
2016-06-04,20,Flow,278
2016-06-04,20,Speed,279
2016-06-04,21,Road,280
2016-06-04,21,Flow,281
2016-06-04,21,Speed,282
2016-06-04,22,Road,283
2016-06-04,22,Flow,284
2016-06-04,22,Speed,285
2016-06-04,23,Road,286
2016-06-04,23,Flow,287
2016-06-04,23,Speed,288
2016-06-05,00,Road,289
2016-06-05,00,Flow,290
2016-06-05,00,Speed,291
2016-06-05,01,Road,292
2016-06-05,01,Flow,293
2016-06-05,01,Speed,294
2016-06-05,02,Road,295
2016-06-05,02,Flow,296
2016-06-05,02,Speed,297
2016-06-05,03,Road,298
2016-06-05,03,Flow,299
2016-06-05,03,Speed,300
2016-06-05,04,Road,301
2016-06-05,04,Flow,302
2016-06-05,04,Speed,303
2016-06-05,05,Road,304
2016-06-05,05,Flow,305
2016-06-05,05,Speed,306
2016-06-05,06,Road,307
2016-06-05,06,Flow,308
2016-06-05,06,Speed,309
2016-06-05,07,Road,310
2016-06-05,07,Flow,311
2016-06-05,07,Speed,312
2016-06-05,08,Road,313
2016-06-05,08,Flow,314
2016-06-05,08,Speed,315
2016-06-05,09,Road,316
2016-06-05,09,Flow,317
2016-06-05,09,Speed,318
2016-06-05,10,Road,319
2016-06-05,10,Flow,320
2016-06-05,10,Speed,321
2016-06-05,11,Road,322
2016-06-05,11,Flow,323
2016-06-05,11,Speed,324
2016-06-05,12,Road,325
2016-06-05,12,Flow,326
2016-06-05,12,Speed,327
2016-06-05,13,Road,328
2016-06-05,13,Flow,329
2016-06-05,13,Speed,330
2016-06-05,14,Road,331
2016-06-05,14,Flow,332
2016-06-05,14,Speed,333
2016-06-05,15,Road,334
2016-06-05,15,Flow,335
2016-06-05,15,Speed,336
2016-06-05,16,Road,337
2016-06-05,16,Flow,338
2016-06-05,16,Speed,339
2016-06-05,17,Road,340
2016-06-05,17,Flow,341
2016-06-05,17,Speed,342
2016-06-05,18,Road,343
2016-06-05,18,Flow,344
2016-06-05,18,Speed,345
2016-06-05,19,Road,346
2016-06-05,19,Flow,347
2016-06-05,19,Speed,348
2016-06-05,20,Road,349
2016-06-05,20,Flow,350
2016-06-05,20,Speed,351
2016-06-05,21,Road,352
2016-06-05,21,Flow,353
2016-06-05,21,Speed,354
2016-06-05,22,Road,355
2016-06-05,22,Flow,356
2016-06-05,22,Speed,357
2016-06-05,23,Road,358
2016-06-05,23,Flow,359
2016-06-05,23,Speed,360
2016-06-06,00,Road,361
2016-06-06,00,Flow,362
2016-06-06,00,Speed,363
2016-06-06,01,Road,364
2016-06-06,01,Flow,365
2016-06-06,01,Speed,366
2016-06-06,02,Road,367
2016-06-06,02,Flow,368
2016-06-06,02,Speed,369
2016-06-06,03,Road,370
2016-06-06,03,Flow,371
2016-06-06,03,Speed,372
2016-06-06,04,Road,373
2016-06-06,04,Flow,374
2016-06-06,04,Speed,375
2016-06-06,05,Road,376
2016-06-06,05,Flow,377
2016-06-06,05,Speed,378
2016-06-06,06,Road,379
2016-06-06,06,Flow,380
2016-06-06,06,Speed,381
2016-06-06,07,Road,382
2016-06-06,07,Flow,383
2016-06-06,07,Speed,384
2016-06-06,08,Road,385
2016-06-06,08,Flow,386
2016-06-06,08,Speed,387
2016-06-06,09,Road,388
2016-06-06,09,Flow,389
2016-06-06,09,Speed,390
2016-06-06,10,Road,391
2016-06-06,10,Flow,392
2016-06-06,10,Speed,393
2016-06-06,11,Road,394
2016-06-06,11,Flow,395
2016-06-06,11,Speed,396
2016-06-06,12,Road,397
2016-06-06,12,Flow,398
2016-06-06,12,Speed,399
2016-06-06,13,Road,400
2016-06-06,13,Flow,401
2016-06-06,13,Speed,402
2016-06-06,14,Road,403
2016-06-06,14,Flow,404
2016-06-06,14,Speed,405
2016-06-06,15,Road,406
2016-06-06,15,Flow,407
2016-06-06,15,Speed,408
2016-06-06,16,Road,409
2016-06-06,16,Flow,410
2016-06-06,16,Speed,411
2016-06-06,17,Road,412
2016-06-06,17,Flow,413
2016-06-06,17,Speed,414
2016-06-06,18,Road,415
2016-06-06,18,Flow,416
2016-06-06,18,Speed,417
2016-06-06,19,Road,418
2016-06-06,19,Flow,419
2016-06-06,19,Speed,420
2016-06-06,20,Road,421
2016-06-06,20,Flow,422
2016-06-06,20,Speed,423
2016-06-06,21,Road,424
2016-06-06,21,Flow,425
2016-06-06,21,Speed,426
2016-06-06,22,Road,427
2016-06-06,22,Flow,428
2016-06-06,22,Speed,429
2016-06-06,23,Road,430
2016-06-06,23,Flow,431
2016-06-06,23,Speed,432
2016-06-07,00,Road,433
2016-06-07,00,Flow,434
2016-06-07,00,Speed,435
2016-06-07,01,Road,436
2016-06-07,01,Flow,437
2016-06-07,01,Speed,438
2016-06-07,02,Road,439
2016-06-07,02,Flow,440
2016-06-07,02,Speed,441
2016-06-07,03,Road,442
2016-06-07,03,Flow,443
2016-06-07,03,Speed,444
2016-06-07,04,Road,445
2016-06-07,04,Flow,446
2016-06-07,04,Speed,447
2016-06-07,05,Road,448
2016-06-07,05,Flow,449
2016-06-07,05,Speed,450
2016-06-07,06,Road,451
2016-06-07,06,Flow,452
2016-06-07,06,Speed,453
2016-06-07,07,Road,454
2016-06-07,07,Flow,455
2016-06-07,07,Speed,456
2016-06-07,08,Road,457
2016-06-07,08,Flow,458
2016-06-07,08,Speed,459
2016-06-07,09,Road,460
2016-06-07,09,Flow,461
2016-06-07,09,Speed,462
2016-06-07,10,Road,463
2016-06-07,10,Flow,464
2016-06-07,10,Speed,465
2016-06-07,11,Road,466
2016-06-07,11,Flow,467
2016-06-07,11,Speed,468
2016-06-07,12,Road,469
2016-06-07,12,Flow,470
2016-06-07,12,Speed,471
2016-06-07,13,Road,472
2016-06-07,13,Flow,473
2016-06-07,13,Speed,474
2016-06-07,14,Road,475
2016-06-07,14,Flow,476
2016-06-07,14,Speed,477
2016-06-07,15,Road,478
2016-06-07,15,Flow,479
2016-06-07,15,Speed,480
2016-06-07,16,Road,481
2016-06-07,16,Flow,482
2016-06-07,16,Speed,483
2016-06-07,17,Road,484
2016-06-07,17,Flow,485
2016-06-07,17,Speed,486
2016-06-07,18,Road,487
2016-06-07,18,Flow,488
2016-06-07,18,Speed,489
2016-06-07,19,Road,490
2016-06-07,19,Flow,491
2016-06-07,19,Speed,492
2016-06-07,20,Road,493
2016-06-07,20,Flow,494
2016-06-07,20,Speed,495
2016-06-07,21,Road,496
2016-06-07,21,Flow,497
2016-06-07,21,Speed,498
2016-06-07,22,Road,499
2016-06-07,22,Flow,500
2016-06-07,22,Speed,501
2016-06-07,23,Road,502
2016-06-07,23,Flow,503
2016-06-07,23,Speed,504
2016-06-08,00,Road,505
2016-06-08,00,Flow,506
2016-06-08,00,Speed,507
2016-06-08,01,Road,508
2016-06-08,01,Flow,509
2016-06-08,01,Speed,510
2016-06-08,02,Road,511
2016-06-08,02,Flow,512
2016-06-08,02,Speed,513
2016-06-08,03,Road,514
2016-06-08,03,Flow,515
2016-06-08,03,Speed,516
2016-06-08,04,Road,517
2016-06-08,04,Flow,518
2016-06-08,04,Speed,519
2016-06-08,05,Road,520
2016-06-08,05,Flow,521
2016-06-08,05,Speed,522
2016-06-08,06,Road,523
2016-06-08,06,Flow,524
2016-06-08,06,Speed,525
2016-06-08,07,Road,526
2016-06-08,07,Flow,527
2016-06-08,07,Speed,528
2016-06-08,08,Road,529
2016-06-08,08,Flow,530
2016-06-08,08,Speed,531
2016-06-08,09,Road,532
2016-06-08,09,Flow,533
2016-06-08,09,Speed,534
2016-06-08,10,Road,535
2016-06-08,10,Flow,536
2016-06-08,10,Speed,537
2016-06-08,11,Road,538
2016-06-08,11,Flow,539
2016-06-08,11,Speed,540
2016-06-08,12,Road,541
2016-06-08,12,Flow,542
2016-06-08,12,Speed,543
2016-06-08,13,Road,544
2016-06-08,13,Flow,545
2016-06-08,13,Speed,546
2016-06-08,14,Road,547
2016-06-08,14,Flow,548
2016-06-08,14,Speed,549
2016-06-08,15,Road,550
2016-06-08,15,Flow,551
2016-06-08,15,Speed,552
2016-06-08,16,Road,553
2016-06-08,16,Flow,554
2016-06-08,16,Speed,555
2016-06-08,17,Road,556
2016-06-08,17,Flow,557
2016-06-08,17,Speed,558
2016-06-08,18,Road,559
2016-06-08,18,Flow,560
2016-06-08,18,Speed,561
2016-06-08,19,Road,562
2016-06-08,19,Flow,563
2016-06-08,19,Speed,564
2016-06-08,20,Road,565
2016-06-08,20,Flow,566
2016-06-08,20,Speed,567
2016-06-08,21,Road,568
2016-06-08,21,Flow,569
2016-06-08,21,Speed,570
2016-06-08,22,Road,571
2016-06-08,22,Flow,572
2016-06-08,22,Speed,573
2016-06-08,23,Road,574
2016-06-08,23,Flow,575
2016-06-08,23,Speed,576
2016-06-09,00,Road,577
2016-06-09,00,Flow,578
2016-06-09,00,Speed,579
2016-06-09,01,Road,580
2016-06-09,01,Flow,581
2016-06-09,01,Speed,582
2016-06-09,02,Road,583
2016-06-09,02,Flow,584
2016-06-09,02,Speed,585
2016-06-09,03,Road,586
2016-06-09,03,Flow,587
2016-06-09,03,Speed,588
2016-06-09,04,Road,589
2016-06-09,04,Flow,590
2016-06-09,04,Speed,591
2016-06-09,05,Road,592
2016-06-09,05,Flow,593
2016-06-09,05,Speed,594
2016-06-09,06,Road,595
2016-06-09,06,Flow,596
2016-06-09,06,Speed,597
2016-06-09,07,Road,598
2016-06-09,07,Flow,599
2016-06-09,07,Speed,600
2016-06-09,08,Road,601
2016-06-09,08,Flow,602
2016-06-09,08,Speed,603
2016-06-09,09,Road,604
2016-06-09,09,Flow,605
2016-06-09,09,Speed,606
2016-06-09,10,Road,607
2016-06-09,10,Flow,608
2016-06-09,10,Speed,609
2016-06-09,11,Road,610
2016-06-09,11,Flow,611
2016-06-09,11,Speed,612
2016-06-09,12,Road,613
2016-06-09,12,Flow,614
2016-06-09,12,Speed,615
2016-06-09,13,Road,616
2016-06-09,13,Flow,617
2016-06-09,13,Speed,618
2016-06-09,14,Road,619
2016-06-09,14,Flow,620
2016-06-09,14,Speed,621
2016-06-09,15,Road,622
2016-06-09,15,Flow,623
2016-06-09,15,Speed,624
2016-06-09,16,Road,625
2016-06-09,16,Flow,626
2016-06-09,16,Speed,627
2016-06-09,17,Road,628
2016-06-09,17,Flow,629
2016-06-09,17,Speed,630
2016-06-09,18,Road,631
2016-06-09,18,Flow,632
2016-06-09,18,Speed,633
2016-06-09,19,Road,634
2016-06-09,19,Flow,635
2016-06-09,19,Speed,636
2016-06-09,20,Road,637
2016-06-09,20,Flow,638
2016-06-09,20,Speed,639
2016-06-09,21,Road,640
2016-06-09,21,Flow,641
2016-06-09,21,Speed,642
2016-06-09,22,Road,643
2016-06-09,22,Flow,644
2016-06-09,22,Speed,645
2016-06-09,23,Road,646
2016-06-09,23,Flow,647
2016-06-09,23,Speed,648
2016-06-10,00,Road,649
2016-06-10,00,Flow,650
2016-06-10,00,Speed,651
2016-06-10,01,Road,652
2016-06-10,01,Flow,653
2016-06-10,01,Speed,654
2016-06-10,02,Road,655
2016-06-10,02,Flow,656
2016-06-10,02,Speed,657
2016-06-10,03,Road,658
2016-06-10,03,Flow,659
2016-06-10,03,Speed,660
2016-06-10,04,Road,661
2016-06-10,04,Flow,662
2016-06-10,04,Speed,663
2016-06-10,05,Road,664
2016-06-10,05,Flow,665
2016-06-10,05,Speed,666
2016-06-10,06,Road,667
2016-06-10,06,Flow,668
2016-06-10,06,Speed,669
2016-06-10,07,Road,670
2016-06-10,07,Flow,671
2016-06-10,07,Speed,672
2016-06-10,08,Road,673
2016-06-10,08,Flow,674
2016-06-10,08,Speed,675
2016-06-10,09,Road,676
2016-06-10,09,Flow,677
2016-06-10,09,Speed,678
2016-06-10,10,Road,679
2016-06-10,10,Flow,680
2016-06-10,10,Speed,681
2016-06-10,11,Road,682
2016-06-10,11,Flow,683
2016-06-10,11,Speed,684
2016-06-10,12,Road,685
2016-06-10,12,Flow,686
2016-06-10,12,Speed,687
2016-06-10,13,Road,688
2016-06-10,13,Flow,689
2016-06-10,13,Speed,690
2016-06-10,14,Road,691
2016-06-10,14,Flow,692
2016-06-10,14,Speed,693
2016-06-10,15,Road,694
2016-06-10,15,Flow,695
2016-06-10,15,Speed,696
2016-06-10,16,Road,697
2016-06-10,16,Flow,698
2016-06-10,16,Speed,699
2016-06-10,17,Road,700
2016-06-10,17,Flow,701
2016-06-10,17,Speed,702
2016-06-10,18,Road,703
2016-06-10,18,Flow,704
2016-06-10,18,Speed,705
2016-06-10,19,Road,706
2016-06-10,19,Flow,707
2016-06-10,19,Speed,708
2016-06-10,20,Road,709
2016-06-10,20,Flow,710
2016-06-10,20,Speed,711
2016-06-10,21,Road,712
2016-06-10,21,Flow,713
2016-06-10,21,Speed,714
2016-06-10,22,Road,715
2016-06-10,22,Flow,716
2016-06-10,22,Speed,717
2016-06-10,23,Road,718
2016-06-10,23,Flow,719
2016-06-10,23,Speed,720
2016-06-11,00,Road,721
2016-06-11,00,Flow,722
2016-06-11,00,Speed,723
2016-06-11,01,Road,724
2016-06-11,01,Flow,725
2016-06-11,01,Speed,726
2016-06-11,02,Road,727
2016-06-11,02,Flow,728
2016-06-11,02,Speed,729
2016-06-11,03,Road,730
2016-06-11,03,Flow,731
2016-06-11,03,Speed,732
2016-06-11,04,Road,733
2016-06-11,04,Flow,734
2016-06-11,04,Speed,735
2016-06-11,05,Road,736
2016-06-11,05,Flow,737
2016-06-11,05,Speed,738
2016-06-11,06,Road,739
2016-06-11,06,Flow,740
2016-06-11,06,Speed,741
2016-06-11,07,Road,742
2016-06-11,07,Flow,743
2016-06-11,07,Speed,744
2016-06-11,08,Road,745
2016-06-11,08,Flow,746
2016-06-11,08,Speed,747
2016-06-11,09,Road,748
2016-06-11,09,Flow,749
2016-06-11,09,Speed,750
2016-06-11,10,Road,751
2016-06-11,10,Flow,752
2016-06-11,10,Speed,753
2016-06-11,11,Road,754
2016-06-11,11,Flow,755
2016-06-11,11,Speed,756
2016-06-11,12,Road,757
2016-06-11,12,Flow,758
2016-06-11,12,Speed,759
2016-06-11,13,Road,760
2016-06-11,13,Flow,761
2016-06-11,13,Speed,762
2016-06-11,14,Road,763
2016-06-11,14,Flow,764
2016-06-11,14,Speed,765
2016-06-11,15,Road,766
2016-06-11,15,Flow,767
2016-06-11,15,Speed,768
2016-06-11,16,Road,769
2016-06-11,16,Flow,770
2016-06-11,16,Speed,771
2016-06-11,17,Road,772
2016-06-11,17,Flow,773
2016-06-11,17,Speed,774
2016-06-11,18,Road,775
2016-06-11,18,Flow,776
2016-06-11,18,Speed,777
2016-06-11,19,Road,778
2016-06-11,19,Flow,779
2016-06-11,19,Speed,780
2016-06-11,20,Road,781
2016-06-11,20,Flow,782
2016-06-11,20,Speed,783
2016-06-11,21,Road,784
2016-06-11,21,Flow,785
2016-06-11,21,Speed,786
2016-06-11,22,Road,787
2016-06-11,22,Flow,788
2016-06-11,22,Speed,789
2016-06-11,23,Road,790
2016-06-11,23,Flow,791
2016-06-11,23,Speed,792
2016-06-12,00,Road,793
2016-06-12,00,Flow,794
2016-06-12,00,Speed,795
2016-06-12,01,Road,796
2016-06-12,01,Flow,797
2016-06-12,01,Speed,798
2016-06-12,02,Road,799
2016-06-12,02,Flow,800
2016-06-12,02,Speed,801
2016-06-12,03,Road,802
2016-06-12,03,Flow,803
2016-06-12,03,Speed,804
2016-06-12,04,Road,805
2016-06-12,04,Flow,806
2016-06-12,04,Speed,807
2016-06-12,05,Road,808
2016-06-12,05,Flow,809
2016-06-12,05,Speed,810
2016-06-12,06,Road,811
2016-06-12,06,Flow,812
2016-06-12,06,Speed,813
2016-06-12,07,Road,814
2016-06-12,07,Flow,815
2016-06-12,07,Speed,816
2016-06-12,08,Road,817
2016-06-12,08,Flow,818
2016-06-12,08,Speed,819
2016-06-12,09,Road,820
2016-06-12,09,Flow,821
2016-06-12,09,Speed,822
2016-06-12,10,Road,823
2016-06-12,10,Flow,824
2016-06-12,10,Speed,825
2016-06-12,11,Road,826
2016-06-12,11,Flow,827
2016-06-12,11,Speed,828
2016-06-12,12,Road,829
2016-06-12,12,Flow,830
2016-06-12,12,Speed,831
2016-06-12,13,Road,832
2016-06-12,13,Flow,833
2016-06-12,13,Speed,834
2016-06-12,14,Road,835
2016-06-12,14,Flow,836
2016-06-12,14,Speed,837
2016-06-12,15,Road,838
2016-06-12,15,Flow,839
2016-06-12,15,Speed,840
2016-06-12,16,Road,841
2016-06-12,16,Flow,842
2016-06-12,16,Speed,843
2016-06-12,17,Road,844
2016-06-12,17,Flow,845
2016-06-12,17,Speed,846
2016-06-12,18,Road,847
2016-06-12,18,Flow,848
2016-06-12,18,Speed,849
2016-06-12,19,Road,850
2016-06-12,19,Flow,851
2016-06-12,19,Speed,852
2016-06-12,20,Road,853
2016-06-12,20,Flow,854
2016-06-12,20,Speed,855
2016-06-12,21,Road,856
2016-06-12,21,Flow,857
2016-06-12,21,Speed,858
2016-06-12,22,Road,859
2016-06-12,22,Flow,860
2016-06-12,22,Speed,861
2016-06-12,23,Road,862
2016-06-12,23,Flow,863
2016-06-12,23,Speed,864
2016-06-13,00,Road,865
2016-06-13,00,Flow,866
2016-06-13,00,Speed,867
2016-06-13,01,Road,868
2016-06-13,01,Flow,869
2016-06-13,01,Speed,870
2016-06-13,02,Road,871
2016-06-13,02,Flow,872
2016-06-13,02,Speed,873
2016-06-13,03,Road,874
2016-06-13,03,Flow,875
2016-06-13,03,Speed,876
2016-06-13,04,Road,877
2016-06-13,04,Flow,878
2016-06-13,04,Speed,879
2016-06-13,05,Road,880
2016-06-13,05,Flow,881
2016-06-13,05,Speed,882
2016-06-13,06,Road,883
2016-06-13,06,Flow,884
2016-06-13,06,Speed,885
2016-06-13,07,Road,886
2016-06-13,07,Flow,887
2016-06-13,07,Speed,888
2016-06-13,08,Road,889
2016-06-13,08,Flow,890
2016-06-13,08,Speed,891
2016-06-13,09,Road,892
2016-06-13,09,Flow,893
2016-06-13,09,Speed,894
2016-06-13,10,Road,895
2016-06-13,10,Flow,896
2016-06-13,10,Speed,897
2016-06-13,11,Road,898
2016-06-13,11,Flow,899
2016-06-13,11,Speed,900
2016-06-13,12,Road,901
2016-06-13,12,Flow,902
2016-06-13,12,Speed,903
2016-06-13,13,Road,904
2016-06-13,13,Flow,905
2016-06-13,13,Speed,906
2016-06-13,14,Road,907
2016-06-13,14,Flow,908
2016-06-13,14,Speed,909
2016-06-13,15,Road,910
2016-06-13,15,Flow,911
2016-06-13,15,Speed,912
2016-06-13,16,Road,913
2016-06-13,16,Flow,914
2016-06-13,16,Speed,915
2016-06-13,17,Road,916
2016-06-13,17,Flow,917
2016-06-13,17,Speed,918
2016-06-13,18,Road,919
2016-06-13,18,Flow,920
2016-06-13,18,Speed,921
2016-06-13,19,Road,922
2016-06-13,19,Flow,923
2016-06-13,19,Speed,924
2016-06-13,20,Road,925
2016-06-13,20,Flow,926
2016-06-13,20,Speed,927
2016-06-13,21,Road,928
2016-06-13,21,Flow,929
2016-06-13,21,Speed,930
2016-06-13,22,Road,931
2016-06-13,22,Flow,932
2016-06-13,22,Speed,933
2016-06-13,23,Road,934
2016-06-13,23,Flow,935
2016-06-13,23,Speed,936
2016-06-14,00,Road,937
2016-06-14,00,Flow,938
2016-06-14,00,Speed,939
2016-06-14,01,Road,940
2016-06-14,01,Flow,941
2016-06-14,01,Speed,942
2016-06-14,02,Road,943
2016-06-14,02,Flow,944
2016-06-14,02,Speed,945
2016-06-14,03,Road,946
2016-06-14,03,Flow,947
2016-06-14,03,Speed,948
2016-06-14,04,Road,949
2016-06-14,04,Flow,950
2016-06-14,04,Speed,951
2016-06-14,05,Road,952
2016-06-14,05,Flow,953
2016-06-14,05,Speed,954
2016-06-14,06,Road,955
2016-06-14,06,Flow,956
2016-06-14,06,Speed,957
2016-06-14,07,Road,958
2016-06-14,07,Flow,959
2016-06-14,07,Speed,960
2016-06-14,08,Road,961
2016-06-14,08,Flow,962
2016-06-14,08,Speed,963
2016-06-14,09,Road,964
2016-06-14,09,Flow,965
2016-06-14,09,Speed,966
2016-06-14,10,Road,967
2016-06-14,10,Flow,968
2016-06-14,10,Speed,969
2016-06-14,11,Road,970
2016-06-14,11,Flow,971
2016-06-14,11,Speed,972
2016-06-14,12,Road,973
2016-06-14,12,Flow,974
2016-06-14,12,Speed,975
2016-06-14,13,Road,976
2016-06-14,13,Flow,977
2016-06-14,13,Speed,978
2016-06-14,14,Road,979
2016-06-14,14,Flow,980
2016-06-14,14,Speed,981
2016-06-14,15,Road,982
2016-06-14,15,Flow,983
2016-06-14,15,Speed,984
2016-06-14,16,Road,985
2016-06-14,16,Flow,986
2016-06-14,16,Speed,987
2016-06-14,17,Road,988
2016-06-14,17,Flow,989
2016-06-14,17,Speed,990
2016-06-14,18,Road,991
2016-06-14,18,Flow,992
2016-06-14,18,Speed,993
2016-06-14,19,Road,994
2016-06-14,19,Flow,995
2016-06-14,19,Speed,996
2016-06-14,20,Road,997
2016-06-14,20,Flow,998
2016-06-14,20,Speed,999
2016-06-14,21,Road,1000
2016-06-14,21,Flow,1001
2016-06-14,21,Speed,1002
2016-06-14,22,Road,1003
2016-06-14,22,Flow,1004
2016-06-14,22,Speed,1005
2016-06-14,23,Road,1006
2016-06-14,23,Flow,1007
2016-06-14,23,Speed,1008
2016-06-15,00,Road,1009
2016-06-15,00,Flow,1010
2016-06-15,00,Speed,1011
2016-06-15,01,Road,1012
2016-06-15,01,Flow,1013
2016-06-15,01,Speed,1014
2016-06-15,02,Road,1015
2016-06-15,02,Flow,1016
2016-06-15,02,Speed,1017
2016-06-15,03,Road,1018
2016-06-15,03,Flow,1019
2016-06-15,03,Speed,1020
2016-06-15,04,Road,1021
2016-06-15,04,Flow,1022
2016-06-15,04,Speed,1023
2016-06-15,05,Road,1024
2016-06-15,05,Flow,1025
2016-06-15,05,Speed,1026
2016-06-15,06,Road,1027
2016-06-15,06,Flow,1028
2016-06-15,06,Speed,1029
2016-06-15,07,Road,1030
2016-06-15,07,Flow,1031
2016-06-15,07,Speed,1032
2016-06-15,08,Road,1033
2016-06-15,08,Flow,1034
2016-06-15,08,Speed,1035
2016-06-15,09,Road,1036
2016-06-15,09,Flow,1037
2016-06-15,09,Speed,1038
2016-06-15,10,Road,1039
2016-06-15,10,Flow,1040
2016-06-15,10,Speed,1041
2016-06-15,11,Road,1042
2016-06-15,11,Flow,1043
2016-06-15,11,Speed,1044
2016-06-15,12,Road,1045
2016-06-15,12,Flow,1046
2016-06-15,12,Speed,1047
2016-06-15,13,Road,1048
2016-06-15,13,Flow,1049
2016-06-15,13,Speed,1050
2016-06-15,14,Road,1051
2016-06-15,14,Flow,1052
2016-06-15,14,Speed,1053
2016-06-15,15,Road,1054
2016-06-15,15,Flow,1055
2016-06-15,15,Speed,1056
2016-06-15,16,Road,1057
2016-06-15,16,Flow,1058
2016-06-15,16,Speed,1059
2016-06-15,17,Road,1060
2016-06-15,17,Flow,1061
2016-06-15,17,Speed,1062
2016-06-15,18,Road,1063
2016-06-15,18,Flow,1064
2016-06-15,18,Speed,1065
2016-06-15,19,Road,1066
2016-06-15,19,Flow,1067
2016-06-15,19,Speed,1068
2016-06-15,20,Road,1069
2016-06-15,20,Flow,1070
2016-06-15,20,Speed,1071
2016-06-15,21,Road,1072
2016-06-15,21,Flow,1073
2016-06-15,21,Speed,1074
2016-06-15,22,Road,1075
2016-06-15,22,Flow,1076
2016-06-15,22,Speed,1077
2016-06-15,23,Road,1078
2016-06-15,23,Flow,1079
2016-06-15,23,Speed,1080
2016-06-16,00,Road,1081
2016-06-16,00,Flow,1082
2016-06-16,00,Speed,1083
2016-06-16,01,Road,1084
2016-06-16,01,Flow,1085
2016-06-16,01,Speed,1086
2016-06-16,02,Road,1087
2016-06-16,02,Flow,1088
2016-06-16,02,Speed,1089
2016-06-16,03,Road,1090
2016-06-16,03,Flow,1091
2016-06-16,03,Speed,1092
2016-06-16,04,Road,1093
2016-06-16,04,Flow,1094
2016-06-16,04,Speed,1095
2016-06-16,05,Road,1096
2016-06-16,05,Flow,1097
2016-06-16,05,Speed,1098
2016-06-16,06,Road,1099
2016-06-16,06,Flow,1100
2016-06-16,06,Speed,1101
2016-06-16,07,Road,1102
2016-06-16,07,Flow,1103
2016-06-16,07,Speed,1104
2016-06-16,08,Road,1105
2016-06-16,08,Flow,1106
2016-06-16,08,Speed,1107
2016-06-16,09,Road,1108
2016-06-16,09,Flow,1109
2016-06-16,09,Speed,1110
2016-06-16,10,Road,1111
2016-06-16,10,Flow,1112
2016-06-16,10,Speed,1113
2016-06-16,11,Road,1114
2016-06-16,11,Flow,1115
2016-06-16,11,Speed,1116
2016-06-16,12,Road,1117
2016-06-16,12,Flow,1118
2016-06-16,12,Speed,1119
2016-06-16,13,Road,1120
2016-06-16,13,Flow,1121
2016-06-16,13,Speed,1122
2016-06-16,14,Road,1123
2016-06-16,14,Flow,1124
2016-06-16,14,Speed,1125
2016-06-16,15,Road,1126
2016-06-16,15,Flow,1127
2016-06-16,15,Speed,1128
2016-06-16,16,Road,1129
2016-06-16,16,Flow,1130
2016-06-16,16,Speed,1131
2016-06-16,17,Road,1132
2016-06-16,17,Flow,1133
2016-06-16,17,Speed,1134
2016-06-16,18,Road,1135
2016-06-16,18,Flow,1136
2016-06-16,18,Speed,1137
2016-06-16,19,Road,1138
2016-06-16,19,Flow,1139
2016-06-16,19,Speed,1140
2016-06-16,20,Road,1141
2016-06-16,20,Flow,1142
2016-06-16,20,Speed,1143
2016-06-16,21,Road,1144
2016-06-16,21,Flow,1145
2016-06-16,21,Speed,1146
2016-06-16,22,Road,1147
2016-06-16,22,Flow,1148
2016-06-16,22,Speed,1149
2016-06-16,23,Road,1150
2016-06-16,23,Flow,1151
2016-06-16,23,Speed,1152
2016-06-17,00,Road,1153
2016-06-17,00,Flow,1154
2016-06-17,00,Speed,1155
2016-06-17,01,Road,1156
2016-06-17,01,Flow,1157
2016-06-17,01,Speed,1158
2016-06-17,02,Road,1159
2016-06-17,02,Flow,1160
2016-06-17,02,Speed,1161
2016-06-17,03,Road,1162
2016-06-17,03,Flow,1163
2016-06-17,03,Speed,1164
2016-06-17,04,Road,1165
2016-06-17,04,Flow,1166
2016-06-17,04,Speed,1167
2016-06-17,05,Road,1168
2016-06-17,05,Flow,1169
2016-06-17,05,Speed,1170
2016-06-17,06,Road,1171
2016-06-17,06,Flow,1172
2016-06-17,06,Speed,1173
2016-06-17,07,Road,1174
2016-06-17,07,Flow,1175
2016-06-17,07,Speed,1176
2016-06-17,08,Road,1177
2016-06-17,08,Flow,1178
2016-06-17,08,Speed,1179
2016-06-17,09,Road,1180
2016-06-17,09,Flow,1181
2016-06-17,09,Speed,1182
2016-06-17,10,Road,1183
2016-06-17,10,Flow,1184
2016-06-17,10,Speed,1185
2016-06-17,11,Road,1186
2016-06-17,11,Flow,1187
2016-06-17,11,Speed,1188
2016-06-17,12,Road,1189
2016-06-17,12,Flow,1190
2016-06-17,12,Speed,1191
2016-06-17,13,Road,1192
2016-06-17,13,Flow,1193
2016-06-17,13,Speed,1194
2016-06-17,14,Road,1195
2016-06-17,14,Flow,1196
2016-06-17,14,Speed,1197
2016-06-17,15,Road,1198
2016-06-17,15,Flow,1199
2016-06-17,15,Speed,1200
2016-06-17,16,Road,1201
2016-06-17,16,Flow,1202
2016-06-17,16,Speed,1203
2016-06-17,17,Road,1204
2016-06-17,17,Flow,1205
2016-06-17,17,Speed,1206
2016-06-17,18,Road,1207
2016-06-17,18,Flow,1208
2016-06-17,18,Speed,1209
2016-06-17,19,Road,1210
2016-06-17,19,Flow,1211
2016-06-17,19,Speed,1212
2016-06-17,20,Road,1213
2016-06-17,20,Flow,1214
2016-06-17,20,Speed,1215
2016-06-17,21,Road,1216
2016-06-17,21,Flow,1217
2016-06-17,21,Speed,1218
2016-06-17,22,Road,1219
2016-06-17,22,Flow,1220
2016-06-17,22,Speed,1221
2016-06-17,23,Road,1222
2016-06-17,23,Flow,1223
2016-06-17,23,Speed,1224
2016-06-18,00,Road,1225
2016-06-18,00,Flow,1226
2016-06-18,00,Speed,1227
2016-06-18,01,Road,1228
2016-06-18,01,Flow,1229
2016-06-18,01,Speed,1230
2016-06-18,02,Road,1231
2016-06-18,02,Flow,1232
2016-06-18,02,Speed,1233
2016-06-18,03,Road,1234
2016-06-18,03,Flow,1235
2016-06-18,03,Speed,1236
2016-06-18,04,Road,1237
2016-06-18,04,Flow,1238
2016-06-18,04,Speed,1239
2016-06-18,05,Road,1240
2016-06-18,05,Flow,1241
2016-06-18,05,Speed,1242
2016-06-18,06,Road,1243
2016-06-18,06,Flow,1244
2016-06-18,06,Speed,1245
2016-06-18,07,Road,1246
2016-06-18,07,Flow,1247
2016-06-18,07,Speed,1248
2016-06-18,08,Road,1249
2016-06-18,08,Flow,1250
2016-06-18,08,Speed,1251
2016-06-18,09,Road,1252
2016-06-18,09,Flow,1253
2016-06-18,09,Speed,1254
2016-06-18,10,Road,1255
2016-06-18,10,Flow,1256
2016-06-18,10,Speed,1257
2016-06-18,11,Road,1258
2016-06-18,11,Flow,1259
2016-06-18,11,Speed,1260
2016-06-18,12,Road,1261
2016-06-18,12,Flow,1262
2016-06-18,12,Speed,1263
2016-06-18,13,Road,1264
2016-06-18,13,Flow,1265
2016-06-18,13,Speed,1266
2016-06-18,14,Road,1267
2016-06-18,14,Flow,1268
2016-06-18,14,Speed,1269
2016-06-18,15,Road,1270
2016-06-18,15,Flow,1271
2016-06-18,15,Speed,1272
2016-06-18,16,Road,1273
2016-06-18,16,Flow,1274
2016-06-18,16,Speed,1275
2016-06-18,17,Road,1276
2016-06-18,17,Flow,1277
2016-06-18,17,Speed,1278
2016-06-18,18,Road,1279
2016-06-18,18,Flow,1280
2016-06-18,18,Speed,1281
2016-06-18,19,Road,1282
2016-06-18,19,Flow,1283
2016-06-18,19,Speed,1284
2016-06-18,20,Road,1285
2016-06-18,20,Flow,1286
2016-06-18,20,Speed,1287
2016-06-18,21,Road,1288
2016-06-18,21,Flow,1289
2016-06-18,21,Speed,1290
2016-06-18,22,Road,1291
2016-06-18,22,Flow,1292
2016-06-18,22,Speed,1293
2016-06-18,23,Road,1294
2016-06-18,23,Flow,1295
2016-06-18,23,Speed,1296
2016-06-19,00,Road,1297
2016-06-19,00,Flow,1298
2016-06-19,00,Speed,1299
2016-06-19,01,Road,1300
2016-06-19,01,Flow,1301
2016-06-19,01,Speed,1302
2016-06-19,02,Road,1303
2016-06-19,02,Flow,1304
2016-06-19,02,Speed,1305
2016-06-19,03,Road,1306
2016-06-19,03,Flow,1307
2016-06-19,03,Speed,1308
2016-06-19,04,Road,1309
2016-06-19,04,Flow,1310
2016-06-19,04,Speed,1311
2016-06-19,05,Road,1312
2016-06-19,05,Flow,1313
2016-06-19,05,Speed,1314
2016-06-19,06,Road,1315
2016-06-19,06,Flow,1316
2016-06-19,06,Speed,1317
2016-06-19,07,Road,1318
2016-06-19,07,Flow,1319
2016-06-19,07,Speed,1320
2016-06-19,08,Road,1321
2016-06-19,08,Flow,1322
2016-06-19,08,Speed,1323
2016-06-19,09,Road,1324
2016-06-19,09,Flow,1325
2016-06-19,09,Speed,1326
2016-06-19,10,Road,1327
2016-06-19,10,Flow,1328
2016-06-19,10,Speed,1329
2016-06-19,11,Road,1330
2016-06-19,11,Flow,1331
2016-06-19,11,Speed,1332
2016-06-19,12,Road,1333
2016-06-19,12,Flow,1334
2016-06-19,12,Speed,1335
2016-06-19,13,Road,1336
2016-06-19,13,Flow,1337
2016-06-19,13,Speed,1338
2016-06-19,14,Road,1339
2016-06-19,14,Flow,1340
2016-06-19,14,Speed,1341
2016-06-19,15,Road,1342
2016-06-19,15,Flow,1343
2016-06-19,15,Speed,1344
2016-06-19,16,Road,1345
2016-06-19,16,Flow,1346
2016-06-19,16,Speed,1347
2016-06-19,17,Road,1348
2016-06-19,17,Flow,1349
2016-06-19,17,Speed,1350
2016-06-19,18,Road,1351
2016-06-19,18,Flow,1352
2016-06-19,18,Speed,1353
2016-06-19,19,Road,1354
2016-06-19,19,Flow,1355
2016-06-19,19,Speed,1356
2016-06-19,20,Road,1357
2016-06-19,20,Flow,1358
2016-06-19,20,Speed,1359
2016-06-19,21,Road,1360
2016-06-19,21,Flow,1361
2016-06-19,21,Speed,1362
2016-06-19,22,Road,1363
2016-06-19,22,Flow,1364
2016-06-19,22,Speed,1365
2016-06-19,23,Road,1366
2016-06-19,23,Flow,1367
2016-06-19,23,Speed,1368
2016-06-20,00,Road,1369
2016-06-20,00,Flow,1370
2016-06-20,00,Speed,1371
2016-06-20,01,Road,1372
2016-06-20,01,Flow,1373
2016-06-20,01,Speed,1374
2016-06-20,02,Road,1375
2016-06-20,02,Flow,1376
2016-06-20,02,Speed,1377
2016-06-20,03,Road,1378
2016-06-20,03,Flow,1379
2016-06-20,03,Speed,1380
2016-06-20,04,Road,1381
2016-06-20,04,Flow,1382
2016-06-20,04,Speed,1383
2016-06-20,05,Road,1384
2016-06-20,05,Flow,1385
2016-06-20,05,Speed,1386
2016-06-20,06,Road,1387
2016-06-20,06,Flow,1388
2016-06-20,06,Speed,1389
2016-06-20,07,Road,1390
2016-06-20,07,Flow,1391
2016-06-20,07,Speed,1392
2016-06-20,08,Road,1393
2016-06-20,08,Flow,1394
2016-06-20,08,Speed,1395
2016-06-20,09,Road,1396
2016-06-20,09,Flow,1397
2016-06-20,09,Speed,1398
2016-06-20,10,Road,1399
2016-06-20,10,Flow,1400
2016-06-20,10,Speed,1401
2016-06-20,11,Road,1402
2016-06-20,11,Flow,1403
2016-06-20,11,Speed,1404
2016-06-20,12,Road,1405
2016-06-20,12,Flow,1406
2016-06-20,12,Speed,1407
2016-06-20,13,Road,1408
2016-06-20,13,Flow,1409
2016-06-20,13,Speed,1410
2016-06-20,14,Road,1411
2016-06-20,14,Flow,1412
2016-06-20,14,Speed,1413
2016-06-20,15,Road,1414
2016-06-20,15,Flow,1415
2016-06-20,15,Speed,1416
2016-06-20,16,Road,1417
2016-06-20,16,Flow,1418
2016-06-20,16,Speed,1419
2016-06-20,17,Road,1420
2016-06-20,17,Flow,1421
2016-06-20,17,Speed,1422
2016-06-20,18,Road,1423
2016-06-20,18,Flow,1424
2016-06-20,18,Speed,1425
2016-06-20,19,Road,1426
2016-06-20,19,Flow,1427
2016-06-20,19,Speed,1428
2016-06-20,20,Road,1429
2016-06-20,20,Flow,1430
2016-06-20,20,Speed,1431
2016-06-20,21,Road,1432
2016-06-20,21,Flow,1433
2016-06-20,21,Speed,1434
2016-06-20,22,Road,1435
2016-06-20,22,Flow,1436
2016-06-20,22,Speed,1437
2016-06-20,23,Road,1438
2016-06-20,23,Flow,1439
2016-06-20,23,Speed,1440
2016-06-21,00,Road,1441
2016-06-21,00,Flow,1442
2016-06-21,00,Speed,1443
2016-06-21,01,Road,1444
2016-06-21,01,Flow,1445
2016-06-21,01,Speed,1446
2016-06-21,02,Road,1447
2016-06-21,02,Flow,1448
2016-06-21,02,Speed,1449
2016-06-21,03,Road,1450
2016-06-21,03,Flow,1451
2016-06-21,03,Speed,1452
2016-06-21,04,Road,1453
2016-06-21,04,Flow,1454
2016-06-21,04,Speed,1455
2016-06-21,05,Road,1456
2016-06-21,05,Flow,1457
2016-06-21,05,Speed,1458
2016-06-21,06,Road,1459
2016-06-21,06,Flow,1460
2016-06-21,06,Speed,1461
2016-06-21,07,Road,1462
2016-06-21,07,Flow,1463
2016-06-21,07,Speed,1464
2016-06-21,08,Road,1465
2016-06-21,08,Flow,1466
2016-06-21,08,Speed,1467
2016-06-21,09,Road,1468
2016-06-21,09,Flow,1469
2016-06-21,09,Speed,1470
2016-06-21,10,Road,1471
2016-06-21,10,Flow,1472
2016-06-21,10,Speed,1473
2016-06-21,11,Road,1474
2016-06-21,11,Flow,1475
2016-06-21,11,Speed,1476
2016-06-21,12,Road,1477
2016-06-21,12,Flow,1478
2016-06-21,12,Speed,1479
2016-06-21,13,Road,1480
2016-06-21,13,Flow,1481
2016-06-21,13,Speed,1482
2016-06-21,14,Road,1483
2016-06-21,14,Flow,1484
2016-06-21,14,Speed,1485
2016-06-21,15,Road,1486
2016-06-21,15,Flow,1487
2016-06-21,15,Speed,1488
2016-06-21,16,Road,1489
2016-06-21,16,Flow,1490
2016-06-21,16,Speed,1491
2016-06-21,17,Road,1492
2016-06-21,17,Flow,1493
2016-06-21,17,Speed,1494
2016-06-21,18,Road,1495
2016-06-21,18,Flow,1496
2016-06-21,18,Speed,1497
2016-06-21,19,Road,1498
2016-06-21,19,Flow,1499
2016-06-21,19,Speed,1500
2016-06-21,20,Road,1501
2016-06-21,20,Flow,1502
2016-06-21,20,Speed,1503
2016-06-21,21,Road,1504
2016-06-21,21,Flow,1505
2016-06-21,21,Speed,1506
2016-06-21,22,Road,1507
2016-06-21,22,Flow,1508
2016-06-21,22,Speed,1509
2016-06-21,23,Road,1510
2016-06-21,23,Flow,1511
2016-06-21,23,Speed,1512
2016-06-22,00,Road,1513
2016-06-22,00,Flow,1514
2016-06-22,00,Speed,1515
2016-06-22,01,Road,1516
2016-06-22,01,Flow,1517
2016-06-22,01,Speed,1518
2016-06-22,02,Road,1519
2016-06-22,02,Flow,1520
2016-06-22,02,Speed,1521
2016-06-22,03,Road,1522
2016-06-22,03,Flow,1523
2016-06-22,03,Speed,1524
2016-06-22,04,Road,1525
2016-06-22,04,Flow,1526
2016-06-22,04,Speed,1527
2016-06-22,05,Road,1528
2016-06-22,05,Flow,1529
2016-06-22,05,Speed,1530
2016-06-22,06,Road,1531
2016-06-22,06,Flow,1532
2016-06-22,06,Speed,1533
2016-06-22,07,Road,1534
2016-06-22,07,Flow,1535
2016-06-22,07,Speed,1536
2016-06-22,08,Road,1537
2016-06-22,08,Flow,1538
2016-06-22,08,Speed,1539
2016-06-22,09,Road,1540
2016-06-22,09,Flow,1541
2016-06-22,09,Speed,1542
2016-06-22,10,Road,1543
2016-06-22,10,Flow,1544
2016-06-22,10,Speed,1545
2016-06-22,11,Road,1546
2016-06-22,11,Flow,1547
2016-06-22,11,Speed,1548
2016-06-22,12,Road,1549
2016-06-22,12,Flow,1550
2016-06-22,12,Speed,1551
2016-06-22,13,Road,1552
2016-06-22,13,Flow,1553
2016-06-22,13,Speed,1554
2016-06-22,14,Road,1555
2016-06-22,14,Flow,1556
2016-06-22,14,Speed,1557
2016-06-22,15,Road,1558
2016-06-22,15,Flow,1559
2016-06-22,15,Speed,1560
2016-06-22,16,Road,1561
2016-06-22,16,Flow,1562
2016-06-22,16,Speed,1563
2016-06-22,17,Road,1564
2016-06-22,17,Flow,1565
2016-06-22,17,Speed,1566
2016-06-22,18,Road,1567
2016-06-22,18,Flow,1568
2016-06-22,18,Speed,1569
2016-06-22,19,Road,1570
2016-06-22,19,Flow,1571
2016-06-22,19,Speed,1572
2016-06-22,20,Road,1573
2016-06-22,20,Flow,1574
2016-06-22,20,Speed,1575
2016-06-22,21,Road,1576
2016-06-22,21,Flow,1577
2016-06-22,21,Speed,1578
2016-06-22,22,Road,1579
2016-06-22,22,Flow,1580
2016-06-22,22,Speed,1581
2016-06-22,23,Road,1582
2016-06-22,23,Flow,1583
2016-06-22,23,Speed,1584
2016-06-23,00,Road,1585
2016-06-23,00,Flow,1586
2016-06-23,00,Speed,1587
2016-06-23,01,Road,1588
2016-06-23,01,Flow,1589
2016-06-23,01,Speed,1590
2016-06-23,02,Road,1591
2016-06-23,02,Flow,1592
2016-06-23,02,Speed,1593
2016-06-23,03,Road,1594
2016-06-23,03,Flow,1595
2016-06-23,03,Speed,1596
2016-06-23,04,Road,1597
2016-06-23,04,Flow,1598
2016-06-23,04,Speed,1599
2016-06-23,05,Road,1600
2016-06-23,05,Flow,1601
2016-06-23,05,Speed,1602
2016-06-23,06,Road,1603
2016-06-23,06,Flow,1604
2016-06-23,06,Speed,1605
2016-06-23,07,Road,1606
2016-06-23,07,Flow,1607
2016-06-23,07,Speed,1608
2016-06-23,08,Road,1609
2016-06-23,08,Flow,1610
2016-06-23,08,Speed,1611
2016-06-23,09,Road,1612
2016-06-23,09,Flow,1613
2016-06-23,09,Speed,1614
2016-06-23,10,Road,1615
2016-06-23,10,Flow,1616
2016-06-23,10,Speed,1617
2016-06-23,11,Road,1618
2016-06-23,11,Flow,1619
2016-06-23,11,Speed,1620
2016-06-23,12,Road,1621
2016-06-23,12,Flow,1622
2016-06-23,12,Speed,1623
2016-06-23,13,Road,1624
2016-06-23,13,Flow,1625
2016-06-23,13,Speed,1626
2016-06-23,14,Road,1627
2016-06-23,14,Flow,1628
2016-06-23,14,Speed,1629
2016-06-23,15,Road,1630
2016-06-23,15,Flow,1631
2016-06-23,15,Speed,1632
2016-06-23,16,Road,1633
2016-06-23,16,Flow,1634
2016-06-23,16,Speed,1635
2016-06-23,17,Road,1636
2016-06-23,17,Flow,1637
2016-06-23,17,Speed,1638
2016-06-23,18,Road,1639
2016-06-23,18,Flow,1640
2016-06-23,18,Speed,1641
2016-06-23,19,Road,1642
2016-06-23,19,Flow,1643
2016-06-23,19,Speed,1644
2016-06-23,20,Road,1645
2016-06-23,20,Flow,1646
2016-06-23,20,Speed,1647
2016-06-23,21,Road,1648
2016-06-23,21,Flow,1649
2016-06-23,21,Speed,1650
2016-06-23,22,Road,1651
2016-06-23,22,Flow,1652
2016-06-23,22,Speed,1653
2016-06-23,23,Road,1654
2016-06-23,23,Flow,1655
2016-06-23,23,Speed,1656
2016-06-24,00,Road,1657
2016-06-24,00,Flow,1658
2016-06-24,00,Speed,1659
2016-06-24,01,Road,1660
2016-06-24,01,Flow,1661
2016-06-24,01,Speed,1662
2016-06-24,02,Road,1663
2016-06-24,02,Flow,1664
2016-06-24,02,Speed,1665
2016-06-24,03,Road,1666
2016-06-24,03,Flow,1667
2016-06-24,03,Speed,1668
2016-06-24,04,Road,1669
2016-06-24,04,Flow,1670
2016-06-24,04,Speed,1671
2016-06-24,05,Road,1672
2016-06-24,05,Flow,1673
2016-06-24,05,Speed,1674
2016-06-24,06,Road,1675
2016-06-24,06,Flow,1676
2016-06-24,06,Speed,1677
2016-06-24,07,Road,1678
2016-06-24,07,Flow,1679
2016-06-24,07,Speed,1680
2016-06-24,08,Road,1681
2016-06-24,08,Flow,1682
2016-06-24,08,Speed,1683
2016-06-24,09,Road,1684
2016-06-24,09,Flow,1685
2016-06-24,09,Speed,1686
2016-06-24,10,Road,1687
2016-06-24,10,Flow,1688
2016-06-24,10,Speed,1689
2016-06-24,11,Road,1690
2016-06-24,11,Flow,1691
2016-06-24,11,Speed,1692
2016-06-24,12,Road,1693
2016-06-24,12,Flow,1694
2016-06-24,12,Speed,1695
2016-06-24,13,Road,1696
2016-06-24,13,Flow,1697
2016-06-24,13,Speed,1698
2016-06-24,14,Road,1699
2016-06-24,14,Flow,1700
2016-06-24,14,Speed,1701
2016-06-24,15,Road,1702
2016-06-24,15,Flow,1703
2016-06-24,15,Speed,1704
2016-06-24,16,Road,1705
2016-06-24,16,Flow,1706
2016-06-24,16,Speed,1707
2016-06-24,17,Road,1708
2016-06-24,17,Flow,1709
2016-06-24,17,Speed,1710
2016-06-24,18,Road,1711
2016-06-24,18,Flow,1712
2016-06-24,18,Speed,1713
2016-06-24,19,Road,1714
2016-06-24,19,Flow,1715
2016-06-24,19,Speed,1716
2016-06-24,20,Road,1717
2016-06-24,20,Flow,1718
2016-06-24,20,Speed,1719
2016-06-24,21,Road,1720
2016-06-24,21,Flow,1721
2016-06-24,21,Speed,1722
2016-06-24,22,Road,1723
2016-06-24,22,Flow,1724
2016-06-24,22,Speed,1725
2016-06-24,23,Road,1726
2016-06-24,23,Flow,1727
2016-06-24,23,Speed,1728
2016-06-25,00,Road,1729
2016-06-25,00,Flow,1730
2016-06-25,00,Speed,1731
2016-06-25,01,Road,1732
2016-06-25,01,Flow,1733
2016-06-25,01,Speed,1734
2016-06-25,02,Road,1735
2016-06-25,02,Flow,1736
2016-06-25,02,Speed,1737
2016-06-25,03,Road,1738
2016-06-25,03,Flow,1739
2016-06-25,03,Speed,1740
2016-06-25,04,Road,1741
2016-06-25,04,Flow,1742
2016-06-25,04,Speed,1743
2016-06-25,05,Road,1744
2016-06-25,05,Flow,1745
2016-06-25,05,Speed,1746
2016-06-25,06,Road,1747
2016-06-25,06,Flow,1748
2016-06-25,06,Speed,1749
2016-06-25,07,Road,1750
2016-06-25,07,Flow,1751
2016-06-25,07,Speed,1752
2016-06-25,08,Road,1753
2016-06-25,08,Flow,1754
2016-06-25,08,Speed,1755
2016-06-25,09,Road,1756
2016-06-25,09,Flow,1757
2016-06-25,09,Speed,1758
2016-06-25,10,Road,1759
2016-06-25,10,Flow,1760
2016-06-25,10,Speed,1761
2016-06-25,11,Road,1762
2016-06-25,11,Flow,1763
2016-06-25,11,Speed,1764
2016-06-25,12,Road,1765
2016-06-25,12,Flow,1766
2016-06-25,12,Speed,1767
2016-06-25,13,Road,1768
2016-06-25,13,Flow,1769
2016-06-25,13,Speed,1770
2016-06-25,14,Road,1771
2016-06-25,14,Flow,1772
2016-06-25,14,Speed,1773
2016-06-25,15,Road,1774
2016-06-25,15,Flow,1775
2016-06-25,15,Speed,1776
2016-06-25,16,Road,1777
2016-06-25,16,Flow,1778
2016-06-25,16,Speed,1779
2016-06-25,17,Road,1780
2016-06-25,17,Flow,1781
2016-06-25,17,Speed,1782
2016-06-25,18,Road,1783
2016-06-25,18,Flow,1784
2016-06-25,18,Speed,1785
2016-06-25,19,Road,1786
2016-06-25,19,Flow,1787
2016-06-25,19,Speed,1788
2016-06-25,20,Road,1789
2016-06-25,20,Flow,1790
2016-06-25,20,Speed,1791
2016-06-25,21,Road,1792
2016-06-25,21,Flow,1793
2016-06-25,21,Speed,1794
2016-06-25,22,Road,1795
2016-06-25,22,Flow,1796
2016-06-25,22,Speed,1797
2016-06-25,23,Road,1798
2016-06-25,23,Flow,1799
2016-06-25,23,Speed,1800
2016-06-26,00,Road,1801
2016-06-26,00,Flow,1802
2016-06-26,00,Speed,1803
2016-06-26,01,Road,1804
2016-06-26,01,Flow,1805
2016-06-26,01,Speed,1806
2016-06-26,02,Road,1807
2016-06-26,02,Flow,1808
2016-06-26,02,Speed,1809
2016-06-26,03,Road,1810
2016-06-26,03,Flow,1811
2016-06-26,03,Speed,1812
2016-06-26,04,Road,1813
2016-06-26,04,Flow,1814
2016-06-26,04,Speed,1815
2016-06-26,05,Road,1816
2016-06-26,05,Flow,1817
2016-06-26,05,Speed,1818
2016-06-26,06,Road,1819
2016-06-26,06,Flow,1820
2016-06-26,06,Speed,1821
2016-06-26,07,Road,1822
2016-06-26,07,Flow,1823
2016-06-26,07,Speed,1824
2016-06-26,08,Road,1825
2016-06-26,08,Flow,1826
2016-06-26,08,Speed,1827
2016-06-26,09,Road,1828
2016-06-26,09,Flow,1829
2016-06-26,09,Speed,1830
2016-06-26,10,Road,1831
2016-06-26,10,Flow,1832
2016-06-26,10,Speed,1833
2016-06-26,11,Road,1834
2016-06-26,11,Flow,1835
2016-06-26,11,Speed,1836
2016-06-26,12,Road,1837
2016-06-26,12,Flow,1838
2016-06-26,12,Speed,1839
2016-06-26,13,Road,1840
2016-06-26,13,Flow,1841
2016-06-26,13,Speed,1842
2016-06-26,14,Road,1843
2016-06-26,14,Flow,1844
2016-06-26,14,Speed,1845
2016-06-26,15,Road,1846
2016-06-26,15,Flow,1847
2016-06-26,15,Speed,1848
2016-06-26,16,Road,1849
2016-06-26,16,Flow,1850
2016-06-26,16,Speed,1851
2016-06-26,17,Road,1852
2016-06-26,17,Flow,1853
2016-06-26,17,Speed,1854
2016-06-26,18,Road,1855
2016-06-26,18,Flow,1856
2016-06-26,18,Speed,1857
2016-06-26,19,Road,1858
2016-06-26,19,Flow,1859
2016-06-26,19,Speed,1860
2016-06-26,20,Road,1861
2016-06-26,20,Flow,1862
2016-06-26,20,Speed,1863
2016-06-26,21,Road,1864
2016-06-26,21,Flow,1865
2016-06-26,21,Speed,1866
2016-06-26,22,Road,1867
2016-06-26,22,Flow,1868
2016-06-26,22,Speed,1869
2016-06-26,23,Road,1870
2016-06-26,23,Flow,1871
2016-06-26,23,Speed,1872
2016-06-27,00,Road,1873
2016-06-27,00,Flow,1874
2016-06-27,00,Speed,1875
2016-06-27,01,Road,1876
2016-06-27,01,Flow,1877
2016-06-27,01,Speed,1878
2016-06-27,02,Road,1879
2016-06-27,02,Flow,1880
2016-06-27,02,Speed,1881
2016-06-27,03,Road,1882
2016-06-27,03,Flow,1883
2016-06-27,03,Speed,1884
2016-06-27,04,Road,1885
2016-06-27,04,Flow,1886
2016-06-27,04,Speed,1887
2016-06-27,05,Road,1888
2016-06-27,05,Flow,1889
2016-06-27,05,Speed,1890
2016-06-27,06,Road,1891
2016-06-27,06,Flow,1892
2016-06-27,06,Speed,1893
2016-06-27,07,Road,1894
2016-06-27,07,Flow,1895
2016-06-27,07,Speed,1896
2016-06-27,08,Road,1897
2016-06-27,08,Flow,1898
2016-06-27,08,Speed,1899
2016-06-27,09,Road,1900
2016-06-27,09,Flow,1901
2016-06-27,09,Speed,1902
2016-06-27,10,Road,1903
2016-06-27,10,Flow,1904
2016-06-27,10,Speed,1905
2016-06-27,11,Road,1906
2016-06-27,11,Flow,1907
2016-06-27,11,Speed,1908
2016-06-27,12,Road,1909
2016-06-27,12,Flow,1910
2016-06-27,12,Speed,1911
2016-06-27,13,Road,1912
2016-06-27,13,Flow,1913
2016-06-27,13,Speed,1914
2016-06-27,14,Road,1915
2016-06-27,14,Flow,1916
2016-06-27,14,Speed,1917
2016-06-27,15,Road,1918
2016-06-27,15,Flow,1919
2016-06-27,15,Speed,1920
2016-06-27,16,Road,1921
2016-06-27,16,Flow,1922
2016-06-27,16,Speed,1923
2016-06-27,17,Road,1924
2016-06-27,17,Flow,1925
2016-06-27,17,Speed,1926
2016-06-27,18,Road,1927
2016-06-27,18,Flow,1928
2016-06-27,18,Speed,1929
2016-06-27,19,Road,1930
2016-06-27,19,Flow,1931
2016-06-27,19,Speed,1932
2016-06-27,20,Road,1933
2016-06-27,20,Flow,1934
2016-06-27,20,Speed,1935
2016-06-27,21,Road,1936
2016-06-27,21,Flow,1937
2016-06-27,21,Speed,1938
2016-06-27,22,Road,1939
2016-06-27,22,Flow,1940
2016-06-27,22,Speed,1941
2016-06-27,23,Road,1942
2016-06-27,23,Flow,1943
2016-06-27,23,Speed,1944
2016-06-28,00,Road,1945
2016-06-28,00,Flow,1946
2016-06-28,00,Speed,1947
2016-06-28,01,Road,1948
2016-06-28,01,Flow,1949
2016-06-28,01,Speed,1950
2016-06-28,02,Road,1951
2016-06-28,02,Flow,1952
2016-06-28,02,Speed,1953
2016-06-28,03,Road,1954
2016-06-28,03,Flow,1955
2016-06-28,03,Speed,1956
2016-06-28,04,Road,1957
2016-06-28,04,Flow,1958
2016-06-28,04,Speed,1959
2016-06-28,05,Road,1960
2016-06-28,05,Flow,1961
2016-06-28,05,Speed,1962
2016-06-28,06,Road,1963
2016-06-28,06,Flow,1964
2016-06-28,06,Speed,1965
2016-06-28,07,Road,1966
2016-06-28,07,Flow,1967
2016-06-28,07,Speed,1968
2016-06-28,08,Road,1969
2016-06-28,08,Flow,1970
2016-06-28,08,Speed,1971
2016-06-28,09,Road,1972
2016-06-28,09,Flow,1973
2016-06-28,09,Speed,1974
2016-06-28,10,Road,1975
2016-06-28,10,Flow,1976
2016-06-28,10,Speed,1977
2016-06-28,11,Road,1978
2016-06-28,11,Flow,1979
2016-06-28,11,Speed,1980
2016-06-28,12,Road,1981
2016-06-28,12,Flow,1982
2016-06-28,12,Speed,1983
2016-06-28,13,Road,1984
2016-06-28,13,Flow,1985
2016-06-28,13,Speed,1986
2016-06-28,14,Road,1987
2016-06-28,14,Flow,1988
2016-06-28,14,Speed,1989
2016-06-28,15,Road,1990
2016-06-28,15,Flow,1991
2016-06-28,15,Speed,1992
2016-06-28,16,Road,1993
2016-06-28,16,Flow,1994
2016-06-28,16,Speed,1995
2016-06-28,17,Road,1996
2016-06-28,17,Flow,1997
2016-06-28,17,Speed,1998
2016-06-28,18,Road,1999
2016-06-28,18,Flow,2000
2016-06-28,18,Speed,2001
2016-06-28,19,Road,2002
2016-06-28,19,Flow,2003
2016-06-28,19,Speed,2004
2016-06-28,20,Road,2005
2016-06-28,20,Flow,2006
2016-06-28,20,Speed,2007
2016-06-28,21,Road,2008
2016-06-28,21,Flow,2009
2016-06-28,21,Speed,2010
2016-06-28,22,Road,2011
2016-06-28,22,Flow,2012
2016-06-28,22,Speed,2013
2016-06-28,23,Road,2014
2016-06-28,23,Flow,2015
2016-06-28,23,Speed,2016
2016-06-29,00,Road,2017
2016-06-29,00,Flow,2018
2016-06-29,00,Speed,2019
2016-06-29,01,Road,2020
2016-06-29,01,Flow,2021
2016-06-29,01,Speed,2022
2016-06-29,02,Road,2023
2016-06-29,02,Flow,2024
2016-06-29,02,Speed,2025
2016-06-29,03,Road,2026
2016-06-29,03,Flow,2027
2016-06-29,03,Speed,2028
2016-06-29,04,Road,2029
2016-06-29,04,Flow,2030
2016-06-29,04,Speed,2031
2016-06-29,05,Road,2032
2016-06-29,05,Flow,2033
2016-06-29,05,Speed,2034
2016-06-29,06,Road,2035
2016-06-29,06,Flow,2036
2016-06-29,06,Speed,2037
2016-06-29,07,Road,2038
2016-06-29,07,Flow,2039
2016-06-29,07,Speed,2040
2016-06-29,08,Road,2041
2016-06-29,08,Flow,2042
2016-06-29,08,Speed,2043
2016-06-29,09,Road,2044
2016-06-29,09,Flow,2045
2016-06-29,09,Speed,2046
2016-06-29,10,Road,2047
2016-06-29,10,Flow,2048
2016-06-29,10,Speed,2049
2016-06-29,11,Road,2050
2016-06-29,11,Flow,2051
2016-06-29,11,Speed,2052
2016-06-29,12,Road,2053
2016-06-29,12,Flow,2054
2016-06-29,12,Speed,2055
2016-06-29,13,Road,2056
2016-06-29,13,Flow,2057
2016-06-29,13,Speed,2058
2016-06-29,14,Road,2059
2016-06-29,14,Flow,2060
2016-06-29,14,Speed,2061
2016-06-29,15,Road,2062
2016-06-29,15,Flow,2063
2016-06-29,15,Speed,2064
2016-06-29,16,Road,2065
2016-06-29,16,Flow,2066
2016-06-29,16,Speed,2067
2016-06-29,17,Road,2068
2016-06-29,17,Flow,2069
2016-06-29,17,Speed,2070
2016-06-29,18,Road,2071
2016-06-29,18,Flow,2072
2016-06-29,18,Speed,2073
2016-06-29,19,Road,2074
2016-06-29,19,Flow,2075
2016-06-29,19,Speed,2076
2016-06-29,20,Road,2077
2016-06-29,20,Flow,2078
2016-06-29,20,Speed,2079
2016-06-29,21,Road,2080
2016-06-29,21,Flow,2081
2016-06-29,21,Speed,2082
2016-06-29,22,Road,2083
2016-06-29,22,Flow,2084
2016-06-29,22,Speed,2085
2016-06-29,23,Road,2086
2016-06-29,23,Flow,2087
2016-06-29,23,Speed,2088
2016-06-30,00,Road,2089
2016-06-30,00,Flow,2090
2016-06-30,00,Speed,2091
2016-06-30,01,Road,2092
2016-06-30,01,Flow,2093
2016-06-30,01,Speed,2094
2016-06-30,02,Road,2095
2016-06-30,02,Flow,2096
2016-06-30,02,Speed,2097
2016-06-30,03,Road,2098
2016-06-30,03,Flow,2099
2016-06-30,03,Speed,2100
2016-06-30,04,Road,2101
2016-06-30,04,Flow,2102
2016-06-30,04,Speed,2103
2016-06-30,05,Road,2104
2016-06-30,05,Flow,2105
2016-06-30,05,Speed,2106
2016-06-30,06,Road,2107
2016-06-30,06,Flow,2108
2016-06-30,06,Speed,2109
2016-06-30,07,Road,2110
2016-06-30,07,Flow,2111
2016-06-30,07,Speed,2112
2016-06-30,08,Road,2113
2016-06-30,08,Flow,2114
2016-06-30,08,Speed,2115
2016-06-30,09,Road,2116
2016-06-30,09,Flow,2117
2016-06-30,09,Speed,2118
2016-06-30,10,Road,2119
2016-06-30,10,Flow,2120
2016-06-30,10,Speed,2121
2016-06-30,11,Road,2122
2016-06-30,11,Flow,2123
2016-06-30,11,Speed,2124
2016-06-30,12,Road,2125
2016-06-30,12,Flow,2126
2016-06-30,12,Speed,2127
2016-06-30,13,Road,2128
2016-06-30,13,Flow,2129
2016-06-30,13,Speed,2130
2016-06-30,14,Road,2131
2016-06-30,14,Flow,2132
2016-06-30,14,Speed,2133
2016-06-30,15,Road,2134
2016-06-30,15,Flow,2135
2016-06-30,15,Speed,2136
2016-06-30,16,Road,2137
2016-06-30,16,Flow,2138
2016-06-30,16,Speed,2139
2016-06-30,17,Road,2140
2016-06-30,17,Flow,2141
2016-06-30,17,Speed,2142
2016-06-30,18,Road,2143
2016-06-30,18,Flow,2144
2016-06-30,18,Speed,2145
2016-06-30,19,Road,2146
2016-06-30,19,Flow,2147
2016-06-30,19,Speed,2148
2016-06-30,20,Road,2149
2016-06-30,20,Flow,2150
2016-06-30,20,Speed,2151
2016-06-30,21,Road,2152
2016-06-30,21,Flow,2153
2016-06-30,21,Speed,2154
2016-06-30,22,Road,2155
2016-06-30,22,Flow,2156
2016-06-30,22,Speed,2157
2016-06-30,23,Road,2158
2016-06-30,23,Flow,2159
2016-06-30,23,Speed,2160
2016-07-01,00,Road,2161
2016-07-01,00,Flow,2162
2016-07-01,00,Speed,2163
2016-07-01,01,Road,2164
2016-07-01,01,Flow,2165
2016-07-01,01,Speed,2166
2016-07-01,02,Road,2167
2016-07-01,02,Flow,2168
2016-07-01,02,Speed,2169
2016-07-01,03,Road,2170
2016-07-01,03,Flow,2171
2016-07-01,03,Speed,2172
2016-07-01,04,Road,2173
2016-07-01,04,Flow,2174
2016-07-01,04,Speed,2175
2016-07-01,05,Road,2176
2016-07-01,05,Flow,2177
2016-07-01,05,Speed,2178
2016-07-01,06,Road,2179
2016-07-01,06,Flow,2180
2016-07-01,06,Speed,2181
2016-07-01,07,Road,2182
2016-07-01,07,Flow,2183
2016-07-01,07,Speed,2184
2016-07-01,08,Road,2185
2016-07-01,08,Flow,2186
2016-07-01,08,Speed,2187
2016-07-01,09,Road,2188
2016-07-01,09,Flow,2189
2016-07-01,09,Speed,2190
2016-07-01,10,Road,2191
2016-07-01,10,Flow,2192
2016-07-01,10,Speed,2193
2016-07-01,11,Road,2194
2016-07-01,11,Flow,2195
2016-07-01,11,Speed,2196
2016-07-01,12,Road,2197
2016-07-01,12,Flow,2198
2016-07-01,12,Speed,2199
2016-07-01,13,Road,2200
2016-07-01,13,Flow,2201
2016-07-01,13,Speed,2202
2016-07-01,14,Road,2203
2016-07-01,14,Flow,2204
2016-07-01,14,Speed,2205
2016-07-01,15,Road,2206
2016-07-01,15,Flow,2207
2016-07-01,15,Speed,2208
2016-07-01,16,Road,2209
2016-07-01,16,Flow,2210
2016-07-01,16,Speed,2211
2016-07-01,17,Road,2212
2016-07-01,17,Flow,2213
2016-07-01,17,Speed,2214
2016-07-01,18,Road,2215
2016-07-01,18,Flow,2216
2016-07-01,18,Speed,2217
2016-07-01,19,Road,2218
2016-07-01,19,Flow,2219
2016-07-01,19,Speed,2220
2016-07-01,20,Road,2221
2016-07-01,20,Flow,2222
2016-07-01,20,Speed,2223
2016-07-01,21,Road,2224
2016-07-01,21,Flow,2225
2016-07-01,21,Speed,2226
2016-07-01,22,Road,2227
2016-07-01,22,Flow,2228
2016-07-01,22,Speed,2229
2016-07-01,23,Road,2230
2016-07-01,23,Flow,2231
2016-07-01,23,Speed,2232
2016-07-02,00,Road,2233
2016-07-02,00,Flow,2234
2016-07-02,00,Speed,2235
2016-07-02,01,Road,2236
2016-07-02,01,Flow,2237
2016-07-02,01,Speed,2238
2016-07-02,02,Road,2239
2016-07-02,02,Flow,2240
2016-07-02,02,Speed,2241
2016-07-02,03,Road,2242
2016-07-02,03,Flow,2243
2016-07-02,03,Speed,2244
2016-07-02,04,Road,2245
2016-07-02,04,Flow,2246
2016-07-02,04,Speed,2247
2016-07-02,05,Road,2248
2016-07-02,05,Flow,2249
2016-07-02,05,Speed,2250
2016-07-02,06,Road,2251
2016-07-02,06,Flow,2252
2016-07-02,06,Speed,2253
2016-07-02,07,Road,2254
2016-07-02,07,Flow,2255
2016-07-02,07,Speed,2256
2016-07-02,08,Road,2257
2016-07-02,08,Flow,2258
2016-07-02,08,Speed,2259
2016-07-02,09,Road,2260
2016-07-02,09,Flow,2261
2016-07-02,09,Speed,2262
2016-07-02,10,Road,2263
2016-07-02,10,Flow,2264
2016-07-02,10,Speed,2265
2016-07-02,11,Road,2266
2016-07-02,11,Flow,2267
2016-07-02,11,Speed,2268
2016-07-02,12,Road,2269
2016-07-02,12,Flow,2270
2016-07-02,12,Speed,2271
2016-07-02,13,Road,2272
2016-07-02,13,Flow,2273
2016-07-02,13,Speed,2274
2016-07-02,14,Road,2275
2016-07-02,14,Flow,2276
2016-07-02,14,Speed,2277
2016-07-02,15,Road,2278
2016-07-02,15,Flow,2279
2016-07-02,15,Speed,2280
2016-07-02,16,Road,2281
2016-07-02,16,Flow,2282
2016-07-02,16,Speed,2283
2016-07-02,17,Road,2284
2016-07-02,17,Flow,2285
2016-07-02,17,Speed,2286
2016-07-02,18,Road,2287
2016-07-02,18,Flow,2288
2016-07-02,18,Speed,2289
2016-07-02,19,Road,2290
2016-07-02,19,Flow,2291
2016-07-02,19,Speed,2292
2016-07-02,20,Road,2293
2016-07-02,20,Flow,2294
2016-07-02,20,Speed,2295
2016-07-02,21,Road,2296
2016-07-02,21,Flow,2297
2016-07-02,21,Speed,2298
2016-07-02,22,Road,2299
2016-07-02,22,Flow,2300
2016-07-02,22,Speed,2301
2016-07-02,23,Road,2302
2016-07-02,23,Flow,2303
2016-07-02,23,Speed,2304
2016-07-03,00,Road,2305
2016-07-03,00,Flow,2306
2016-07-03,00,Speed,2307
2016-07-03,01,Road,2308
2016-07-03,01,Flow,2309
2016-07-03,01,Speed,2310
2016-07-03,02,Road,2311
2016-07-03,02,Flow,2312
2016-07-03,02,Speed,2313
2016-07-03,03,Road,2314
2016-07-03,03,Flow,2315
2016-07-03,03,Speed,2316
2016-07-03,04,Road,2317
2016-07-03,04,Flow,2318
2016-07-03,04,Speed,2319
2016-07-03,05,Road,2320
2016-07-03,05,Flow,2321
2016-07-03,05,Speed,2322
2016-07-03,06,Road,2323
2016-07-03,06,Flow,2324
2016-07-03,06,Speed,2325
2016-07-03,07,Road,2326
2016-07-03,07,Flow,2327
2016-07-03,07,Speed,2328
2016-07-03,08,Road,2329
2016-07-03,08,Flow,2330
2016-07-03,08,Speed,2331
2016-07-03,09,Road,2332
2016-07-03,09,Flow,2333
2016-07-03,09,Speed,2334
2016-07-03,10,Road,2335
2016-07-03,10,Flow,2336
2016-07-03,10,Speed,2337
2016-07-03,11,Road,2338
2016-07-03,11,Flow,2339
2016-07-03,11,Speed,2340
2016-07-03,12,Road,2341
2016-07-03,12,Flow,2342
2016-07-03,12,Speed,2343
2016-07-03,13,Road,2344
2016-07-03,13,Flow,2345
2016-07-03,13,Speed,2346
2016-07-03,14,Road,2347
2016-07-03,14,Flow,2348
2016-07-03,14,Speed,2349
2016-07-03,15,Road,2350
2016-07-03,15,Flow,2351
2016-07-03,15,Speed,2352
2016-07-03,16,Road,2353
2016-07-03,16,Flow,2354
2016-07-03,16,Speed,2355
2016-07-03,17,Road,2356
2016-07-03,17,Flow,2357
2016-07-03,17,Speed,2358
2016-07-03,18,Road,2359
2016-07-03,18,Flow,2360
2016-07-03,18,Speed,2361
2016-07-03,19,Road,2362
2016-07-03,19,Flow,2363
2016-07-03,19,Speed,2364
2016-07-03,20,Road,2365
2016-07-03,20,Flow,2366
2016-07-03,20,Speed,2367
2016-07-03,21,Road,2368
2016-07-03,21,Flow,2369
2016-07-03,21,Speed,2370
2016-07-03,22,Road,2371
2016-07-03,22,Flow,2372
2016-07-03,22,Speed,2373
2016-07-03,23,Road,2374
2016-07-03,23,Flow,2375
2016-07-03,23,Speed,2376
2016-07-04,00,Road,2377
2016-07-04,00,Flow,2378
2016-07-04,00,Speed,2379
2016-07-04,01,Road,2380
2016-07-04,01,Flow,2381
2016-07-04,01,Speed,2382
2016-07-04,02,Road,2383
2016-07-04,02,Flow,2384
2016-07-04,02,Speed,2385
2016-07-04,03,Road,2386
2016-07-04,03,Flow,2387
2016-07-04,03,Speed,2388
2016-07-04,04,Road,2389
2016-07-04,04,Flow,2390
2016-07-04,04,Speed,2391
2016-07-04,05,Road,2392
2016-07-04,05,Flow,2393
2016-07-04,05,Speed,2394
2016-07-04,06,Road,2395
2016-07-04,06,Flow,2396
2016-07-04,06,Speed,2397
2016-07-04,07,Road,2398
2016-07-04,07,Flow,2399
2016-07-04,07,Speed,2400
2016-07-04,08,Road,2401
2016-07-04,08,Flow,2402
2016-07-04,08,Speed,2403
2016-07-04,09,Road,2404
2016-07-04,09,Flow,2405
2016-07-04,09,Speed,2406
2016-07-04,10,Road,2407
2016-07-04,10,Flow,2408
2016-07-04,10,Speed,2409
2016-07-04,11,Road,2410
2016-07-04,11,Flow,2411
2016-07-04,11,Speed,2412
2016-07-04,12,Road,2413
2016-07-04,12,Flow,2414
2016-07-04,12,Speed,2415
2016-07-04,13,Road,2416
2016-07-04,13,Flow,2417
2016-07-04,13,Speed,2418
2016-07-04,14,Road,2419
2016-07-04,14,Flow,2420
2016-07-04,14,Speed,2421
2016-07-04,15,Road,2422
2016-07-04,15,Flow,2423
2016-07-04,15,Speed,2424
2016-07-04,16,Road,2425
2016-07-04,16,Flow,2426
2016-07-04,16,Speed,2427
2016-07-04,17,Road,2428
2016-07-04,17,Flow,2429
2016-07-04,17,Speed,2430
2016-07-04,18,Road,2431
2016-07-04,18,Flow,2432
2016-07-04,18,Speed,2433
2016-07-04,19,Road,2434
2016-07-04,19,Flow,2435
2016-07-04,19,Speed,2436
2016-07-04,20,Road,2437
2016-07-04,20,Flow,2438
2016-07-04,20,Speed,2439
2016-07-04,21,Road,2440
2016-07-04,21,Flow,2441
2016-07-04,21,Speed,2442
2016-07-04,22,Road,2443
2016-07-04,22,Flow,2444
2016-07-04,22,Speed,2445
2016-07-04,23,Road,2446
2016-07-04,23,Flow,2447
2016-07-04,23,Speed,2448
2016-07-05,00,Road,2449
2016-07-05,00,Flow,2450
2016-07-05,00,Speed,2451
2016-07-05,01,Road,2452
2016-07-05,01,Flow,2453
2016-07-05,01,Speed,2454
2016-07-05,02,Road,2455
2016-07-05,02,Flow,2456
2016-07-05,02,Speed,2457
2016-07-05,03,Road,2458
2016-07-05,03,Flow,2459
2016-07-05,03,Speed,2460
2016-07-05,04,Road,2461
2016-07-05,04,Flow,2462
2016-07-05,04,Speed,2463
2016-07-05,05,Road,2464
2016-07-05,05,Flow,2465
2016-07-05,05,Speed,2466
2016-07-05,06,Road,2467
2016-07-05,06,Flow,2468
2016-07-05,06,Speed,2469
2016-07-05,07,Road,2470
2016-07-05,07,Flow,2471
2016-07-05,07,Speed,2472
2016-07-05,08,Road,2473
2016-07-05,08,Flow,2474
2016-07-05,08,Speed,2475
2016-07-05,09,Road,2476
2016-07-05,09,Flow,2477
2016-07-05,09,Speed,2478
2016-07-05,10,Road,2479
2016-07-05,10,Flow,2480
2016-07-05,10,Speed,2481
2016-07-05,11,Road,2482
2016-07-05,11,Flow,2483
2016-07-05,11,Speed,2484
2016-07-05,12,Road,2485
2016-07-05,12,Flow,2486
2016-07-05,12,Speed,2487
2016-07-05,13,Road,2488
2016-07-05,13,Flow,2489
2016-07-05,13,Speed,2490
2016-07-05,14,Road,2491
2016-07-05,14,Flow,2492
2016-07-05,14,Speed,2493
2016-07-05,15,Road,2494
2016-07-05,15,Flow,2495
2016-07-05,15,Speed,2496
2016-07-05,16,Road,2497
2016-07-05,16,Flow,2498
2016-07-05,16,Speed,2499
2016-07-05,17,Road,2500
2016-07-05,17,Flow,2501
2016-07-05,17,Speed,2502
2016-07-05,18,Road,2503
2016-07-05,18,Flow,2504
2016-07-05,18,Speed,2505
2016-07-05,19,Road,2506
2016-07-05,19,Flow,2507
2016-07-05,19,Speed,2508
2016-07-05,20,Road,2509
2016-07-05,20,Flow,2510
2016-07-05,20,Speed,2511
2016-07-05,21,Road,2512
2016-07-05,21,Flow,2513
2016-07-05,21,Speed,2514
2016-07-05,22,Road,2515
2016-07-05,22,Flow,2516
2016-07-05,22,Speed,2517
2016-07-05,23,Road,2518
2016-07-05,23,Flow,2519
2016-07-05,23,Speed,2520
2016-07-06,00,Road,2521
2016-07-06,00,Flow,2522
2016-07-06,00,Speed,2523
2016-07-06,01,Road,2524
2016-07-06,01,Flow,2525
2016-07-06,01,Speed,2526
2016-07-06,02,Road,2527
2016-07-06,02,Flow,2528
2016-07-06,02,Speed,2529
2016-07-06,03,Road,2530
2016-07-06,03,Flow,2531
2016-07-06,03,Speed,2532
2016-07-06,04,Road,2533
2016-07-06,04,Flow,2534
2016-07-06,04,Speed,2535
2016-07-06,05,Road,2536
2016-07-06,05,Flow,2537
2016-07-06,05,Speed,2538
2016-07-06,06,Road,2539
2016-07-06,06,Flow,2540
2016-07-06,06,Speed,2541
2016-07-06,07,Road,2542
2016-07-06,07,Flow,2543
2016-07-06,07,Speed,2544
2016-07-06,08,Road,2545
2016-07-06,08,Flow,2546
2016-07-06,08,Speed,2547
2016-07-06,09,Road,2548
2016-07-06,09,Flow,2549
2016-07-06,09,Speed,2550
2016-07-06,10,Road,2551
2016-07-06,10,Flow,2552
2016-07-06,10,Speed,2553
2016-07-06,11,Road,2554
2016-07-06,11,Flow,2555
2016-07-06,11,Speed,2556
2016-07-06,12,Road,2557
2016-07-06,12,Flow,2558
2016-07-06,12,Speed,2559
2016-07-06,13,Road,2560
2016-07-06,13,Flow,2561
2016-07-06,13,Speed,2562
2016-07-06,14,Road,2563
2016-07-06,14,Flow,2564
2016-07-06,14,Speed,2565
2016-07-06,15,Road,2566
2016-07-06,15,Flow,2567
2016-07-06,15,Speed,2568
2016-07-06,16,Road,2569
2016-07-06,16,Flow,2570
2016-07-06,16,Speed,2571
2016-07-06,17,Road,2572
2016-07-06,17,Flow,2573
2016-07-06,17,Speed,2574
2016-07-06,18,Road,2575
2016-07-06,18,Flow,2576
2016-07-06,18,Speed,2577
2016-07-06,19,Road,2578
2016-07-06,19,Flow,2579
2016-07-06,19,Speed,2580
2016-07-06,20,Road,2581
2016-07-06,20,Flow,2582
2016-07-06,20,Speed,2583
2016-07-06,21,Road,2584
2016-07-06,21,Flow,2585
2016-07-06,21,Speed,2586
2016-07-06,22,Road,2587
2016-07-06,22,Flow,2588
2016-07-06,22,Speed,2589
2016-07-06,23,Road,2590
2016-07-06,23,Flow,2591
2016-07-06,23,Speed,2592
2016-07-07,00,Road,2593
2016-07-07,00,Flow,2594
2016-07-07,00,Speed,2595
2016-07-07,01,Road,2596
2016-07-07,01,Flow,2597
2016-07-07,01,Speed,2598
2016-07-07,02,Road,2599
2016-07-07,02,Flow,2600
2016-07-07,02,Speed,2601
2016-07-07,03,Road,2602
2016-07-07,03,Flow,2603
2016-07-07,03,Speed,2604
2016-07-07,04,Road,2605
2016-07-07,04,Flow,2606
2016-07-07,04,Speed,2607
2016-07-07,05,Road,2608
2016-07-07,05,Flow,2609
2016-07-07,05,Speed,2610
2016-07-07,06,Road,2611
2016-07-07,06,Flow,2612
2016-07-07,06,Speed,2613
2016-07-07,07,Road,2614
2016-07-07,07,Flow,2615
2016-07-07,07,Speed,2616
2016-07-07,08,Road,2617
2016-07-07,08,Flow,2618
2016-07-07,08,Speed,2619
2016-07-07,09,Road,2620
2016-07-07,09,Flow,2621
2016-07-07,09,Speed,2622
2016-07-07,10,Road,2623
2016-07-07,10,Flow,2624
2016-07-07,10,Speed,2625
2016-07-07,11,Road,2626
2016-07-07,11,Flow,2627
2016-07-07,11,Speed,2628
2016-07-07,12,Road,2629
2016-07-07,12,Flow,2630
2016-07-07,12,Speed,2631
2016-07-07,13,Road,2632
2016-07-07,13,Flow,2633
2016-07-07,13,Speed,2634
2016-07-07,14,Road,2635
2016-07-07,14,Flow,2636
2016-07-07,14,Speed,2637
2016-07-07,15,Road,2638
2016-07-07,15,Flow,2639
2016-07-07,15,Speed,2640
2016-07-07,16,Road,2641
2016-07-07,16,Flow,2642
2016-07-07,16,Speed,2643
2016-07-07,17,Road,2644
2016-07-07,17,Flow,2645
2016-07-07,17,Speed,2646
2016-07-07,18,Road,2647
2016-07-07,18,Flow,2648
2016-07-07,18,Speed,2649
2016-07-07,19,Road,2650
2016-07-07,19,Flow,2651
2016-07-07,19,Speed,2652
2016-07-07,20,Road,2653
2016-07-07,20,Flow,2654
2016-07-07,20,Speed,2655
2016-07-07,21,Road,2656
2016-07-07,21,Flow,2657
2016-07-07,21,Speed,2658
2016-07-07,22,Road,2659
2016-07-07,22,Flow,2660
2016-07-07,22,Speed,2661
2016-07-07,23,Road,2662
2016-07-07,23,Flow,2663
2016-07-07,23,Speed,2664
2016-07-08,00,Road,2665
2016-07-08,00,Flow,2666
2016-07-08,00,Speed,2667
2016-07-08,01,Road,2668
2016-07-08,01,Flow,2669
2016-07-08,01,Speed,2670
2016-07-08,02,Road,2671
2016-07-08,02,Flow,2672
2016-07-08,02,Speed,2673
2016-07-08,03,Road,2674
2016-07-08,03,Flow,2675
2016-07-08,03,Speed,2676
2016-07-08,04,Road,2677
2016-07-08,04,Flow,2678
2016-07-08,04,Speed,2679
2016-07-08,05,Road,2680
2016-07-08,05,Flow,2681
2016-07-08,05,Speed,2682
2016-07-08,06,Road,2683
2016-07-08,06,Flow,2684
2016-07-08,06,Speed,2685
2016-07-08,07,Road,2686
2016-07-08,07,Flow,2687
2016-07-08,07,Speed,2688
2016-07-08,08,Road,2689
2016-07-08,08,Flow,2690
2016-07-08,08,Speed,2691
2016-07-08,09,Road,2692
2016-07-08,09,Flow,2693
2016-07-08,09,Speed,2694
2016-07-08,10,Road,2695
2016-07-08,10,Flow,2696
2016-07-08,10,Speed,2697
2016-07-08,11,Road,2698
2016-07-08,11,Flow,2699
2016-07-08,11,Speed,2700
2016-07-08,12,Road,2701
2016-07-08,12,Flow,2702
2016-07-08,12,Speed,2703
2016-07-08,13,Road,2704
2016-07-08,13,Flow,2705
2016-07-08,13,Speed,2706
2016-07-08,14,Road,2707
2016-07-08,14,Flow,2708
2016-07-08,14,Speed,2709
2016-07-08,15,Road,2710
2016-07-08,15,Flow,2711
2016-07-08,15,Speed,2712
2016-07-08,16,Road,2713
2016-07-08,16,Flow,2714
2016-07-08,16,Speed,2715
2016-07-08,17,Road,2716
2016-07-08,17,Flow,2717
2016-07-08,17,Speed,2718
2016-07-08,18,Road,2719
2016-07-08,18,Flow,2720
2016-07-08,18,Speed,2721
2016-07-08,19,Road,2722
2016-07-08,19,Flow,2723
2016-07-08,19,Speed,2724
2016-07-08,20,Road,2725
2016-07-08,20,Flow,2726
2016-07-08,20,Speed,2727
2016-07-08,21,Road,2728
2016-07-08,21,Flow,2729
2016-07-08,21,Speed,2730
2016-07-08,22,Road,2731
2016-07-08,22,Flow,2732
2016-07-08,22,Speed,2733
2016-07-08,23,Road,2734
2016-07-08,23,Flow,2735
2016-07-08,23,Speed,2736
2016-07-09,00,Road,2737
2016-07-09,00,Flow,2738
2016-07-09,00,Speed,2739
2016-07-09,01,Road,2740
2016-07-09,01,Flow,2741
2016-07-09,01,Speed,2742
2016-07-09,02,Road,2743
2016-07-09,02,Flow,2744
2016-07-09,02,Speed,2745
2016-07-09,03,Road,2746
2016-07-09,03,Flow,2747
2016-07-09,03,Speed,2748
2016-07-09,04,Road,2749
2016-07-09,04,Flow,2750
2016-07-09,04,Speed,2751
2016-07-09,05,Road,2752
2016-07-09,05,Flow,2753
2016-07-09,05,Speed,2754
2016-07-09,06,Road,2755
2016-07-09,06,Flow,2756
2016-07-09,06,Speed,2757
2016-07-09,07,Road,2758
2016-07-09,07,Flow,2759
2016-07-09,07,Speed,2760
2016-07-09,08,Road,2761
2016-07-09,08,Flow,2762
2016-07-09,08,Speed,2763
2016-07-09,09,Road,2764
2016-07-09,09,Flow,2765
2016-07-09,09,Speed,2766
2016-07-09,10,Road,2767
2016-07-09,10,Flow,2768
2016-07-09,10,Speed,2769
2016-07-09,11,Road,2770
2016-07-09,11,Flow,2771
2016-07-09,11,Speed,2772
2016-07-09,12,Road,2773
2016-07-09,12,Flow,2774
2016-07-09,12,Speed,2775
2016-07-09,13,Road,2776
2016-07-09,13,Flow,2777
2016-07-09,13,Speed,2778
2016-07-09,14,Road,2779
2016-07-09,14,Flow,2780
2016-07-09,14,Speed,2781
2016-07-09,15,Road,2782
2016-07-09,15,Flow,2783
2016-07-09,15,Speed,2784
2016-07-09,16,Road,2785
2016-07-09,16,Flow,2786
2016-07-09,16,Speed,2787
2016-07-09,17,Road,2788
2016-07-09,17,Flow,2789
2016-07-09,17,Speed,2790
2016-07-09,18,Road,2791
2016-07-09,18,Flow,2792
2016-07-09,18,Speed,2793
2016-07-09,19,Road,2794
2016-07-09,19,Flow,2795
2016-07-09,19,Speed,2796
2016-07-09,20,Road,2797
2016-07-09,20,Flow,2798
2016-07-09,20,Speed,2799
2016-07-09,21,Road,2800
2016-07-09,21,Flow,2801
2016-07-09,21,Speed,2802
2016-07-09,22,Road,2803
2016-07-09,22,Flow,2804
2016-07-09,22,Speed,2805
2016-07-09,23,Road,2806
2016-07-09,23,Flow,2807
2016-07-09,23,Speed,2808
2016-07-10,00,Road,2809
2016-07-10,00,Flow,2810
2016-07-10,00,Speed,2811
2016-07-10,01,Road,2812
2016-07-10,01,Flow,2813
2016-07-10,01,Speed,2814
2016-07-10,02,Road,2815
2016-07-10,02,Flow,2816
2016-07-10,02,Speed,2817
2016-07-10,03,Road,2818
2016-07-10,03,Flow,2819
2016-07-10,03,Speed,2820
2016-07-10,04,Road,2821
2016-07-10,04,Flow,2822
2016-07-10,04,Speed,2823
2016-07-10,05,Road,2824
2016-07-10,05,Flow,2825
2016-07-10,05,Speed,2826
2016-07-10,06,Road,2827
2016-07-10,06,Flow,2828
2016-07-10,06,Speed,2829
2016-07-10,07,Road,2830
2016-07-10,07,Flow,2831
2016-07-10,07,Speed,2832
2016-07-10,08,Road,2833
2016-07-10,08,Flow,2834
2016-07-10,08,Speed,2835
2016-07-10,09,Road,2836
2016-07-10,09,Flow,2837
2016-07-10,09,Speed,2838
2016-07-10,10,Road,2839
2016-07-10,10,Flow,2840
2016-07-10,10,Speed,2841
2016-07-10,11,Road,2842
2016-07-10,11,Flow,2843
2016-07-10,11,Speed,2844
2016-07-10,12,Road,2845
2016-07-10,12,Flow,2846
2016-07-10,12,Speed,2847
2016-07-10,13,Road,2848
2016-07-10,13,Flow,2849
2016-07-10,13,Speed,2850
2016-07-10,14,Road,2851
2016-07-10,14,Flow,2852
2016-07-10,14,Speed,2853
2016-07-10,15,Road,2854
2016-07-10,15,Flow,2855
2016-07-10,15,Speed,2856
2016-07-10,16,Road,2857
2016-07-10,16,Flow,2858
2016-07-10,16,Speed,2859
2016-07-10,17,Road,2860
2016-07-10,17,Flow,2861
2016-07-10,17,Speed,2862
2016-07-10,18,Road,2863
2016-07-10,18,Flow,2864
2016-07-10,18,Speed,2865
2016-07-10,19,Road,2866
2016-07-10,19,Flow,2867
2016-07-10,19,Speed,2868
2016-07-10,20,Road,2869
2016-07-10,20,Flow,2870
2016-07-10,20,Speed,2871
2016-07-10,21,Road,2872
2016-07-10,21,Flow,2873
2016-07-10,21,Speed,2874
2016-07-10,22,Road,2875
2016-07-10,22,Flow,2876
2016-07-10,22,Speed,2877
2016-07-10,23,Road,2878
2016-07-10,23,Flow,2879
2016-07-10,23,Speed,2880
2016-07-11,00,Road,2881
2016-07-11,00,Flow,2882
2016-07-11,00,Speed,2883
2016-07-11,01,Road,2884
2016-07-11,01,Flow,2885
2016-07-11,01,Speed,2886
2016-07-11,02,Road,2887
2016-07-11,02,Flow,2888
2016-07-11,02,Speed,2889
2016-07-11,03,Road,2890
2016-07-11,03,Flow,2891
2016-07-11,03,Speed,2892
2016-07-11,04,Road,2893
2016-07-11,04,Flow,2894
2016-07-11,04,Speed,2895
2016-07-11,05,Road,2896
2016-07-11,05,Flow,2897
2016-07-11,05,Speed,2898
2016-07-11,06,Road,2899
2016-07-11,06,Flow,2900
2016-07-11,06,Speed,2901
2016-07-11,07,Road,2902
2016-07-11,07,Flow,2903
2016-07-11,07,Speed,2904
2016-07-11,08,Road,2905
2016-07-11,08,Flow,2906
2016-07-11,08,Speed,2907
2016-07-11,09,Road,2908
2016-07-11,09,Flow,2909
2016-07-11,09,Speed,2910
2016-07-11,10,Road,2911
2016-07-11,10,Flow,2912
2016-07-11,10,Speed,2913
2016-07-11,11,Road,2914
2016-07-11,11,Flow,2915
2016-07-11,11,Speed,2916
2016-07-11,12,Road,2917
2016-07-11,12,Flow,2918
2016-07-11,12,Speed,2919
2016-07-11,13,Road,2920
2016-07-11,13,Flow,2921
2016-07-11,13,Speed,2922
2016-07-11,14,Road,2923
2016-07-11,14,Flow,2924
2016-07-11,14,Speed,2925
2016-07-11,15,Road,2926
2016-07-11,15,Flow,2927
2016-07-11,15,Speed,2928
2016-07-11,16,Road,2929
2016-07-11,16,Flow,2930
2016-07-11,16,Speed,2931
2016-07-11,17,Road,2932
2016-07-11,17,Flow,2933
2016-07-11,17,Speed,2934
2016-07-11,18,Road,2935
2016-07-11,18,Flow,2936
2016-07-11,18,Speed,2937
2016-07-11,19,Road,2938
2016-07-11,19,Flow,2939
2016-07-11,19,Speed,2940
2016-07-11,20,Road,2941
2016-07-11,20,Flow,2942
2016-07-11,20,Speed,2943
2016-07-11,21,Road,2944
2016-07-11,21,Flow,2945
2016-07-11,21,Speed,2946
2016-07-11,22,Road,2947
2016-07-11,22,Flow,2948
2016-07-11,22,Speed,2949
2016-07-11,23,Road,2950
2016-07-11,23,Flow,2951
2016-07-11,23,Speed,2952
2016-07-12,00,Road,2953
2016-07-12,00,Flow,2954
2016-07-12,00,Speed,2955
2016-07-12,01,Road,2956
2016-07-12,01,Flow,2957
2016-07-12,01,Speed,2958
2016-07-12,02,Road,2959
2016-07-12,02,Flow,2960
2016-07-12,02,Speed,2961
2016-07-12,03,Road,2962
2016-07-12,03,Flow,2963
2016-07-12,03,Speed,2964
2016-07-12,04,Road,2965
2016-07-12,04,Flow,2966
2016-07-12,04,Speed,2967
2016-07-12,05,Road,2968
2016-07-12,05,Flow,2969
2016-07-12,05,Speed,2970
2016-07-12,06,Road,2971
2016-07-12,06,Flow,2972
2016-07-12,06,Speed,2973
2016-07-12,07,Road,2974
2016-07-12,07,Flow,2975
2016-07-12,07,Speed,2976
2016-07-12,08,Road,2977
2016-07-12,08,Flow,2978
2016-07-12,08,Speed,2979
2016-07-12,09,Road,2980
2016-07-12,09,Flow,2981
2016-07-12,09,Speed,2982
2016-07-12,10,Road,2983
2016-07-12,10,Flow,2984
2016-07-12,10,Speed,2985
2016-07-12,11,Road,2986
2016-07-12,11,Flow,2987
2016-07-12,11,Speed,2988
2016-07-12,12,Road,2989
2016-07-12,12,Flow,2990
2016-07-12,12,Speed,2991
2016-07-12,13,Road,2992
2016-07-12,13,Flow,2993
2016-07-12,13,Speed,2994
2016-07-12,14,Road,2995
2016-07-12,14,Flow,2996
2016-07-12,14,Speed,2997
2016-07-12,15,Road,2998
2016-07-12,15,Flow,2999
2016-07-12,15,Speed,3000
2016-07-12,16,Road,3001
2016-07-12,16,Flow,3002
2016-07-12,16,Speed,3003
2016-07-12,17,Road,3004
2016-07-12,17,Flow,3005
2016-07-12,17,Speed,3006
2016-07-12,18,Road,3007
2016-07-12,18,Flow,3008
2016-07-12,18,Speed,3009
2016-07-12,19,Road,3010
2016-07-12,19,Flow,3011
2016-07-12,19,Speed,3012
2016-07-12,20,Road,3013
2016-07-12,20,Flow,3014
2016-07-12,20,Speed,3015
2016-07-12,21,Road,3016
2016-07-12,21,Flow,3017
2016-07-12,21,Speed,3018
2016-07-12,22,Road,3019
2016-07-12,22,Flow,3020
2016-07-12,22,Speed,3021
2016-07-12,23,Road,3022
2016-07-12,23,Flow,3023
2016-07-12,23,Speed,3024
2016-07-13,00,Road,3025
2016-07-13,00,Flow,3026
2016-07-13,00,Speed,3027
2016-07-13,01,Road,3028
2016-07-13,01,Flow,3029
2016-07-13,01,Speed,3030
2016-07-13,02,Road,3031
2016-07-13,02,Flow,3032
2016-07-13,02,Speed,3033
2016-07-13,03,Road,3034
2016-07-13,03,Flow,3035
2016-07-13,03,Speed,3036
2016-07-13,04,Road,3037
2016-07-13,04,Flow,3038
2016-07-13,04,Speed,3039
2016-07-13,05,Road,3040
2016-07-13,05,Flow,3041
2016-07-13,05,Speed,3042
2016-07-13,06,Road,3043
2016-07-13,06,Flow,3044
2016-07-13,06,Speed,3045
2016-07-13,07,Road,3046
2016-07-13,07,Flow,3047
2016-07-13,07,Speed,3048
2016-07-13,08,Road,3049
2016-07-13,08,Flow,3050
2016-07-13,08,Speed,3051
2016-07-13,09,Road,3052
2016-07-13,09,Flow,3053
2016-07-13,09,Speed,3054
2016-07-13,10,Road,3055
2016-07-13,10,Flow,3056
2016-07-13,10,Speed,3057
2016-07-13,11,Road,3058
2016-07-13,11,Flow,3059
2016-07-13,11,Speed,3060
2016-07-13,12,Road,3061
2016-07-13,12,Flow,3062
2016-07-13,12,Speed,3063
2016-07-13,13,Road,3064
2016-07-13,13,Flow,3065
2016-07-13,13,Speed,3066
2016-07-13,14,Road,3067
2016-07-13,14,Flow,3068
2016-07-13,14,Speed,3069
2016-07-13,15,Road,3070
2016-07-13,15,Flow,3071
2016-07-13,15,Speed,3072
2016-07-13,16,Road,3073
2016-07-13,16,Flow,3074
2016-07-13,16,Speed,3075
2016-07-13,17,Road,3076
2016-07-13,17,Flow,3077
2016-07-13,17,Speed,3078
2016-07-13,18,Road,3079
2016-07-13,18,Flow,3080
2016-07-13,18,Speed,3081
2016-07-13,19,Road,3082
2016-07-13,19,Flow,3083
2016-07-13,19,Speed,3084
2016-07-13,20,Road,3085
2016-07-13,20,Flow,3086
2016-07-13,20,Speed,3087
2016-07-13,21,Road,3088
2016-07-13,21,Flow,3089
2016-07-13,21,Speed,3090
2016-07-13,22,Road,3091
2016-07-13,22,Flow,3092
2016-07-13,22,Speed,3093
2016-07-13,23,Road,3094
2016-07-13,23,Flow,3095
2016-07-13,23,Speed,3096
2016-07-14,00,Road,3097
2016-07-14,00,Flow,3098
2016-07-14,00,Speed,3099
2016-07-14,01,Road,3100
2016-07-14,01,Flow,3101
2016-07-14,01,Speed,3102
2016-07-14,02,Road,3103
2016-07-14,02,Flow,3104
2016-07-14,02,Speed,3105
2016-07-14,03,Road,3106
2016-07-14,03,Flow,3107
2016-07-14,03,Speed,3108
2016-07-14,04,Road,3109
2016-07-14,04,Flow,3110
2016-07-14,04,Speed,3111
2016-07-14,05,Road,3112
2016-07-14,05,Flow,3113
2016-07-14,05,Speed,3114
2016-07-14,06,Road,3115
2016-07-14,06,Flow,3116
2016-07-14,06,Speed,3117
2016-07-14,07,Road,3118
2016-07-14,07,Flow,3119
2016-07-14,07,Speed,3120
2016-07-14,08,Road,3121
2016-07-14,08,Flow,3122
2016-07-14,08,Speed,3123
2016-07-14,09,Road,3124
2016-07-14,09,Flow,3125
2016-07-14,09,Speed,3126
2016-07-14,10,Road,3127
2016-07-14,10,Flow,3128
2016-07-14,10,Speed,3129
2016-07-14,11,Road,3130
2016-07-14,11,Flow,3131
2016-07-14,11,Speed,3132
2016-07-14,12,Road,3133
2016-07-14,12,Flow,3134
2016-07-14,12,Speed,3135
2016-07-14,13,Road,3136
2016-07-14,13,Flow,3137
2016-07-14,13,Speed,3138
2016-07-14,14,Road,3139
2016-07-14,14,Flow,3140
2016-07-14,14,Speed,3141
2016-07-14,15,Road,3142
2016-07-14,15,Flow,3143
2016-07-14,15,Speed,3144
2016-07-14,16,Road,3145
2016-07-14,16,Flow,3146
2016-07-14,16,Speed,3147
2016-07-14,17,Road,3148
2016-07-14,17,Flow,3149
2016-07-14,17,Speed,3150
2016-07-14,18,Road,3151
2016-07-14,18,Flow,3152
2016-07-14,18,Speed,3153
2016-07-14,19,Road,3154
2016-07-14,19,Flow,3155
2016-07-14,19,Speed,3156
2016-07-14,20,Road,3157
2016-07-14,20,Flow,3158
2016-07-14,20,Speed,3159
2016-07-14,21,Road,3160
2016-07-14,21,Flow,3161
2016-07-14,21,Speed,3162
2016-07-14,22,Road,3163
2016-07-14,22,Flow,3164
2016-07-14,22,Speed,3165
2016-07-14,23,Road,3166
2016-07-14,23,Flow,3167
2016-07-14,23,Speed,3168
2016-07-15,00,Road,3169
2016-07-15,00,Flow,3170
2016-07-15,00,Speed,3171
2016-07-15,01,Road,3172
2016-07-15,01,Flow,3173
2016-07-15,01,Speed,3174
2016-07-15,02,Road,3175
2016-07-15,02,Flow,3176
2016-07-15,02,Speed,3177
2016-07-15,03,Road,3178
2016-07-15,03,Flow,3179
2016-07-15,03,Speed,3180
2016-07-15,04,Road,3181
2016-07-15,04,Flow,3182
2016-07-15,04,Speed,3183
2016-07-15,05,Road,3184
2016-07-15,05,Flow,3185
2016-07-15,05,Speed,3186
2016-07-15,06,Road,3187
2016-07-15,06,Flow,3188
2016-07-15,06,Speed,3189
2016-07-15,07,Road,3190
2016-07-15,07,Flow,3191
2016-07-15,07,Speed,3192
2016-07-15,08,Road,3193
2016-07-15,08,Flow,3194
2016-07-15,08,Speed,3195
2016-07-15,09,Road,3196
2016-07-15,09,Flow,3197
2016-07-15,09,Speed,3198
2016-07-15,10,Road,3199
2016-07-15,10,Flow,3200
2016-07-15,10,Speed,3201
2016-07-15,11,Road,3202
2016-07-15,11,Flow,3203
2016-07-15,11,Speed,3204
2016-07-15,12,Road,3205
2016-07-15,12,Flow,3206
2016-07-15,12,Speed,3207
2016-07-15,13,Road,3208
2016-07-15,13,Flow,3209
2016-07-15,13,Speed,3210
2016-07-15,14,Road,3211
2016-07-15,14,Flow,3212
2016-07-15,14,Speed,3213
2016-07-15,15,Road,3214
2016-07-15,15,Flow,3215
2016-07-15,15,Speed,3216
2016-07-15,16,Road,3217
2016-07-15,16,Flow,3218
2016-07-15,16,Speed,3219
2016-07-15,17,Road,3220
2016-07-15,17,Flow,3221
2016-07-15,17,Speed,3222
2016-07-15,18,Road,3223
2016-07-15,18,Flow,3224
2016-07-15,18,Speed,3225
2016-07-15,19,Road,3226
2016-07-15,19,Flow,3227
2016-07-15,19,Speed,3228
2016-07-15,20,Road,3229
2016-07-15,20,Flow,3230
2016-07-15,20,Speed,3231
2016-07-15,21,Road,3232
2016-07-15,21,Flow,3233
2016-07-15,21,Speed,3234
2016-07-15,22,Road,3235
2016-07-15,22,Flow,3236
2016-07-15,22,Speed,3237
2016-07-15,23,Road,3238
2016-07-15,23,Flow,3239
2016-07-15,23,Speed,3240
2016-07-16,00,Road,3241
2016-07-16,00,Flow,3242
2016-07-16,00,Speed,3243
2016-07-16,01,Road,3244
2016-07-16,01,Flow,3245
2016-07-16,01,Speed,3246
2016-07-16,02,Road,3247
2016-07-16,02,Flow,3248
2016-07-16,02,Speed,3249
2016-07-16,03,Road,3250
2016-07-16,03,Flow,3251
2016-07-16,03,Speed,3252
2016-07-16,04,Road,3253
2016-07-16,04,Flow,3254
2016-07-16,04,Speed,3255
2016-07-16,05,Road,3256
2016-07-16,05,Flow,3257
2016-07-16,05,Speed,3258
2016-07-16,06,Road,3259
2016-07-16,06,Flow,3260
2016-07-16,06,Speed,3261
2016-07-16,07,Road,3262
2016-07-16,07,Flow,3263
2016-07-16,07,Speed,3264
2016-07-16,08,Road,3265
2016-07-16,08,Flow,3266
2016-07-16,08,Speed,3267
2016-07-16,09,Road,3268
2016-07-16,09,Flow,3269
2016-07-16,09,Speed,3270
2016-07-16,10,Road,3271
2016-07-16,10,Flow,3272
2016-07-16,10,Speed,3273
2016-07-16,11,Road,3274
2016-07-16,11,Flow,3275
2016-07-16,11,Speed,3276
2016-07-16,12,Road,3277
2016-07-16,12,Flow,3278
2016-07-16,12,Speed,3279
2016-07-16,13,Road,3280
2016-07-16,13,Flow,3281
2016-07-16,13,Speed,3282
2016-07-16,14,Road,3283
2016-07-16,14,Flow,3284
2016-07-16,14,Speed,3285
2016-07-16,15,Road,3286
2016-07-16,15,Flow,3287
2016-07-16,15,Speed,3288
2016-07-16,16,Road,3289
2016-07-16,16,Flow,3290
2016-07-16,16,Speed,3291
2016-07-16,17,Road,3292
2016-07-16,17,Flow,3293
2016-07-16,17,Speed,3294
2016-07-16,18,Road,3295
2016-07-16,18,Flow,3296
2016-07-16,18,Speed,3297
2016-07-16,19,Road,3298
2016-07-16,19,Flow,3299
2016-07-16,19,Speed,3300
2016-07-16,20,Road,3301
2016-07-16,20,Flow,3302
2016-07-16,20,Speed,3303
2016-07-16,21,Road,3304
2016-07-16,21,Flow,3305
2016-07-16,21,Speed,3306
2016-07-16,22,Road,3307
2016-07-16,22,Flow,3308
2016-07-16,22,Speed,3309
2016-07-16,23,Road,3310
2016-07-16,23,Flow,3311
2016-07-16,23,Speed,3312
2016-07-17,00,Road,3313
2016-07-17,00,Flow,3314
2016-07-17,00,Speed,3315
2016-07-17,01,Road,3316
2016-07-17,01,Flow,3317
2016-07-17,01,Speed,3318
2016-07-17,02,Road,3319
2016-07-17,02,Flow,3320
2016-07-17,02,Speed,3321
2016-07-17,03,Road,3322
2016-07-17,03,Flow,3323
2016-07-17,03,Speed,3324
2016-07-17,04,Road,3325
2016-07-17,04,Flow,3326
2016-07-17,04,Speed,3327
2016-07-17,05,Road,3328
2016-07-17,05,Flow,3329
2016-07-17,05,Speed,3330
2016-07-17,06,Road,3331
2016-07-17,06,Flow,3332
2016-07-17,06,Speed,3333
2016-07-17,07,Road,3334
2016-07-17,07,Flow,3335
2016-07-17,07,Speed,3336
2016-07-17,08,Road,3337
2016-07-17,08,Flow,3338
2016-07-17,08,Speed,3339
2016-07-17,09,Road,3340
2016-07-17,09,Flow,3341
2016-07-17,09,Speed,3342
2016-07-17,10,Road,3343
2016-07-17,10,Flow,3344
2016-07-17,10,Speed,3345
2016-07-17,11,Road,3346
2016-07-17,11,Flow,3347
2016-07-17,11,Speed,3348
2016-07-17,12,Road,3349
2016-07-17,12,Flow,3350
2016-07-17,12,Speed,3351
2016-07-17,13,Road,3352
2016-07-17,13,Flow,3353
2016-07-17,13,Speed,3354
2016-07-17,14,Road,3355
2016-07-17,14,Flow,3356
2016-07-17,14,Speed,3357
2016-07-17,15,Road,3358
2016-07-17,15,Flow,3359
2016-07-17,15,Speed,3360
2016-07-17,16,Road,3361
2016-07-17,16,Flow,3362
2016-07-17,16,Speed,3363
2016-07-17,17,Road,3364
2016-07-17,17,Flow,3365
2016-07-17,17,Speed,3366
2016-07-17,18,Road,3367
2016-07-17,18,Flow,3368
2016-07-17,18,Speed,3369
2016-07-17,19,Road,3370
2016-07-17,19,Flow,3371
2016-07-17,19,Speed,3372
2016-07-17,20,Road,3373
2016-07-17,20,Flow,3374
2016-07-17,20,Speed,3375
2016-07-17,21,Road,3376
2016-07-17,21,Flow,3377
2016-07-17,21,Speed,3378
2016-07-17,22,Road,3379
2016-07-17,22,Flow,3380
2016-07-17,22,Speed,3381
2016-07-17,23,Road,3382
2016-07-17,23,Flow,3383
2016-07-17,23,Speed,3384
2016-07-18,00,Road,3385
2016-07-18,00,Flow,3386
2016-07-18,00,Speed,3387
2016-07-18,01,Road,3388
2016-07-18,01,Flow,3389
2016-07-18,01,Speed,3390
2016-07-18,02,Road,3391
2016-07-18,02,Flow,3392
2016-07-18,02,Speed,3393
2016-07-18,03,Road,3394
2016-07-18,03,Flow,3395
2016-07-18,03,Speed,3396
2016-07-18,04,Road,3397
2016-07-18,04,Flow,3398
2016-07-18,04,Speed,3399
2016-07-18,05,Road,3400
2016-07-18,05,Flow,3401
2016-07-18,05,Speed,3402
2016-07-18,06,Road,3403
2016-07-18,06,Flow,3404
2016-07-18,06,Speed,3405
2016-07-18,07,Road,3406
2016-07-18,07,Flow,3407
2016-07-18,07,Speed,3408
2016-07-18,08,Road,3409
2016-07-18,08,Flow,3410
2016-07-18,08,Speed,3411
2016-07-18,09,Road,3412
2016-07-18,09,Flow,3413
2016-07-18,09,Speed,3414
2016-07-18,10,Road,3415
2016-07-18,10,Flow,3416
2016-07-18,10,Speed,3417
2016-07-18,11,Road,3418
2016-07-18,11,Flow,3419
2016-07-18,11,Speed,3420
2016-07-18,12,Road,3421
2016-07-18,12,Flow,3422
2016-07-18,13,Road,3423
2016-07-18,13,Flow,3424
2016-07-18,14,Road,3425
2016-07-18,14,Flow,3426
2016-07-18,15,Road,3427
2016-07-18,15,Flow,3428
2016-07-18,16,Road,3429
2016-07-18,16,Flow,3430
2016-07-18,17,Road,3431
2016-07-18,17,Flow,3432
2016-07-18,18,Road,3433
2016-07-18,18,Flow,3434
2016-07-18,19,Road,3435
2016-07-18,19,Flow,3436
2016-07-18,20,Road,3437
2016-07-18,20,Flow,3438
2016-07-18,21,Road,3439
2016-07-18,21,Flow,3440
2016-07-18,22,Road,3441
2016-07-18,22,Flow,3442
2016-07-18,23,Road,3443
2016-07-18,23,Flow,3444
