measurementSiteReference,startLocatieForDisplayLat,startLocatieForDisplayLong,ROADNUMBER,flowID
GEO02_PNHTI503,52.3398,4.6358,N201,1
GEO02_PNHTI503r,52.3398,4.6358,N201,2
GEO02_PNHTI504,52.3326,4.64281,N201,3
GEO02_PNHTI504r,52.3322,4.6438,N201,4
GEO02_PNHTI505,52.3164,4.68152,N201,5
GEO02_PNHTI505r,52.3164,4.68152,N201,6
GEO02_PNHTI506,52.3085,4.70949,N201,7
GEO02_PNHTI506r,52.3085,4.70949,N201,8
GEO02_PNHTI507,52.2848,4.73054,N196,9
GEO02_PNHTI507r,52.2849,4.73065,N196,10
GEO02_PNHTI508,52.2578,4.77092,N196,11
GEO02_PNHTI508r,52.2578,4.77092,N196,12
GEO02_PNHTI512,52.4522,4.67637,N202,13
GEO02_PNHTI512r,52.4522,4.67637,N202,14
GEO02_PNHTI513,52.4301,4.73391,N202,15
GEO02_PNHTI513r,52.4301,4.73391,N202,16
GEO02_PNHTI518,52.3704,4.67406,N205,17
GEO02_PNHTI518r,52.3702,4.67607,N205,18
GEO02_PNHTI519,52.3513,4.69689,N205,19
GEO02_PNHTI519r,52.3513,4.69689,N205,20
GEO02_PNHTI531,52.4188,4.64372,N208,21
GEO02_PNHTI531r,52.4187,4.64372,A208,22
GEO02_PNHTI532,52.4319,4.64746,A208,23
GEO02_PNHTI532r,52.432,4.64708,A208,24
GEO02_PNHTI534,52.2563,4.78288,N231,25
GEO02_PNHTI534r,52.2563,4.78288,N231,26
GEO02_PNHTI535,52.2685,4.80288,N231,27
GEO02_PNHTI535r,52.2685,4.80288,N231,28
GEO02_PNHTI536,52.3026,4.81213,N231,29
GEO02_PNHTI536r,52.3026,4.81213,N231,30
GEO02_PNHTI537,52.3699,4.67941,N232,31
GEO02_PNHTI537r,52.3699,4.67941,N232,32
GEO02_PNHTI538,52.3647,4.71708,N232,33
GEO02_PNHTI538r,52.3647,4.71708,N232,34
GEO02_PNHTI539,52.3522,4.74063,N232,35
GEO02_PNHTI539r,52.3522,4.74063,N232,36
GEO02_PNHTI541,52.3309,4.78027,N232,37
GEO02_PNHTI541r,52.3309,4.78027,N232,38
GEO02_PNHTI542,52.3063,4.83181,A9,39
GEO02_PNHTI542r,52.3062,4.83182,A9,40
GEO02_PNHTI543,52.4245,4.95108,N235,41
GEO02_PNHTI543r,52.4245,4.95108,N235,42
GEO02_PNHTI545,52.312,4.99871,N236,43
GEO02_PNHTI545r,52.312,4.99871,N236,44
GEO02_PNHTI546,52.3032,5.01688,N236,45
GEO02_PNHTI546r,52.3032,5.01688,N236,46
GEO02_PNHTI547,52.3025,5.02918,N236,47
GEO02_PNHTI547r,52.3025,5.02918,N236,48
GEO02_PNHTI548,52.2958,5.05763,N236,49
GEO02_PNHTI548r,52.2958,5.05763,N236,50
GEO02_PNHTI549,52.2912,5.07479,N236,51
GEO02_PNHTI549r,52.2912,5.07479,N236,52
GEO02_PNHTI570,52.4404,4.73456,N246,53
GEO02_PNHTI570r,52.4404,4.73456,N246,54
GEO02_PNHTI576,52.424,4.96383,N247,55
GEO02_PNHTI576r,52.4225,4.96168,N247,56
GEO02_PNHTI577,52.4438,5.01806,N247,57
GEO02_PNHTI577r,52.4438,5.01806,N247,58
GEO02_PNHTI594,52.431,4.85558,N516,59
GEO02_PNHTI594r,52.431,4.85558,N516,60
GEO02_PNHTI595,52.4325,4.87414,N516,61
GEO02_PNHTI595r,52.4325,4.87414,N516,62
GEO02_PNHTI597,52.4388,5.05085,N518,63
GEO02_PNHTI597r,52.4388,5.05085,N518,64
GEO02_PNHTI598,52.3634,4.73595,N519,65
GEO02_PNHTI598r,52.3634,4.73595,N519,66
GEO02_PNHTI599,52.2581,4.82868,N521,67
GEO02_PNHTI599r,52.2581,4.82868,N521,68
GEO02_PNHTI600,52.2985,4.89119,N522,69
GEO02_PNHTI600r,52.2985,4.89119,N522,70
GEO02_PNHTI601,52.3027,4.91816,N522,71
GEO02_PNHTI601r,52.3027,4.91816,N522,72
GEO02_PNHTI602,52.2777,5.05173,N523,73
GEO02_PNHTI602r,52.2777,5.05173,N523,74
GEO02_PNHTI608,52.2733,4.78438,N201,75
GEO02_PNHTI608r,52.2734,4.7847,N201,76
GEO02_PNHTI609,52.2788,4.7277,N201,77
GEO02_PNHTI609r,52.2788,4.7277,N201,78
GEO02_PNHTI611,52.2963,4.79303,N232,79
GEO02_PNHTI612,52.2962,4.79335,N232,80
GEO02_PNHTI613,52.3013,4.79713,N232,81
GEO02_PNHTI614,52.2865,4.75879,N201,82
GEO02_PNHTI615,52.2867,4.75849,N201,83
GEO02_PNHTI616,52.2567,4.8192,N201,84
GEO02_PNHTI617,52.2569,4.81936,N201,85
GEO02_R_RWSTI1147,52.301,4.93601,A9,86
GEO02_R_RWSTI370,52.3317,5.00493,A1,87
GEO02_R_RWSTI4099,52.3276,5.0607,A1,88
GEO02_R_RWSTI4100,52.3276,5.06072,A1,89
GEO02_R_RWSTI4101,52.3276,5.06072,A1,90
GEO02_R_RWSTI4102,52.328,5.06081,A1,91
GEO02_R_RWSTI4196,52.3852,4.71479,A200,92
GEO02_R_RWSTI4197,52.3852,4.71479,A200,93
GEO02_R_RWSTI4198,52.3852,4.7148,A200,94
GEO02_R_RWSTI4199,52.3852,4.7148,A200,95
GEO02_R_RWSTI4245,52.4165,4.91749,A10,96
GEO02_R_RWSTI4246,52.4168,4.91778,A10,97
GEO02_R_RWSTI4249,52.3384,4.94814,A10,98
GEO02_R_RWSTI4250,52.3384,4.94814,A10,99
GEO02_R_RWSTI4320,52.2995,4.93954,A9,100
GEO02_R_RWSTI4321,52.2975,4.94204,A9,101
GEO02_R_RWSTI4322,52.2975,4.94206,A9,102
GEO02_R_RWSTI4323,52.2881,4.91726,A9,103
GEO02_R_RWSTI4324,52.2881,4.91733,A9,104
GEO02_R_RWSTI4325,52.2964,4.88221,A9,105
GEO02_R_RWSTI4326,52.2964,4.88221,A9,106
GEO02_R_RWSTI4327,52.2971,4.87495,A9,107
GEO02_R_RWSTI4328,52.2971,4.87494,A9,108
GEO02_R_RWSTI4340,52.3394,4.84195,A10,109
GEO02_R_RWSTI4341,52.3394,4.84195,A10,110
GEO02_R_RWSTI4345,52.3529,4.84231,A10,111
GEO02_R_RWSTI4346,52.3529,4.84236,A10,112
GEO02_R_RWSTI4347,52.3529,4.84236,A10,113
GEO02_R_RWSTI4348,52.3759,4.84319,A10,114
GEO02_R_RWSTI4350,52.338,4.83351,A4,115
GEO02_R_RWSTI4351,52.338,4.83351,A4,116
GEO02_R_RWSTI4352,52.339,4.82655,A4,117
GEO02_R_RWSTI4353,52.339,4.82659,A10,118
GEO02_R_RWSTI4368,52.2819,4.95108,A2,119
GEO02_R_RWSTI4369,52.2819,4.95105,A9,120
GEO02_R_RWSTI4370,52.2825,4.95158,A2,121
GEO02_R_RWSTI4371,52.2825,4.95157,A2,122
GEO02_R_RWSTI4466,52.3224,4.91495,A2,123
GEO02_R_RWSTI4468,52.3224,4.91495,A2,124
GEO02_R_RWSTI4469,52.3224,4.91495,A2,125
GEO02_R_RWSTI4474,52.4029,4.85213,A10,126
GEO02_R_RWSTI4475,52.4029,4.85213,A10,127
GEO02_R_RWSTI4476,52.4025,4.85188,A10,128
GEO02_R_RWSTI4477,52.4025,4.85188,A10,129
GEO02_R_RWSTI4478,52.4029,4.85128,A10,130
GEO02_R_RWSTI4479,52.4059,4.85458,A10,131
GEO02_R_RWSTI4480,52.3222,4.9143,A2,132
GEO02_R_RWSTI783,52.4457,4.65433,A208,133
GEO02_R_RWSTI785,52.4483,4.65491,A208,134
GEO02_RVTTI07,52.4411,4.64121,ndw175,135
GEO02_RVTTI08,52.441,4.64106,ndw175,136
GEO02_Z_RWSTIN278,52.385,4.84328,s103,137
GEO02_Z_RWSTIN279,52.3849,4.83931,N200,138
GEO02_Z_RWSTIN280,52.3849,4.84094,N200,139
GEO02_Z_RWSTIN281,52.3848,4.83352,N200,140
GEO02_Z_RWSTIN282,52.3847,4.83557,N200,141
GEO02_Z_RWSTIN283,52.3847,4.81806,N200,142
GEO02_Z_RWSTIN284,52.3843,4.82011,N200,143
GEO02_Z_RWSTIN285,52.384,4.7537,N200,144
GEO02_Z_RWSTIN286,52.3839,4.7554,N200,145
GEO02_Z_RWSTIN287,52.3862,4.7412,N200,146
RWS01_MONIBAS_0010vwa0056ra,52.3454,4.97708,A1,147
RWS01_MONIBAS_0010vwa0065ra,52.3391,4.98616,A1,148
RWS01_MONIBAS_0010vwb0070ra,52.3359,4.99184,A1,149
RWS01_MONIBAS_0010vwb0119ra,52.3273,5.06081,A1,150
RWS01_MONIBAS_0010vwc0070ra,52.3364,4.99242,A1,151
RWS01_MONIBAS_0010vwd0057ra,52.3449,4.97901,A1,152
RWS01_MONIBAS_0010vwd0065ra,52.3394,4.98661,A1,153
RWS01_MONIBAS_0010vwe0079ra,52.3326,5.00333,A1,154
RWS01_MONIBAS_0010vwe0083ra,52.3295,5.00511,A1,155
RWS01_MONIBAS_0010vwf0046ra,52.3506,4.9656,A1,156
RWS01_MONIBAS_0010vwk0070ra,52.3297,5.00532,A1,157
RWS01_MONIBAS_0010vwk0072ra,52.3315,5.00505,A1,158
RWS01_MONIBAS_0010vwk0075ra,52.3343,5.00444,A1,159
RWS01_MONIBAS_0010vwk0079ra,52.3331,5.00383,A1,160
RWS01_MONIBAS_0010vwn0070ra,52.3364,4.99206,A1,161
RWS01_MONIBAS_0010vwn0074ra,52.3346,4.99734,A1,162
RWS01_MONIBAS_0010vwp0073ra,52.3348,4.99577,A1,163
RWS01_MONIBAS_0010vwp0076ra,52.3337,4.9995,A1,164
RWS01_MONIBAS_0010vwp0079ra,52.333,5.00282,A1,165
RWS01_MONIBAS_0010vwp0082ra,52.3325,5.00666,A1,166
RWS01_MONIBAS_0010vwp0085ra,52.3324,5.01117,A1,167
RWS01_MONIBAS_0010vwp0089ra,52.3325,5.01717,A1,168
RWS01_MONIBAS_0010vwp0093ra,52.3324,5.0227,A1,169
RWS01_MONIBAS_0010vwp0096ra,52.3322,5.02722,A1,170
RWS01_MONIBAS_0010vwp0098ra,52.3322,5.03038,A1,171
RWS01_MONIBAS_0010vwp0099ra,52.3322,5.03269,A1,172
RWS01_MONIBAS_0010vwp0099rb,52.3322,5.03269,A1,173
RWS01_MONIBAS_0010vwp0101ra,52.3321,5.0349,A1,174
RWS01_MONIBAS_0010vwp0104ra,52.3321,5.03898,A1,175
RWS01_MONIBAS_0010vwp0107ra,52.3321,5.04343,A1,176
RWS01_MONIBAS_0010vwp0110ra,52.3317,5.04771,A1,177
RWS01_MONIBAS_0010vwp0112ra,52.3311,5.05064,A1,178
RWS01_MONIBAS_0010vwp0114ra,52.3303,5.05311,A1,179
RWS01_MONIBAS_0010vwp0116ra,52.3295,5.05572,A1,180
RWS01_MONIBAS_0010vwp0119ra,52.3278,5.06069,A1,181
RWS01_MONIBAS_0010vwp0122ra,52.3269,5.06342,A1,182
RWS01_MONIBAS_0010vwp0124ra,52.3261,5.06621,A1,183
RWS01_MONIBAS_0010vwp0126ra,52.3252,5.06919,A1,184
RWS01_MONIBAS_0010vwp0129ra,52.3243,5.07275,A1,185
RWS01_MONIBAS_0010vwp0132ra,52.323,5.07715,A1,186
RWS01_MONIBAS_0010vwp0135ra,52.3213,5.08009,A1,187
RWS01_MONIBAS_0010vwp0138ra,52.3208,5.085,A1,188
RWS01_MONIBAS_0010vwp0140ra,52.3199,5.08791,A1,189
RWS01_MONIBAS_0010vwp0142ra,52.319,5.09122,A1,190
RWS01_MONIBAS_0010vwq0071ra,52.3361,4.99245,A1,191
RWS01_MONIBAS_0010vwq0073ra,52.3348,4.99577,A1,192
RWS01_MONIBAS_0010vwq0076ra,52.3337,4.9995,A1,193
RWS01_MONIBAS_0010vwq0079ra,52.333,5.00315,A1,194
RWS01_MONIBAS_0010vwq0082ra,52.3325,5.00659,A1,195
RWS01_MONIBAS_0010vwq0085ra,52.3324,5.01103,A1,196
RWS01_MONIBAS_0010vwq0089ra,52.3325,5.01717,A1,197
RWS01_MONIBAS_0010vwq0093ra,52.3324,5.0227,A1,198
RWS01_MONIBAS_0010vwq0096ra,52.3322,5.02722,A1,199
RWS01_MONIBAS_0010vwq0098ra,52.3322,5.03039,A1,200
RWS01_MONIBAS_0010vwq0098rb,52.3322,5.03054,A1,201
RWS01_MONIBAS_0010vwq0101ra,52.3321,5.0349,A1,202
RWS01_MONIBAS_0010vwq0104ra,52.3321,5.03898,A1,203
RWS01_MONIBAS_0010vwq0107ra,52.3321,5.04343,A1,204
RWS01_MONIBAS_0010vwq0110ra,52.3317,5.04771,A1,205
RWS01_MONIBAS_0010vwq0112ra,52.3311,5.05064,A1,206
RWS01_MONIBAS_0010vwq0114ra,52.3303,5.05311,A1,207
RWS01_MONIBAS_0010vwq0117ra,52.3289,5.05741,A1,208
RWS01_MONIBAS_0010vwq0119ra,52.3278,5.06069,A1,209
RWS01_MONIBAS_0010vwq0122ra,52.3269,5.06342,A1,210
RWS01_MONIBAS_0010vwq0124ra,52.3261,5.06621,A1,211
RWS01_MONIBAS_0010vwq0126ra,52.3252,5.06919,A1,212
RWS01_MONIBAS_0010vwq0129ra,52.3242,5.07315,A1,213
RWS01_MONIBAS_0010vwq0132ra,52.323,5.07715,A1,214
RWS01_MONIBAS_0010vwq0135ra,52.3225,5.08147,A1,215
RWS01_MONIBAS_0010vwq0138ra,52.3208,5.085,A1,216
RWS01_MONIBAS_0010vwq0140ra,52.3199,5.08791,A1,217
RWS01_MONIBAS_0010vwq0142ra,52.319,5.09122,A1,218
RWS01_MONIBAS_0011hrl0032ra,52.3437,4.95523,A1,219
RWS01_MONIBAS_0011hrl0036ra,52.3469,4.95834,A1,220
RWS01_MONIBAS_0011hrl0040ra,52.3502,4.96085,A1,221
RWS01_MONIBAS_0011hrl0040rb,52.3502,4.96085,A1,222
RWS01_MONIBAS_0011hrl0045ra,52.3516,4.96592,A1,223
RWS01_MONIBAS_0011hrl0049ra,52.3488,4.96995,A1,224
RWS01_MONIBAS_0011hrl0049rb,52.3488,4.96995,A1,225
RWS01_MONIBAS_0011hrl0052ra,52.3474,4.97359,A1,226
RWS01_MONIBAS_0011hrl0056ra,52.3457,4.97747,A1,227
RWS01_MONIBAS_0011hrl0060ra,52.3432,4.9815,A1,228
RWS01_MONIBAS_0011hrl0065ra,52.3393,4.98649,A1,229
RWS01_MONIBAS_0011hrl0068ra,52.3373,4.98989,A1,230
RWS01_MONIBAS_0011hrl0070ra,52.3362,4.99217,A1,231
RWS01_MONIBAS_0011hrl0074ra,52.3344,4.99724,A1,232
RWS01_MONIBAS_0011hrl0076ra,52.3337,4.99994,A1,233
RWS01_MONIBAS_0011hrl0079ra,52.333,5.00377,A1,234
RWS01_MONIBAS_0011hrl0081ra,52.3327,5.00695,A1,235
RWS01_MONIBAS_0011hrl0085ra,52.3325,5.01113,A1,236
RWS01_MONIBAS_0011hrl0089ra,52.3325,5.01717,A1,237
RWS01_MONIBAS_0011hrl0094ra,52.3324,5.02555,A1,238
RWS01_MONIBAS_0011hrl0098ra,52.3323,5.03061,A1,239
RWS01_MONIBAS_0011hrl0101ra,52.3323,5.035,A1,240
RWS01_MONIBAS_0011hrl0107ra,52.3322,5.04359,A1,241
RWS01_MONIBAS_0011hrl0112ra,52.3311,5.0508,A1,242
RWS01_MONIBAS_0011hrl0117ra,52.3289,5.05766,A1,243
RWS01_MONIBAS_0011hrl0119ra,52.3278,5.06105,A1,244
RWS01_MONIBAS_0011hrl0124ra,52.3261,5.06644,A1,245
RWS01_MONIBAS_0011hrl0126ra,52.3253,5.06934,A1,246
RWS01_MONIBAS_0011hrl0129ra,52.3243,5.07324,A1,247
RWS01_MONIBAS_0011hrl0132ra,52.3231,5.07721,A1,248
RWS01_MONIBAS_0011hrl0135ra,52.3221,5.08093,A1,249
RWS01_MONIBAS_0011hrl0139ra,52.3202,5.08733,A1,250
RWS01_MONIBAS_0011hrl0142ra,52.3191,5.09122,A1,251
RWS01_MONIBAS_0011hrr0040ra,52.3472,4.95946,A1,252
RWS01_MONIBAS_0011hrr0045ra,52.3502,4.9642,A1,253
RWS01_MONIBAS_0011hrr0051ra,52.3478,4.97186,A1,254
RWS01_MONIBAS_0011hrr0053ra,52.3467,4.97452,A1,255
RWS01_MONIBAS_0011hrr0060ra,52.3431,4.98128,A1,256
RWS01_MONIBAS_0011hrr0063ra,52.3406,4.98437,A1,257
RWS01_MONIBAS_0011hrr0068ra,52.3372,4.98975,A1,258
RWS01_MONIBAS_0011hrr0070ra,52.3361,4.99199,A1,259
RWS01_MONIBAS_0011hrr0070rb,52.3361,4.99199,A1,260
RWS01_MONIBAS_0011hrr0073ra,52.3346,4.99584,A1,261
RWS01_MONIBAS_0011hrr0076ra,52.3335,4.99982,A1,262
RWS01_MONIBAS_0011hrr0079ra,52.3328,5.0036,A1,263
RWS01_MONIBAS_0011hrr0082ra,52.3324,5.00719,A1,264
RWS01_MONIBAS_0011hrr0085ra,52.3323,5.01135,A1,265
RWS01_MONIBAS_0011hrr0089ra,52.3324,5.01736,A1,266
RWS01_MONIBAS_0011hrr0095ra,52.3322,5.0267,A1,267
RWS01_MONIBAS_0011hrr0101ra,52.332,5.0349,A1,268
RWS01_MONIBAS_0011hrr0107ra,52.332,5.04346,A1,269
RWS01_MONIBAS_0011hrr0112ra,52.3309,5.05069,A1,270
RWS01_MONIBAS_0011hrr0116ra,52.3293,5.05577,A1,271
RWS01_MONIBAS_0011hrr0119ra,52.3277,5.06069,A1,272
RWS01_MONIBAS_0011hrr0124ra,52.3257,5.06705,A1,273
RWS01_MONIBAS_0011hrr0126ra,52.3251,5.06911,A1,274
RWS01_MONIBAS_0011hrr0129ra,52.324,5.07308,A1,275
RWS01_MONIBAS_0011hrr0132ra,52.3229,5.07707,A1,276
RWS01_MONIBAS_0011hrr0135ra,52.3216,5.08163,A1,277
RWS01_MONIBAS_0011hrr0140ra,52.3199,5.08778,A1,278
RWS01_MONIBAS_0020vwa0331ra,52.312,4.92352,A2,279
RWS01_MONIBAS_0020vwa0389ra,52.2648,4.96181,A2,280
RWS01_MONIBAS_0020vwb0335ra,52.3086,4.92716,A2,281
RWS01_MONIBAS_0020vwd0331ra,52.3122,4.92395,A2,282
RWS01_MONIBAS_0020vwd0391ra,52.2648,4.96425,A2,283
RWS01_MONIBAS_0020vwe0363ra,52.2867,4.94175,A2,284
RWS01_MONIBAS_0020vwe0368ra,52.2864,4.93436,A2,285
RWS01_MONIBAS_0020vwf0309ra,52.3289,4.91899,A2,286
RWS01_MONIBAS_0020vwf0352ra,52.2955,4.9408,A2,287
RWS01_MONIBAS_0020vwg0351ra,52.2965,4.93786,A2,288
RWS01_MONIBAS_0020vwg0355ra,52.297,4.94163,A2,289
RWS01_MONIBAS_0020vwh0304ra,52.33,4.90615,A2,290
RWS01_MONIBAS_0020vwh0307ra,52.3302,4.91131,A2,291
RWS01_MONIBAS_0020vwh0314ra,52.3259,4.91417,A2,292
RWS01_MONIBAS_0020vwh0316ra,52.3241,4.91433,A2,293
RWS01_MONIBAS_0020vwh0319ra,52.3215,4.91519,A2,294
RWS01_MONIBAS_0020vwh0369ra,52.2825,4.95212,A2,295
RWS01_MONIBAS_0020vwm0348ra,52.2988,4.93672,A2,296
RWS01_MONIBAS_0020vwm0348rb,52.2988,4.93672,A2,297
RWS01_MONIBAS_0020vwm0358ra,52.2907,4.94305,A2,298
RWS01_MONIBAS_0020vwm0362ra,52.2873,4.94668,A2,299
RWS01_MONIBAS_0020vwm0365ra,52.2854,4.94838,A2,300
RWS01_MONIBAS_0020vwn0344ra,52.3023,4.93445,A2,301
RWS01_MONIBAS_0020vwn0348ra,52.2993,4.93727,A2,302
RWS01_MONIBAS_0020vwn0355ra,52.2936,4.94224,A2,303
RWS01_MONIBAS_0020vwn0357ra,52.2921,4.94348,A2,304
RWS01_MONIBAS_0021hrl0313ra,52.3261,4.91372,A2,305
RWS01_MONIBAS_0021hrl0319ra,52.3215,4.91507,A2,306
RWS01_MONIBAS_0021hrl0322ra,52.3187,4.91699,A2,307
RWS01_MONIBAS_0021hrl0325ra,52.3163,4.9194,A2,308
RWS01_MONIBAS_0021hrl0328ra,52.3144,4.92142,A2,309
RWS01_MONIBAS_0021hrl0333ra,52.3107,4.92547,A2,310
RWS01_MONIBAS_0021hrl0335ra,52.3087,4.92756,A2,311
RWS01_MONIBAS_0021hrl0335rb,52.3089,4.92728,A2,312
RWS01_MONIBAS_0021hrl0339ra,52.3058,4.9306,A2,313
RWS01_MONIBAS_0021hrl0344ra,52.3023,4.9341,A2,314
RWS01_MONIBAS_0021hrl0348ra,52.2992,4.93698,A2,315
RWS01_MONIBAS_0021hrl0352ra,52.2956,4.94007,A2,316
RWS01_MONIBAS_0021hrl0360ra,52.2897,4.94523,A2,317
RWS01_MONIBAS_0021hrl0363ra,52.2872,4.94739,A2,318
RWS01_MONIBAS_0021hrl0363rb,52.2872,4.94739,A2,319
RWS01_MONIBAS_0021hrl0365ra,52.2857,4.94866,A2,320
RWS01_MONIBAS_0021hrl0368ra,52.2825,4.95129,A2,321
RWS01_MONIBAS_0021hrl0368rb,52.2826,4.95123,A2,322
RWS01_MONIBAS_0021hrl0373ra,52.2792,4.95392,A2,323
RWS01_MONIBAS_0021hrl0379ra,52.2742,4.95768,A2,324
RWS01_MONIBAS_0021hrl0385ra,52.2692,4.96036,A2,325
RWS01_MONIBAS_0021hrl0391ra,52.2641,4.96326,A2,326
RWS01_MONIBAS_0021hrl0397ra,52.259,4.96597,A2,327
RWS01_MONIBAS_0021hrr0308ra,52.3307,4.91276,A2,328
RWS01_MONIBAS_0021hrr0310ra,52.3286,4.9131,A2,329
RWS01_MONIBAS_0021hrr0310rb,52.3286,4.9131,A2,330
RWS01_MONIBAS_0021hrr0313ra,52.3266,4.91343,A2,331
RWS01_MONIBAS_0021hrr0318ra,52.3223,4.91443,A2,332
RWS01_MONIBAS_0021hrr0323ra,52.3181,4.91717,A2,333
RWS01_MONIBAS_0021hrr0326ra,52.3158,4.91954,A2,334
RWS01_MONIBAS_0021hrr0329ra,52.3136,4.92196,A2,335
RWS01_MONIBAS_0021hrr0331ra,52.3121,4.92363,A2,336
RWS01_MONIBAS_0021hrr0335ra,52.3086,4.9273,A2,337
RWS01_MONIBAS_0021hrr0340ra,52.3053,4.93073,A2,338
RWS01_MONIBAS_0021hrr0343ra,52.303,4.9331,A2,339
RWS01_MONIBAS_0021hrr0348ra,52.2991,4.93683,A2,340
RWS01_MONIBAS_0021hrr0353ra,52.2952,4.94027,A2,341
RWS01_MONIBAS_0021hrr0360ra,52.2896,4.94503,A2,342
RWS01_MONIBAS_0021hrr0364ra,52.2859,4.94817,A2,343
RWS01_MONIBAS_0021hrr0369ra,52.2819,4.95132,A2,344
RWS01_MONIBAS_0021hrr0375ra,52.2773,4.95468,A2,345
RWS01_MONIBAS_0021hrr0381ra,52.2724,4.95809,A2,346
RWS01_MONIBAS_0021hrr0387ra,52.2672,4.96064,A2,347
RWS01_MONIBAS_0021hrr0390ra,52.2649,4.962,A2,348
RWS01_MONIBAS_0021hrr0392ra,52.2625,4.96349,A2,349
RWS01_MONIBAS_0040vwa0019ra,52.3389,4.81792,A4,350
RWS01_MONIBAS_0040vwa0112ra,52.2862,4.72245,A4,351
RWS01_MONIBAS_0040vwa0128ra,52.2749,4.70633,A4,352
RWS01_MONIBAS_0040vwb0027ra,52.3362,4.8075,A4,353
RWS01_MONIBAS_0040vwc0024ra,52.337,4.81111,A4,354
RWS01_MONIBAS_0040vwc0119ra,52.2804,4.71741,A4,355
RWS01_MONIBAS_0040vwc0129ra,52.2731,4.70664,A4,356
RWS01_MONIBAS_0040vwd0020ra,52.3381,4.81698,A4,357
RWS01_MONIBAS_0040vwe0036ra,52.3308,4.79683,A4,358
RWS01_MONIBAS_0040vwf0041ra,52.3266,4.79285,A4,359
RWS01_MONIBAS_0040vwh0003ra,52.3379,4.84096,A4,360
RWS01_MONIBAS_0040vwh0007ra,52.3376,4.83581,A4,361
RWS01_MONIBAS_0040vwh0007rb,52.3378,4.83476,A4,362
RWS01_MONIBAS_0040vwh0105ra,52.29,4.73044,A4,363
RWS01_MONIBAS_0040vwm0034ra,52.3317,4.8002,A4,364
RWS01_MONIBAS_0040vwm0036ra,52.3302,4.79736,A4,365
RWS01_MONIBAS_0040vwm0066ra,52.3081,4.74783,A4,366
RWS01_MONIBAS_0040vwm0069ra,52.3168,4.75342,A4,367
RWS01_MONIBAS_0040vwm0070ra,52.3168,4.75342,A4,368
RWS01_MONIBAS_0040vwm0072ra,52.3168,4.75342,A4,369
RWS01_MONIBAS_0040vwm0073ra,52.3168,4.75342,A4,370
RWS01_MONIBAS_0040vwm0074ra,52.3168,4.75342,A4,371
RWS01_MONIBAS_0040vwm0078ra,52.3168,4.75342,A4,372
RWS01_MONIBAS_0040vwm0099ra,52.2947,4.73555,A4,373
RWS01_MONIBAS_0040vwm0101ra,52.2932,4.73238,A4,374
RWS01_MONIBAS_0040vwm0106ra,52.2897,4.7279,A4,375
RWS01_MONIBAS_0040vwm0109ra,52.2875,4.72489,A4,376
RWS01_MONIBAS_0040vwm0113ra,52.2852,4.72173,A4,377
RWS01_MONIBAS_0040vwm0117ra,52.2821,4.71728,A4,378
RWS01_MONIBAS_0040vwm0122ra,52.2786,4.71226,A4,379
RWS01_MONIBAS_0040vwm0125ra,52.2766,4.7094,A4,380
RWS01_MONIBAS_0040vwm0129ra,52.2738,4.70541,A4,381
RWS01_MONIBAS_0040vwm0133ra,52.2713,4.70188,A4,382
RWS01_MONIBAS_0040vwm0136ra,52.2694,4.69936,A4,383
RWS01_MONIBAS_0040vwn0036ra,52.3297,4.79826,A4,384
RWS01_MONIBAS_0040vwn0063ra,52.3168,4.75342,A4,385
RWS01_MONIBAS_0040vwn0066ra,52.3168,4.75342,A4,386
RWS01_MONIBAS_0040vwn0069ra,52.3168,4.75342,A4,387
RWS01_MONIBAS_0040vwn0071ra,52.3168,4.75342,A4,388
RWS01_MONIBAS_0040vwn0072ra,52.3168,4.75342,A4,389
RWS01_MONIBAS_0040vwn0074ra,52.3168,4.75342,A4,390
RWS01_MONIBAS_0040vwn0075ra,52.3081,4.74783,A4,391
RWS01_MONIBAS_0040vwn0077ra,52.3081,4.74783,A4,392
RWS01_MONIBAS_0040vwn0100ra,52.2936,4.73472,A4,393
RWS01_MONIBAS_0040vwn0102ra,52.2919,4.73297,A4,394
RWS01_MONIBAS_0040vwn0105ra,52.2899,4.73093,A4,395
RWS01_MONIBAS_0040vwn0108ra,52.288,4.72724,A4,396
RWS01_MONIBAS_0040vwn0108rb,52.288,4.72724,A4,397
RWS01_MONIBAS_0040vwn0110ra,52.2864,4.72487,A4,398
RWS01_MONIBAS_0040vwn0113ra,52.2843,4.72182,A4,399
RWS01_MONIBAS_0040vwn0113rb,52.2843,4.72182,A4,400
RWS01_MONIBAS_0040vwn0118ra,52.2811,4.71732,A4,401
RWS01_MONIBAS_0040vwn0121ra,52.2791,4.71452,A4,402
RWS01_MONIBAS_0040vwn0124ra,52.2768,4.71117,A4,403
RWS01_MONIBAS_0040vwn0129ra,52.2736,4.70652,A4,404
RWS01_MONIBAS_0040vwn0132ra,52.2717,4.70384,A4,405
RWS01_MONIBAS_0040vwn0132rb,52.2718,4.70393,A4,406
RWS01_MONIBAS_0041hrl0004ra,52.3377,4.83897,A4,407
RWS01_MONIBAS_0041hrl0007ra,52.3382,4.83486,A4,408
RWS01_MONIBAS_0041hrl0011ra,52.3382,4.82938,A4,409
RWS01_MONIBAS_0041hrl0011rb,52.3382,4.82938,A4,410
RWS01_MONIBAS_0041hrl0015ra,52.3383,4.82358,A4,411
RWS01_MONIBAS_0041hrl0015rb,52.3383,4.82358,A4,412
RWS01_MONIBAS_0041hrl0020ra,52.3383,4.817,A4,413
RWS01_MONIBAS_0041hrl0024ra,52.3372,4.81101,A4,414
RWS01_MONIBAS_0041hrl0027ra,52.3352,4.80713,A4,415
RWS01_MONIBAS_0041hrl0030ra,52.3335,4.80434,A4,416
RWS01_MONIBAS_0041hrl0036ra,52.3298,4.79805,A4,417
RWS01_MONIBAS_0041hrl0040ra,52.3279,4.79366,A4,418
RWS01_MONIBAS_0041hrl0044ra,52.3264,4.78804,A4,419
RWS01_MONIBAS_0041hrl0052ra,52.3249,4.7768,A4,420
RWS01_MONIBAS_0041hrl0052rb,52.3249,4.7768,A4,421
RWS01_MONIBAS_0041hrl0055ra,52.3243,4.77201,A4,422
RWS01_MONIBAS_0041hrl0055rb,52.3244,4.77271,A4,423
RWS01_MONIBAS_0041hrl0059ra,52.3235,4.76659,A4,424
RWS01_MONIBAS_0041hrl0059rb,52.3236,4.76701,A4,425
RWS01_MONIBAS_0041hrl0063ra,52.3222,4.76165,A4,426
RWS01_MONIBAS_0041hrl0065ra,52.3206,4.75823,A4,427
RWS01_MONIBAS_0041hrl0069ra,52.3185,4.75519,A4,428
RWS01_MONIBAS_0041hrl0070ra,52.3172,4.75379,A4,429
RWS01_MONIBAS_0041hrl0072ra,52.316,4.75277,A4,430
RWS01_MONIBAS_0041hrl0073ra,52.3148,4.75193,A4,431
RWS01_MONIBAS_0041hrl0075ra,52.3135,4.75109,A4,432
RWS01_MONIBAS_0041hrl0076ra,52.3121,4.75021,A4,433
RWS01_MONIBAS_0041hrl0081ra,52.3083,4.74806,A4,434
RWS01_MONIBAS_0041hrl0086ra,52.3041,4.7454,A4,435
RWS01_MONIBAS_0041hrl0089ra,52.3014,4.74368,A4,436
RWS01_MONIBAS_0041hrl0093ra,52.2986,4.74153,A4,437
RWS01_MONIBAS_0041hrl0093rb,52.2982,4.7411,A4,438
RWS01_MONIBAS_0041hrl0096ra,52.2961,4.73837,A4,439
RWS01_MONIBAS_0041hrl0097ra,52.2958,4.73793,A4,440
RWS01_MONIBAS_0041hrl0100ra,52.2936,4.73467,A4,441
RWS01_MONIBAS_0041hrl0103ra,52.2916,4.73189,A4,442
RWS01_MONIBAS_0041hrl0106ra,52.2897,4.72917,A4,443
RWS01_MONIBAS_0041hrl0107ra,52.2886,4.72749,A4,444
RWS01_MONIBAS_0041hrl0107rb,52.2886,4.72749,A4,445
RWS01_MONIBAS_0041hrl0112ra,52.2854,4.72291,A4,446
RWS01_MONIBAS_0041hrl0116ra,52.2828,4.71926,A4,447
RWS01_MONIBAS_0041hrl0121ra,52.2793,4.7142,A4,448
RWS01_MONIBAS_0041hrl0127ra,52.2753,4.70843,A4,449
RWS01_MONIBAS_0041hrl0132ra,52.2719,4.70356,A4,450
RWS01_MONIBAS_0041hrl0137ra,52.2685,4.69876,A4,451
RWS01_MONIBAS_0041hrl0137rb,52.2685,4.69881,A4,452
RWS01_MONIBAS_0041hrl0143ra,52.2643,4.69276,A4,453
RWS01_MONIBAS_0041hrl0147ra,52.2615,4.6886,A4,454
RWS01_MONIBAS_0041hrl0151ra,52.2589,4.6849,A4,455
RWS01_MONIBAS_0041hrr0002ra,52.3385,4.84191,A4,456
RWS01_MONIBAS_0041hrr0005ra,52.3389,4.8386,A4,457
RWS01_MONIBAS_0041hrr0010ra,52.3389,4.8309,A4,458
RWS01_MONIBAS_0041hrr0015ra,52.3389,4.82371,A4,459
RWS01_MONIBAS_0041hrr0018ra,52.3388,4.82007,A4,460
RWS01_MONIBAS_0041hrr0020ra,52.3387,4.81615,A4,461
RWS01_MONIBAS_0041hrr0023ra,52.3379,4.81163,A4,462
RWS01_MONIBAS_0041hrr0027ra,52.3361,4.80752,A4,463
RWS01_MONIBAS_0041hrr0030ra,52.3341,4.80429,A4,464
RWS01_MONIBAS_0041hrr0034ra,52.3317,4.80022,A4,465
RWS01_MONIBAS_0041hrr0037ra,52.3299,4.79712,A4,466
RWS01_MONIBAS_0041hrr0044ra,52.3269,4.78742,A4,467
RWS01_MONIBAS_0041hrr0047ra,52.3261,4.78288,A4,468
RWS01_MONIBAS_0041hrr0052ra,52.3252,4.77674,A4,469
RWS01_MONIBAS_0041hrr0059ra,52.3238,4.76643,A4,470
RWS01_MONIBAS_0041hrr0063ra,52.322,4.76066,A4,471
RWS01_MONIBAS_0041hrr0066ra,52.3207,4.75797,A4,472
RWS01_MONIBAS_0041hrr0069ra,52.3187,4.75495,A4,473
RWS01_MONIBAS_0041hrr0070ra,52.3174,4.75352,A4,474
RWS01_MONIBAS_0041hrr0071ra,52.3167,4.75293,A4,475
RWS01_MONIBAS_0041hrr0073ra,52.3155,4.75198,A4,476
RWS01_MONIBAS_0041hrr0074ra,52.3143,4.7512,A4,477
RWS01_MONIBAS_0041hrr0077ra,52.3116,4.74951,A4,478
RWS01_MONIBAS_0041hrr0081ra,52.3083,4.74781,A4,479
RWS01_MONIBAS_0041hrr0084ra,52.3062,4.74641,A4,480
RWS01_MONIBAS_0041hrr0087ra,52.3036,4.74479,A4,481
RWS01_MONIBAS_0041hrr0090ra,52.3011,4.74325,A4,482
RWS01_MONIBAS_0041hrr0092ra,52.2991,4.74154,A4,483
RWS01_MONIBAS_0041hrr0096ra,52.2965,4.73839,A4,484
RWS01_MONIBAS_0041hrr0099ra,52.2946,4.73566,A4,485
RWS01_MONIBAS_0041hrr0101ra,52.2928,4.73316,A4,486
RWS01_MONIBAS_0041hrr0105ra,52.2905,4.72989,A4,487
RWS01_MONIBAS_0041hrr0107ra,52.2888,4.72738,A4,488
RWS01_MONIBAS_0041hrr0112ra,52.2853,4.72226,A4,489
RWS01_MONIBAS_0041hrr0118ra,52.2812,4.7165,A4,490
RWS01_MONIBAS_0041hrr0121ra,52.2791,4.71345,A4,491
RWS01_MONIBAS_0041hrr0125ra,52.2765,4.70972,A4,492
RWS01_MONIBAS_0041hrr0131ra,52.2727,4.7043,A4,493
RWS01_MONIBAS_0041hrr0136ra,52.2694,4.69953,A4,494
RWS01_MONIBAS_0041hrr0139ra,52.2673,4.69657,A4,495
RWS01_MONIBAS_0041hrr0143ra,52.2646,4.69262,A4,496
RWS01_MONIBAS_0041hrr0147ra,52.2616,4.68833,A4,497
RWS01_MONIBAS_0041hrr0152ra,52.2588,4.6843,A4,498
RWS01_MONIBAS_0050vwc0139ra,52.393,4.77836,A5,499
RWS01_MONIBAS_0050vwe0080ra,52.354,4.73811,A5,500
RWS01_MONIBAS_0050vwe0083ra,52.3537,4.74525,A5,501
RWS01_MONIBAS_0050vwf0086ra,52.36,4.74189,A5,502
RWS01_MONIBAS_0050vwg0074ra,52.3533,4.73777,A5,503
RWS01_MONIBAS_0050vwg0077ra,52.3518,4.73741,A5,504
RWS01_MONIBAS_0050vwg0080ra,52.3538,4.74017,A5,505
RWS01_MONIBAS_0050vwg0083ra,52.3558,4.74296,A5,506
RWS01_MONIBAS_0050vwg0086ra,52.3583,4.74232,A5,507
RWS01_MONIBAS_0050vwg0088ra,52.3594,4.73941,A5,508
RWS01_MONIBAS_0050vwg0091ra,52.36,4.7351,A5,509
RWS01_MONIBAS_0050vwg0094ra,52.3613,4.73228,A5,510
RWS01_MONIBAS_0050vwg0096ra,52.3625,4.73007,A5,511
RWS01_MONIBAS_0050vwk0077ra,52.3572,4.73881,A5,512
RWS01_MONIBAS_0050vwk0081ra,52.3559,4.73842,A5,513
RWS01_MONIBAS_0050vwn0074ra,52.3494,4.73586,A5,514
RWS01_MONIBAS_0050vwn0077ra,52.352,4.73673,A5,515
RWS01_MONIBAS_0050vwn0081ra,52.3558,4.73882,A5,516
RWS01_MONIBAS_0050vwn0086ra,52.3597,4.74212,A5,517
RWS01_MONIBAS_0050vwq0009ra,52.2912,4.72932,A5,518
RWS01_MONIBAS_0050vwq0011ra,52.2934,4.73058,A5,519
RWS01_MONIBAS_0050vwq0014ra,52.2955,4.73096,A5,520
RWS01_MONIBAS_0051hrl0006ra,52.2893,4.72786,A5,521
RWS01_MONIBAS_0051hrl0009ra,52.2911,4.72991,A5,522
RWS01_MONIBAS_0051hrl0011ra,52.2935,4.73112,A5,523
RWS01_MONIBAS_0051hrl0014ra,52.2955,4.73105,A5,524
RWS01_MONIBAS_0051hrl0016ra,52.2981,4.73108,A5,525
RWS01_MONIBAS_0051hrl0019ra,52.3,4.73125,A5,526
RWS01_MONIBAS_0051hrl0021ra,52.3025,4.73147,A5,527
RWS01_MONIBAS_0051hrl0024ra,52.3045,4.73166,A5,528
RWS01_MONIBAS_0051hrl0026ra,52.3068,4.73186,A5,529
RWS01_MONIBAS_0051hrl0030ra,52.3098,4.73214,A5,530
RWS01_MONIBAS_0051hrl0033ra,52.3133,4.73247,A5,531
RWS01_MONIBAS_0051hrl0037ra,52.3161,4.73272,A5,532
RWS01_MONIBAS_0051hrl0039ra,52.3186,4.73295,A5,533
RWS01_MONIBAS_0051hrl0044ra,52.3227,4.73332,A5,534
RWS01_MONIBAS_0051hrl0047ra,52.3251,4.73354,A5,535
RWS01_MONIBAS_0051hrl0050ra,52.328,4.73381,A5,536
RWS01_MONIBAS_0051hrl0056ra,52.3339,4.73436,A5,537
RWS01_MONIBAS_0051hrl0060ra,52.3367,4.73462,A5,538
RWS01_MONIBAS_0051hrl0062ra,52.3394,4.7348,A5,539
RWS01_MONIBAS_0051hrl0066ra,52.3421,4.73505,A5,540
RWS01_MONIBAS_0051hrl0069ra,52.3455,4.73537,A5,541
RWS01_MONIBAS_0051hrl0074ra,52.3493,4.73602,A5,542
RWS01_MONIBAS_0051hrl0077ra,52.3519,4.73693,A5,543
RWS01_MONIBAS_0051hrl0081ra,52.3559,4.73918,A5,544
RWS01_MONIBAS_0051hrl0086ra,52.3596,4.74242,A5,545
RWS01_MONIBAS_0051hrl0092ra,52.3639,4.74783,A5,546
RWS01_MONIBAS_0051hrl0092rb,52.3639,4.74783,A5,547
RWS01_MONIBAS_0051hrl0096ra,52.3664,4.75255,A5,548
RWS01_MONIBAS_0051hrl0099ra,52.3681,4.7563,A5,549
RWS01_MONIBAS_0051hrl0105ra,52.3716,4.76287,A5,550
RWS01_MONIBAS_0051hrl0110ra,52.3754,4.76633,A5,551
RWS01_MONIBAS_0051hrl0116ra,52.3801,4.7677,A5,552
RWS01_MONIBAS_0051hrl0121ra,52.385,4.76773,A5,553
RWS01_MONIBAS_0051hrl0126ra,52.3895,4.7703,A5,554
RWS01_MONIBAS_0051hrl0129ra,52.3914,4.7731,A5,555
RWS01_MONIBAS_0051hrl0134ra,52.3933,4.77967,A5,556
RWS01_MONIBAS_0051hrl0137ra,52.3935,4.78342,A5,557
RWS01_MONIBAS_0051hrl0140ra,52.3935,4.78829,A5,558
RWS01_MONIBAS_0051hrl0143ra,52.3935,4.79304,A5,559
RWS01_MONIBAS_0051hrl0147ra,52.3935,4.79851,A5,560
RWS01_MONIBAS_0051hrl0152ra,52.3931,4.80575,A5,561
RWS01_MONIBAS_0051hrl0157ra,52.3922,4.81235,A5,562
RWS01_MONIBAS_0051hrl0162ra,52.3919,4.82006,A5,563
RWS01_MONIBAS_0051hrl0167ra,52.3919,4.82785,A5,564
RWS01_MONIBAS_0051hrl0173ra,52.3923,4.83604,A5,565
RWS01_MONIBAS_0051hrl0178ra,52.3952,4.84229,A5,566
RWS01_MONIBAS_0051hrl0184ra,52.3998,4.84764,A5,567
RWS01_MONIBAS_0051hrl0187ra,52.4016,4.84988,A5,568
RWS01_MONIBAS_0051hrl0189ra,52.4032,4.85171,A5,569
RWS01_MONIBAS_0051hrr0010ra,52.2927,4.73206,A5,570
RWS01_MONIBAS_0051hrr0014ra,52.2956,4.73129,A5,571
RWS01_MONIBAS_0051hrr0016ra,52.2982,4.7313,A5,572
RWS01_MONIBAS_0051hrr0019ra,52.3001,4.73147,A5,573
RWS01_MONIBAS_0051hrr0021ra,52.3026,4.73169,A5,574
RWS01_MONIBAS_0051hrr0024ra,52.3046,4.73188,A5,575
RWS01_MONIBAS_0051hrr0026ra,52.3068,4.73209,A5,576
RWS01_MONIBAS_0051hrr0030ra,52.31,4.73237,A5,577
RWS01_MONIBAS_0051hrr0033ra,52.3134,4.73269,A5,578
RWS01_MONIBAS_0051hrr0037ra,52.3162,4.73293,A5,579
RWS01_MONIBAS_0051hrr0039ra,52.3187,4.73317,A5,580
RWS01_MONIBAS_0051hrr0044ra,52.3227,4.73355,A5,581
RWS01_MONIBAS_0051hrr0047ra,52.3252,4.73377,A5,582
RWS01_MONIBAS_0051hrr0050ra,52.328,4.73403,A5,583
RWS01_MONIBAS_0051hrr0056ra,52.334,4.73458,A5,584
RWS01_MONIBAS_0051hrr0060ra,52.3368,4.73482,A5,585
RWS01_MONIBAS_0051hrr0062ra,52.3394,4.73504,A5,586
RWS01_MONIBAS_0051hrr0066ra,52.3421,4.73531,A5,587
RWS01_MONIBAS_0051hrr0069ra,52.3455,4.73564,A5,588
RWS01_MONIBAS_0051hrr0074ra,52.3495,4.7363,A5,589
RWS01_MONIBAS_0051hrr0077ra,52.3519,4.73709,A5,590
RWS01_MONIBAS_0051hrr0081ra,52.3559,4.73933,A5,591
RWS01_MONIBAS_0051hrr0086ra,52.3597,4.74274,A5,592
RWS01_MONIBAS_0051hrr0092ra,52.364,4.74844,A5,593
RWS01_MONIBAS_0051hrr0096ra,52.3663,4.75247,A5,594
RWS01_MONIBAS_0051hrr0096rb,52.3663,4.75247,A5,595
RWS01_MONIBAS_0051hrr0099ra,52.368,4.75642,A5,596
RWS01_MONIBAS_0051hrr0105ra,52.3715,4.76299,A5,597
RWS01_MONIBAS_0051hrr0110ra,52.3754,4.76659,A5,598
RWS01_MONIBAS_0051hrr0116ra,52.3802,4.76789,A5,599
RWS01_MONIBAS_0051hrr0121ra,52.385,4.76795,A5,600
RWS01_MONIBAS_0051hrr0127ra,52.3895,4.77055,A5,601
RWS01_MONIBAS_0051hrr0129ra,52.3913,4.77319,A5,602
RWS01_MONIBAS_0051hrr0134ra,52.3932,4.77973,A5,603
RWS01_MONIBAS_0051hrr0137ra,52.3933,4.78376,A5,604
RWS01_MONIBAS_0051hrr0140ra,52.3933,4.7886,A5,605
RWS01_MONIBAS_0051hrr0143ra,52.3933,4.79333,A5,606
RWS01_MONIBAS_0051hrr0147ra,52.3934,4.7988,A5,607
RWS01_MONIBAS_0051hrr0152ra,52.393,4.80604,A5,608
RWS01_MONIBAS_0051hrr0157ra,52.3921,4.81263,A5,609
RWS01_MONIBAS_0051hrr0162ra,52.3918,4.82017,A5,610
RWS01_MONIBAS_0051hrr0167ra,52.3918,4.82785,A5,611
RWS01_MONIBAS_0051hrr0173ra,52.3922,4.83595,A5,612
RWS01_MONIBAS_0051hrr0178ra,52.395,4.84208,A5,613
RWS01_MONIBAS_0051hrr0185ra,52.3997,4.84813,A5,614
RWS01_MONIBAS_0051hrr0187ra,52.4013,4.85004,A5,615
RWS01_MONIBAS_0070vwk0040ra,52.4527,4.84426,A7,616
RWS01_MONIBAS_0080vwd0016ra,52.4275,4.87201,A8,617
RWS01_MONIBAS_0080vwf0010ra,52.4234,4.87434,A8,618
RWS01_MONIBAS_0080vwf0016ra,52.4276,4.87219,A8,619
RWS01_MONIBAS_0080vwq0010ra,52.4229,4.87445,A8,620
RWS01_MONIBAS_0080vwr0049ra,52.4522,4.84558,A8,621
RWS01_MONIBAS_0081hrl0006ra,52.4242,4.88239,A8,622
RWS01_MONIBAS_0081hrl0013ra,52.426,4.87429,A8,623
RWS01_MONIBAS_0081hrl0021ra,52.4316,4.86802,A8,624
RWS01_MONIBAS_0081hrl0021rb,52.4316,4.86802,A8,625
RWS01_MONIBAS_0081hrl0025ra,52.4345,4.86481,A8,626
RWS01_MONIBAS_0081hrl0029ra,52.4372,4.86183,A8,627
RWS01_MONIBAS_0081hrl0032ra,52.4399,4.85888,A8,628
RWS01_MONIBAS_0081hrl0036ra,52.4428,4.85561,A8,629
RWS01_MONIBAS_0081hrl0042ra,52.4473,4.85054,A8,630
RWS01_MONIBAS_0081hrl0046ra,52.4505,4.84706,A8,631
RWS01_MONIBAS_0081hrr0008ra,52.4221,4.87501,A8,632
RWS01_MONIBAS_0081hrr0013ra,52.426,4.87581,A8,633
RWS01_MONIBAS_0081hrr0019ra,52.43,4.87043,A8,634
RWS01_MONIBAS_0081hrr0021ra,52.4317,4.86852,A8,635
RWS01_MONIBAS_0081hrr0026ra,52.4352,4.86453,A8,636
RWS01_MONIBAS_0081hrr0029ra,52.4376,4.8618,A8,637
RWS01_MONIBAS_0081hrr0032ra,52.4399,4.85921,A8,638
RWS01_MONIBAS_0081hrr0036ra,52.443,4.85571,A8,639
RWS01_MONIBAS_0081hrr0042ra,52.4475,4.85064,A8,640
RWS01_MONIBAS_0081hrr0046ra,52.4507,4.84716,A8,641
RWS01_MONIBAS_0081hrr0049ra,52.4521,4.84551,A8,642
RWS01_MONIBAS_0090vwa0071ra,52.3339,4.99969,A9,643
RWS01_MONIBAS_0090vwa0084ra,52.31,4.97681,A9,644
RWS01_MONIBAS_0090vwa0367ra,52.3444,4.7662,A9,645
RWS01_MONIBAS_0090vwa0425ra,52.3811,4.70829,A9,646
RWS01_MONIBAS_0090vwb0093ra,52.3065,4.96652,A9,647
RWS01_MONIBAS_0090vwb0107ra,52.3002,4.94823,A9,648
RWS01_MONIBAS_0090vwb0433ra,52.3883,4.70714,A9,649
RWS01_MONIBAS_0090vwc0077ra,52.3133,4.98711,A9,650
RWS01_MONIBAS_0090vwc0091ra,52.307,4.96941,A9,651
RWS01_MONIBAS_0090vwc0276ra,52.2981,4.86995,A9,652
RWS01_MONIBAS_0090vwc0369ra,52.3454,4.76151,A9,653
RWS01_MONIBAS_0090vwc0433ra,52.3883,4.70654,A9,654
RWS01_MONIBAS_0090vwd0075ra,52.314,4.98925,A9,655
RWS01_MONIBAS_0090vwd0087ra,52.3086,4.97439,A9,656
RWS01_MONIBAS_0090vwd0366ra,52.3435,4.76531,A9,657
RWS01_MONIBAS_0090vwf0502ra,52.4442,4.666,A9,658
RWS01_MONIBAS_0090vwr0339ra,52.3293,4.79916,A9,659
RWS01_MONIBAS_0090vwr0386ra,52.3554,4.74339,A9,660
RWS01_MONIBAS_0090vwr0391ra,52.3596,4.74304,A9,661
RWS01_MONIBAS_0090vws0050ra,52.3323,5.00757,A9,662
RWS01_MONIBAS_0090vws0054ra,52.3285,5.00591,A9,663
RWS01_MONIBAS_0090vws0385ra,52.3611,4.73204,A9,664
RWS01_MONIBAS_0090vws0388ra,52.3546,4.73693,A9,665
RWS01_MONIBAS_0090vws0392ra,52.3579,4.73516,A9,666
RWS01_MONIBAS_0090vws0395ra,52.3603,4.73283,A9,667
RWS01_MONIBAS_0090vwv0381ra,52.3524,4.74878,A9,668
RWS01_MONIBAS_0090vwv0384ra,52.3542,4.74551,A9,669
RWS01_MONIBAS_0090vwv0386ra,52.3554,4.74331,A9,670
RWS01_MONIBAS_0090vwv0391ra,52.3587,4.73846,A9,671
RWS01_MONIBAS_0090vwv0393ra,52.3539,4.74554,A9,672
RWS01_MONIBAS_0090vww0378ra,52.3599,4.7432,A9,673
RWS01_MONIBAS_0090vww0383ra,52.356,4.73981,A9,674
RWS01_MONIBAS_0090vwx0339ra,52.3284,4.79623,A9,675
RWS01_MONIBAS_0090vwx0344ra,52.3313,4.79067,A9,676
RWS01_MONIBAS_0090vwy0340ra,52.3287,4.79479,A9,677
RWS01_MONIBAS_0090vwy0344ra,52.331,4.79034,A9,678
RWS01_MONIBAS_0090vwy0379ra,52.3511,4.75029,A9,679
RWS01_MONIBAS_0090vwy0384ra,52.3539,4.74509,A9,680
RWS01_MONIBAS_0090vwy0390ra,52.3574,4.73848,A9,681
RWS01_MONIBAS_0090vwy0392ra,52.3586,4.73628,A9,682
RWS01_MONIBAS_0090vwy0395ra,52.3604,4.73295,A9,683
RWS01_MONIBAS_0090vwy0401ra,52.3729,4.71035,A9,684
RWS01_MONIBAS_0091hrl0043ra,52.3342,4.99887,A9,685
RWS01_MONIBAS_0091hrl0050ra,52.3325,5.00514,A9,686
RWS01_MONIBAS_0091hrl0054ra,52.3284,5.00568,A9,687
RWS01_MONIBAS_0091hrl0059ra,52.3243,5.00488,A9,688
RWS01_MONIBAS_0091hrl0062ra,52.3216,5.0029,A9,689
RWS01_MONIBAS_0091hrl0066ra,52.3192,4.99986,A9,690
RWS01_MONIBAS_0091hrl0071ra,52.316,4.99387,A9,691
RWS01_MONIBAS_0091hrl0075ra,52.314,4.98905,A9,692
RWS01_MONIBAS_0091hrl0079ra,52.3124,4.98458,A9,693
RWS01_MONIBAS_0091hrl0084ra,52.3101,4.97794,A9,694
RWS01_MONIBAS_0091hrl0089ra,52.3077,4.97081,A9,695
RWS01_MONIBAS_0091hrl0098ra,52.3038,4.95942,A9,696
RWS01_MONIBAS_0091hrl0109ra,52.2989,4.9452,A9,697
RWS01_MONIBAS_0091hrl0227ra,52.286,4.93854,A9,698
RWS01_MONIBAS_0091hrl0230ra,52.2861,4.93402,A9,699
RWS01_MONIBAS_0091hrl0233ra,52.2864,4.92979,A9,700
RWS01_MONIBAS_0091hrl0235ra,52.2867,4.92689,A9,701
RWS01_MONIBAS_0091hrl0241ra,52.2878,4.91787,A9,702
RWS01_MONIBAS_0091hrl0247ra,52.2895,4.90922,A9,703
RWS01_MONIBAS_0091hrl0253ra,52.2916,4.90095,A9,704
RWS01_MONIBAS_0091hrl0259ra,52.294,4.89312,A9,705
RWS01_MONIBAS_0091hrl0262ra,52.2952,4.88856,A9,706
RWS01_MONIBAS_0091hrl0267ra,52.2962,4.88222,A9,707
RWS01_MONIBAS_0091hrl0272ra,52.2972,4.87467,A9,708
RWS01_MONIBAS_0091hrl0278ra,52.2989,4.86682,A9,709
RWS01_MONIBAS_0091hrl0280ra,52.2995,4.86424,A9,710
RWS01_MONIBAS_0091hrl0282ra,52.3002,4.86127,A9,711
RWS01_MONIBAS_0091hrl0287ra,52.3017,4.8551,A9,712
RWS01_MONIBAS_0091hrl0291ra,52.3036,4.8493,A9,713
RWS01_MONIBAS_0091hrl0297ra,52.3048,4.84153,A9,714
RWS01_MONIBAS_0091hrl0302ra,52.3062,4.83315,A9,715
RWS01_MONIBAS_0091hrl0307ra,52.3076,4.82705,A9,716
RWS01_MONIBAS_0091hrl0313ra,52.3105,4.8193,A9,717
RWS01_MONIBAS_0091hrl0318ra,52.3137,4.81412,A9,718
RWS01_MONIBAS_0091hrl0322ra,52.3164,4.8109,A9,719
RWS01_MONIBAS_0091hrl0326ra,52.3197,4.80791,A9,720
RWS01_MONIBAS_0091hrl0326rb,52.3197,4.80791,A9,721
RWS01_MONIBAS_0091hrl0328ra,52.3211,4.80667,A9,722
RWS01_MONIBAS_0091hrl0328rb,52.3211,4.80667,A9,723
RWS01_MONIBAS_0091hrl0330ra,52.3228,4.80473,A9,724
RWS01_MONIBAS_0091hrl0340ra,52.3292,4.79406,A9,725
RWS01_MONIBAS_0091hrl0343ra,52.3311,4.79047,A9,726
RWS01_MONIBAS_0091hrl0346ra,52.3325,4.78786,A9,727
RWS01_MONIBAS_0091hrl0346rb,52.3325,4.78786,A9,728
RWS01_MONIBAS_0091hrl0350ra,52.3347,4.78358,A9,729
RWS01_MONIBAS_0091hrl0353ra,52.3364,4.78044,A9,730
RWS01_MONIBAS_0091hrl0356ra,52.3384,4.77667,A9,731
RWS01_MONIBAS_0091hrl0362ra,52.3414,4.77008,A9,732
RWS01_MONIBAS_0091hrl0367ra,52.3441,4.76421,A9,733
RWS01_MONIBAS_0091hrl0370ra,52.346,4.76039,A9,734
RWS01_MONIBAS_0091hrl0374ra,52.3483,4.75576,A9,735
RWS01_MONIBAS_0091hrl0379ra,52.3512,4.75041,A9,736
RWS01_MONIBAS_0091hrl0384ra,52.354,4.74523,A9,737
RWS01_MONIBAS_0091hrl0390ra,52.3576,4.73862,A9,738
RWS01_MONIBAS_0091hrl0392ra,52.3588,4.73642,A9,739
RWS01_MONIBAS_0091hrl0395ra,52.3605,4.73311,A9,740
RWS01_MONIBAS_0091hrl0398ra,52.3623,4.7298,A9,741
RWS01_MONIBAS_0091hrl0402ra,52.3647,4.7254,A9,742
RWS01_MONIBAS_0091hrl0405ra,52.3666,4.72183,A9,743
RWS01_MONIBAS_0091hrl0409ra,52.3689,4.71761,A9,744
RWS01_MONIBAS_0091hrl0411ra,52.37,4.71534,A9,745
RWS01_MONIBAS_0091hrl0414ra,52.3718,4.71218,A9,746
RWS01_MONIBAS_0091hrl0418ra,52.3755,4.70877,A9,747
RWS01_MONIBAS_0091hrl0418rb,52.3755,4.70877,A9,748
RWS01_MONIBAS_0091hrl0420ra,52.3773,4.70844,A9,749
RWS01_MONIBAS_0091hrl0425ra,52.3811,4.70788,A9,750
RWS01_MONIBAS_0091hrl0429ra,52.3854,4.70716,A9,751
RWS01_MONIBAS_0091hrl0433ra,52.3883,4.70671,A9,752
RWS01_MONIBAS_0091hrl0437ra,52.392,4.70614,A9,753
RWS01_MONIBAS_0091hrl0443ra,52.3974,4.70526,A9,754
RWS01_MONIBAS_0091hrl0448ra,52.402,4.70449,A9,755
RWS01_MONIBAS_0091hrl0453ra,52.4059,4.70303,A9,756
RWS01_MONIBAS_0091hrl0456ra,52.4085,4.70167,A9,757
RWS01_MONIBAS_0091hrl0458ra,52.4111,4.70032,A9,758
RWS01_MONIBAS_0091hrl0462ra,52.4136,4.69895,A9,759
RWS01_MONIBAS_0091hrl0467ra,52.4177,4.69604,A9,760
RWS01_MONIBAS_0091hrl0471ra,52.4206,4.69257,A9,761
RWS01_MONIBAS_0091hrl0473ra,52.422,4.69025,A9,762
RWS01_MONIBAS_0091hrl0476ra,52.4238,4.68702,A9,763
RWS01_MONIBAS_0091hrl0478ra,52.4256,4.68405,A9,764
RWS01_MONIBAS_0091hrl0481ra,52.4277,4.68124,A9,765
RWS01_MONIBAS_0091hrl0484ra,52.4299,4.67881,A9,766
RWS01_MONIBAS_0091hrl0488ra,52.4328,4.67581,A9,767
RWS01_MONIBAS_0091hrl0490ra,52.4341,4.67445,A9,768
RWS01_MONIBAS_0091hrl0493ra,52.436,4.67248,A9,769
RWS01_MONIBAS_0091hrl0496ra,52.4388,4.6698,A9,770
RWS01_MONIBAS_0091hrl0500ra,52.4421,4.66773,A9,771
RWS01_MONIBAS_0091hrl0504ra,52.4453,4.6669,A9,772
RWS01_MONIBAS_0091hrl0509ra,52.4498,4.66725,A9,773
RWS01_MONIBAS_0091hrl0512ra,52.4524,4.66824,A9,774
RWS01_MONIBAS_0091hrr0059ra,52.3244,5.0047,A9,775
RWS01_MONIBAS_0091hrr0065ra,52.3201,5.00083,A9,776
RWS01_MONIBAS_0091hrr0068ra,52.3181,4.99759,A9,777
RWS01_MONIBAS_0091hrr0071ra,52.3161,4.99376,A9,778
RWS01_MONIBAS_0091hrr0075ra,52.3141,4.98891,A9,779
RWS01_MONIBAS_0091hrr0080ra,52.312,4.98298,A9,780
RWS01_MONIBAS_0091hrr0084ra,52.3103,4.97789,A9,781
RWS01_MONIBAS_0091hrr0089ra,52.3079,4.97089,A9,782
RWS01_MONIBAS_0091hrr0103ra,52.3019,4.95333,A9,783
RWS01_MONIBAS_0091hrr0110ra,52.2988,4.94374,A9,784
RWS01_MONIBAS_0091hrr0112ra,52.299,4.94093,A9,785
RWS01_MONIBAS_0091hrr0117ra,52.2974,4.93587,A9,786
RWS01_MONIBAS_0091hrr0230ra,52.2863,4.93412,A9,787
RWS01_MONIBAS_0091hrr0235ra,52.2869,4.92617,A9,788
RWS01_MONIBAS_0091hrr0241ra,52.288,4.918,A9,789
RWS01_MONIBAS_0091hrr0247ra,52.2896,4.90932,A9,790
RWS01_MONIBAS_0091hrr0253ra,52.2917,4.9011,A9,791
RWS01_MONIBAS_0091hrr0259ra,52.2942,4.89325,A9,792
RWS01_MONIBAS_0091hrr0262ra,52.2953,4.88862,A9,793
RWS01_MONIBAS_0091hrr0267ra,52.2963,4.88237,A9,794
RWS01_MONIBAS_0091hrr0272ra,52.2974,4.87478,A9,795
RWS01_MONIBAS_0091hrr0278ra,52.299,4.86688,A9,796
RWS01_MONIBAS_0091hrr0282ra,52.3004,4.86127,A9,797
RWS01_MONIBAS_0091hrr0287ra,52.3018,4.85514,A9,798
RWS01_MONIBAS_0091hrr0293ra,52.3043,4.84664,A9,799
RWS01_MONIBAS_0091hrr0297ra,52.3049,4.84155,A9,800
RWS01_MONIBAS_0091hrr0302ra,52.3063,4.83313,A9,801
RWS01_MONIBAS_0091hrr0308ra,52.3083,4.82517,A9,802
RWS01_MONIBAS_0091hrr0313ra,52.3106,4.81942,A9,803
RWS01_MONIBAS_0091hrr0318ra,52.3138,4.81433,A9,804
RWS01_MONIBAS_0091hrr0322ra,52.3165,4.81107,A9,805
RWS01_MONIBAS_0091hrr0326ra,52.3198,4.80811,A9,806
RWS01_MONIBAS_0091hrr0328ra,52.3213,4.80671,A9,807
RWS01_MONIBAS_0091hrr0328rb,52.3213,4.80671,A9,808
RWS01_MONIBAS_0091hrr0330ra,52.3231,4.80478,A9,809
RWS01_MONIBAS_0091hrr0330rb,52.3231,4.80478,A9,810
RWS01_MONIBAS_0091hrr0339ra,52.3284,4.79573,A9,811
RWS01_MONIBAS_0091hrr0344ra,52.3312,4.79048,A9,812
RWS01_MONIBAS_0091hrr0350ra,52.3349,4.78361,A9,813
RWS01_MONIBAS_0091hrr0353ra,52.3368,4.77985,A9,814
RWS01_MONIBAS_0091hrr0356ra,52.3385,4.77675,A9,815
RWS01_MONIBAS_0091hrr0362ra,52.3415,4.77002,A9,816
RWS01_MONIBAS_0091hrr0367ra,52.3443,4.76418,A9,817
RWS01_MONIBAS_0091hrr0373ra,52.3479,4.75694,A9,818
RWS01_MONIBAS_0091hrr0377ra,52.3501,4.75277,A9,819
RWS01_MONIBAS_0091hrr0381ra,52.3523,4.74868,A9,820
RWS01_MONIBAS_0091hrr0384ra,52.3545,4.74463,A9,821
RWS01_MONIBAS_0091hrr0388ra,52.3565,4.74094,A9,822
RWS01_MONIBAS_0091hrr0391ra,52.3584,4.7374,A9,823
RWS01_MONIBAS_0091hrr0394ra,52.3601,4.7342,A9,824
RWS01_MONIBAS_0091hrr0396ra,52.3615,4.7316,A9,825
RWS01_MONIBAS_0091hrr0399ra,52.363,4.7288,A9,826
RWS01_MONIBAS_0091hrr0401ra,52.3645,4.72598,A9,827
RWS01_MONIBAS_0091hrr0405ra,52.3667,4.72193,A9,828
RWS01_MONIBAS_0091hrr0408ra,52.3689,4.71791,A9,829
RWS01_MONIBAS_0091hrr0411ra,52.3704,4.71504,A9,830
RWS01_MONIBAS_0091hrr0414ra,52.3719,4.71232,A9,831
RWS01_MONIBAS_0091hrr0418ra,52.3749,4.70908,A9,832
RWS01_MONIBAS_0091hrr0421ra,52.3778,4.70863,A9,833
RWS01_MONIBAS_0091hrr0423ra,52.3795,4.70834,A9,834
RWS01_MONIBAS_0091hrr0427ra,52.3835,4.70771,A9,835
RWS01_MONIBAS_0091hrr0433ra,52.3883,4.70693,A9,836
RWS01_MONIBAS_0091hrr0437ra,52.3921,4.70636,A9,837
RWS01_MONIBAS_0091hrr0439ra,52.3936,4.70608,A9,838
RWS01_MONIBAS_0091hrr0443ra,52.3975,4.70543,A9,839
RWS01_MONIBAS_0091hrr0448ra,52.4021,4.70468,A9,840
RWS01_MONIBAS_0091hrr0453ra,52.406,4.7032,A9,841
RWS01_MONIBAS_0091hrr0456ra,52.4086,4.70184,A9,842
RWS01_MONIBAS_0091hrr0458ra,52.4111,4.70049,A9,843
RWS01_MONIBAS_0091hrr0462ra,52.4137,4.69911,A9,844
RWS01_MONIBAS_0091hrr0467ra,52.4178,4.69617,A9,845
RWS01_MONIBAS_0091hrr0469ra,52.4193,4.69454,A9,846
RWS01_MONIBAS_0091hrr0473ra,52.4221,4.69039,A9,847
RWS01_MONIBAS_0091hrr0476ra,52.4239,4.68716,A9,848
RWS01_MONIBAS_0091hrr0478ra,52.4256,4.68419,A9,849
RWS01_MONIBAS_0091hrr0481ra,52.4278,4.6814,A9,850
RWS01_MONIBAS_0091hrr0484ra,52.43,4.67896,A9,851
RWS01_MONIBAS_0091hrr0488ra,52.4329,4.67596,A9,852
RWS01_MONIBAS_0091hrr0493ra,52.436,4.67263,A9,853
RWS01_MONIBAS_0091hrr0493rb,52.436,4.67263,A9,854
RWS01_MONIBAS_0091hrr0496ra,52.4388,4.67001,A9,855
RWS01_MONIBAS_0091hrr0500ra,52.4422,4.66797,A9,856
RWS01_MONIBAS_0091hrr0504ra,52.4453,4.66709,A9,857
RWS01_MONIBAS_0091hrr0507ra,52.4484,4.66718,A9,858
RWS01_MONIBAS_0091hrr0509ra,52.4498,4.66746,A9,859
RWS01_MONIBAS_0091hrr0512ra,52.4524,4.66845,A9,860
RWS01_MONIBAS_0100vwa0138ra,52.3367,4.9403,A10,861
RWS01_MONIBAS_0100vwa0146ra,52.3329,4.92962,A10,862
RWS01_MONIBAS_0100vwa0172ra,52.3345,4.89644,A10,863
RWS01_MONIBAS_0100vwa0195ra,52.3386,4.86286,A10,864
RWS01_MONIBAS_0100vwb0129ra,52.3402,4.95125,A10,865
RWS01_MONIBAS_0100vwb0140ra,52.3357,4.93789,A10,866
RWS01_MONIBAS_0100vwb0147ra,52.3326,4.92789,A10,867
RWS01_MONIBAS_0100vwb0183ra,52.3351,4.89446,A10,868
RWS01_MONIBAS_0100vwb0199ra,52.3389,4.8601,A10,869
RWS01_MONIBAS_0100vwc0131ra,52.3389,4.94956,A10,870
RWS01_MONIBAS_0100vwc0140ra,52.3354,4.9382,A10,871
RWS01_MONIBAS_0100vwc0147ra,52.3318,4.92873,A10,872
RWS01_MONIBAS_0100vwc0175ra,52.3351,4.89446,A10,873
RWS01_MONIBAS_0100vwc0199ra,52.3377,4.85904,A10,874
RWS01_MONIBAS_0100vwd0127ra,52.3414,4.95393,A10,875
RWS01_MONIBAS_0100vwd0137ra,52.3366,4.94118,A10,876
RWS01_MONIBAS_0100vwd0146ra,52.3327,4.93026,A10,877
RWS01_MONIBAS_0100vwd0173ra,52.3338,4.89546,A10,878
RWS01_MONIBAS_0100vwn0290ra,52.4066,4.8556,A10,879
RWS01_MONIBAS_0100vwn0293ra,52.409,4.85872,A10,880
RWS01_MONIBAS_0100vwn0296ra,52.4112,4.86094,A10,881
RWS01_MONIBAS_0100vwn0297ra,52.4124,4.86212,A10,882
RWS01_MONIBAS_0100vwn0299ra,52.4134,4.86304,A10,883
RWS01_MONIBAS_0100vwn0300ra,52.4147,4.86425,A10,884
RWS01_MONIBAS_0100vwn0300rb,52.414,4.86362,A10,885
RWS01_MONIBAS_0100vwn0302ra,52.4159,4.86541,A10,886
RWS01_MONIBAS_0100vwn0304ra,52.4172,4.86663,A10,887
RWS01_MONIBAS_0100vwn0307ra,52.4195,4.86881,A10,888
RWS01_MONIBAS_0100vwn0308ra,52.4207,4.87015,A10,889
RWS01_MONIBAS_0100vwp0113ra,52.3528,4.96288,A10,890
RWS01_MONIBAS_0100vwp0276ra,52.3966,4.8449,A10,891
RWS01_MONIBAS_0100vwp0281ra,52.4,4.84816,A10,892
RWS01_MONIBAS_0100vwp0285ra,52.4031,4.85189,A10,893
RWS01_MONIBAS_0100vwp0287ra,52.4047,4.85376,A10,894
RWS01_MONIBAS_0100vwp0290ra,52.407,4.8567,A10,895
RWS01_MONIBAS_0100vwp0294ra,52.4097,4.86008,A10,896
RWS01_MONIBAS_0100vwp0296ra,52.4113,4.86165,A10,897
RWS01_MONIBAS_0100vwp0298ra,52.4124,4.86277,A10,898
RWS01_MONIBAS_0100vwp0299ra,52.4132,4.86349,A10,899
RWS01_MONIBAS_0100vwp0300ra,52.414,4.86426,A10,900
RWS01_MONIBAS_0100vwp0301ra,52.4146,4.86481,A10,901
RWS01_MONIBAS_0100vwp0302ra,52.4154,4.86558,A10,902
RWS01_MONIBAS_0100vwp0303ra,52.4161,4.86631,A10,903
RWS01_MONIBAS_0100vwp0307ra,52.4191,4.86923,A10,904
RWS01_MONIBAS_0100vwp0308ra,52.4202,4.87045,A10,905
RWS01_MONIBAS_0100vwp0312ra,52.422,4.87427,A10,906
RWS01_MONIBAS_0100vwp0317ra,52.426,4.87504,A10,907
RWS01_MONIBAS_0100vwp0321ra,52.4295,4.87075,A10,908
RWS01_MONIBAS_0100vwp0324ra,52.4311,4.86889,A10,909
RWS01_MONIBAS_0100vwq0276ra,52.3965,4.84484,A10,910
RWS01_MONIBAS_0100vwq0281ra,52.4,4.84816,A10,911
RWS01_MONIBAS_0100vwq0285ra,52.4031,4.85189,A10,912
RWS01_MONIBAS_0100vwq0290ra,52.407,4.8567,A10,913
RWS01_MONIBAS_0100vwq0294ra,52.4097,4.86008,A10,914
RWS01_MONIBAS_0100vwq0296ra,52.4113,4.86165,A10,915
RWS01_MONIBAS_0100vwq0298ra,52.4124,4.86277,A10,916
RWS01_MONIBAS_0100vwq0299ra,52.4132,4.86349,A10,917
RWS01_MONIBAS_0100vwq0300ra,52.414,4.86426,A10,918
RWS01_MONIBAS_0100vwq0301ra,52.4146,4.86481,A10,919
RWS01_MONIBAS_0100vwq0302ra,52.4154,4.86558,A10,920
RWS01_MONIBAS_0100vwq0303ra,52.4161,4.86631,A10,921
RWS01_MONIBAS_0100vwq0307ra,52.4191,4.86923,A10,922
RWS01_MONIBAS_0100vwq0308ra,52.4202,4.87039,A10,923
RWS01_MONIBAS_0100vws0163ra,52.3283,4.90703,A10,924
RWS01_MONIBAS_0100vws0166ra,52.3303,4.90281,A10,925
RWS01_MONIBAS_0100vws0206ra,52.339,4.83084,A10,926
RWS01_MONIBAS_0100vws0212ra,52.3393,4.83906,A10,927
RWS01_MONIBAS_0100vws0312ra,52.4265,4.87457,A10,928
RWS01_MONIBAS_0100vws0319ra,52.425,4.88508,A10,929
RWS01_MONIBAS_0100vws0322ra,52.4253,4.88955,A10,930
RWS01_MONIBAS_0100vwt0113ra,52.353,4.96392,A10,931
RWS01_MONIBAS_0100vwt0115ra,52.3512,4.96166,A10,932
RWS01_MONIBAS_0100vwt0119ra,52.3494,4.96486,A10,933
RWS01_MONIBAS_0100vwt0155ra,52.329,4.91768,A10,934
RWS01_MONIBAS_0100vwt0158ra,52.3294,4.91341,A10,935
RWS01_MONIBAS_0100vwt0163ra,52.3267,4.91104,A10,936
RWS01_MONIBAS_0101hrl0013ra,52.4221,4.90477,A10,937
RWS01_MONIBAS_0101hrl0017ra,52.4197,4.90999,A10,938
RWS01_MONIBAS_0101hrl0022ra,52.4176,4.91538,A10,939
RWS01_MONIBAS_0101hrl0027ra,52.4149,4.92197,A10,940
RWS01_MONIBAS_0101hrl0033ra,52.4115,4.92882,A10,941
RWS01_MONIBAS_0101hrl0042ra,52.4074,4.93925,A10,942
RWS01_MONIBAS_0101hrl0047ra,52.4051,4.94689,A10,943
RWS01_MONIBAS_0101hrl0050ra,52.4038,4.94981,A10,944
RWS01_MONIBAS_0101hrl0056ra,52.4002,4.95657,A10,945
RWS01_MONIBAS_0101hrl0062ra,52.3959,4.9619,A10,946
RWS01_MONIBAS_0101hrl0067ra,52.3922,4.9651,A10,947
RWS01_MONIBAS_0101hrl0071ra,52.389,4.9678,A10,948
RWS01_MONIBAS_0101hrl0074ra,52.3861,4.97019,A10,949
RWS01_MONIBAS_0101hrl0077ra,52.3836,4.97188,A10,950
RWS01_MONIBAS_0101hrl0080ra,52.3813,4.97305,A10,951
RWS01_MONIBAS_0101hrl0085ra,52.3771,4.9741,A10,952
RWS01_MONIBAS_0101hrl0087ra,52.3753,4.97421,A10,953
RWS01_MONIBAS_0101hrl0088ra,52.3736,4.97419,A10,954
RWS01_MONIBAS_0101hrl0090ra,52.3724,4.97401,A10,955
RWS01_MONIBAS_0101hrl0092ra,52.3708,4.97358,A10,956
RWS01_MONIBAS_0101hrl0094ra,52.3691,4.97305,A10,957
RWS01_MONIBAS_0101hrl0097ra,52.3658,4.97142,A10,958
RWS01_MONIBAS_0101hrl0101ra,52.3629,4.96987,A10,959
RWS01_MONIBAS_0101hrl0105ra,52.3595,4.96798,A10,960
RWS01_MONIBAS_0101hrl0109ra,52.3564,4.96622,A10,961
RWS01_MONIBAS_0101hrl0112ra,52.3533,4.96443,A10,962
RWS01_MONIBAS_0101hrl0115ra,52.351,4.96273,A10,963
RWS01_MONIBAS_0101hrl0120ra,52.3467,4.95865,A10,964
RWS01_MONIBAS_0101hrl0124ra,52.3437,4.95576,A10,965
RWS01_MONIBAS_0101hrl0129ra,52.3399,4.95146,A10,966
RWS01_MONIBAS_0101hrl0131ra,52.339,4.94955,A10,967
RWS01_MONIBAS_0101hrl0135ra,52.3376,4.94455,A10,968
RWS01_MONIBAS_0101hrl0138ra,52.3362,4.93976,A10,969
RWS01_MONIBAS_0101hrl0140ra,52.3355,4.93812,A10,970
RWS01_MONIBAS_0101hrl0144ra,52.3337,4.9331,A10,971
RWS01_MONIBAS_0101hrl0147ra,52.3322,4.92853,A10,972
RWS01_MONIBAS_0101hrl0151ra,52.3303,4.92323,A10,973
RWS01_MONIBAS_0101hrl0155ra,52.3288,4.91824,A10,974
RWS01_MONIBAS_0101hrl0160ra,52.3285,4.91079,A10,975
RWS01_MONIBAS_0101hrl0166ra,52.3303,4.90286,A10,976
RWS01_MONIBAS_0101hrl0170ra,52.3322,4.8989,A10,977
RWS01_MONIBAS_0101hrl0175ra,52.3353,4.89247,A10,978
RWS01_MONIBAS_0101hrl0181ra,52.3381,4.88618,A10,979
RWS01_MONIBAS_0101hrl0186ra,52.3386,4.87777,A10,980
RWS01_MONIBAS_0101hrl0191ra,52.3384,4.87125,A10,981
RWS01_MONIBAS_0101hrl0197ra,52.3381,4.86294,A10,982
RWS01_MONIBAS_0101hrl0197rb,52.3381,4.86294,A10,983
RWS01_MONIBAS_0101hrl0199ra,52.3378,4.85905,A10,984
RWS01_MONIBAS_0101hrl0205ra,52.3374,4.85124,A10,985
RWS01_MONIBAS_0101hrl0208ra,52.3372,4.84651,A10,986
RWS01_MONIBAS_0101hrl0212ra,52.3386,4.84158,A10,987
RWS01_MONIBAS_0101hrl0214ra,52.3413,4.84093,A10,988
RWS01_MONIBAS_0101hrl0218ra,52.3444,4.84088,A10,989
RWS01_MONIBAS_0101hrl0218rb,52.3444,4.84088,A10,990
RWS01_MONIBAS_0101hrl0221ra,52.3469,4.84088,A10,991
RWS01_MONIBAS_0101hrl0225ra,52.3508,4.84225,A10,992
RWS01_MONIBAS_0101hrl0228ra,52.3534,4.84249,A10,993
RWS01_MONIBAS_0101hrl0233ra,52.358,4.84238,A10,994
RWS01_MONIBAS_0101hrl0239ra,52.3629,4.84221,A10,995
RWS01_MONIBAS_0101hrl0242ra,52.3657,4.84213,A10,996
RWS01_MONIBAS_0101hrl0247ra,52.3704,4.84202,A10,997
RWS01_MONIBAS_0101hrl0253ra,52.3758,4.84309,A10,998
RWS01_MONIBAS_0101hrl0257ra,52.3794,4.84447,A10,999
RWS01_MONIBAS_0101hrl0261ra,52.3832,4.84455,A10,1000
RWS01_MONIBAS_0101hrl0267ra,52.3881,4.84429,A10,1001
RWS01_MONIBAS_0101hrl0271ra,52.3922,4.84399,A10,1002
RWS01_MONIBAS_0101hrl0277ra,52.3971,4.84467,A10,1003
RWS01_MONIBAS_0101hrl0281ra,52.4001,4.84764,A10,1004
RWS01_MONIBAS_0101hrl0285ra,52.4031,4.85131,A10,1005
RWS01_MONIBAS_0101hrl0285rb,52.4031,4.85131,A10,1006
RWS01_MONIBAS_0101hrl0287ra,52.4047,4.85321,A10,1007
RWS01_MONIBAS_0101hrl0290ra,52.4066,4.85584,A10,1008
RWS01_MONIBAS_0101hrl0293ra,52.4089,4.85878,A10,1009
RWS01_MONIBAS_0101hrl0296ra,52.4111,4.86105,A10,1010
RWS01_MONIBAS_0101hrl0297ra,52.4123,4.86224,A10,1011
RWS01_MONIBAS_0101hrl0299ra,52.4133,4.86317,A10,1012
RWS01_MONIBAS_0101hrl0300ra,52.4146,4.86437,A10,1013
RWS01_MONIBAS_0101hrl0300rb,52.4139,4.86374,A10,1014
RWS01_MONIBAS_0101hrl0302ra,52.4158,4.86553,A10,1015
RWS01_MONIBAS_0101hrl0304ra,52.4171,4.86678,A10,1016
RWS01_MONIBAS_0101hrl0307ra,52.4194,4.86902,A10,1017
RWS01_MONIBAS_0101hrl0308ra,52.4206,4.87041,A10,1018
RWS01_MONIBAS_0101hrl0312ra,52.4228,4.87494,A10,1019
RWS01_MONIBAS_0101hrl0314ra,52.4234,4.87731,A10,1020
RWS01_MONIBAS_0101hrl0319ra,52.4249,4.88505,A10,1021
RWS01_MONIBAS_0101hrr0019ra,52.4187,4.91172,A10,1022
RWS01_MONIBAS_0101hrr0025ra,52.4159,4.91924,A10,1023
RWS01_MONIBAS_0101hrr0032ra,52.4122,4.92699,A10,1024
RWS01_MONIBAS_0101hrr0037ra,52.4094,4.93263,A10,1025
RWS01_MONIBAS_0101hrr0042ra,52.4073,4.93909,A10,1026
RWS01_MONIBAS_0101hrr0045ra,52.4061,4.94349,A10,1027
RWS01_MONIBAS_0101hrr0051ra,52.403,4.95113,A10,1028
RWS01_MONIBAS_0101hrr0057ra,52.3993,4.9576,A10,1029
RWS01_MONIBAS_0101hrr0063ra,52.3948,4.96259,A10,1030
RWS01_MONIBAS_0101hrr0067ra,52.3914,4.96546,A10,1031
RWS01_MONIBAS_0101hrr0069ra,52.3901,4.96667,A10,1032
RWS01_MONIBAS_0101hrr0072ra,52.3881,4.96835,A10,1033
RWS01_MONIBAS_0101hrr0074ra,52.3861,4.96999,A10,1034
RWS01_MONIBAS_0101hrr0078ra,52.3833,4.97188,A10,1035
RWS01_MONIBAS_0101hrr0080ra,52.3813,4.97276,A10,1036
RWS01_MONIBAS_0101hrr0085ra,52.3771,4.9739,A10,1037
RWS01_MONIBAS_0101hrr0086ra,52.3762,4.974,A10,1038
RWS01_MONIBAS_0101hrr0087ra,52.3748,4.97405,A10,1039
RWS01_MONIBAS_0101hrr0088ra,52.3736,4.97401,A10,1040
RWS01_MONIBAS_0101hrr0090ra,52.3724,4.97385,A10,1041
RWS01_MONIBAS_0101hrr0092ra,52.3708,4.97343,A10,1042
RWS01_MONIBAS_0101hrr0093ra,52.3693,4.97292,A10,1043
RWS01_MONIBAS_0101hrr0097ra,52.3658,4.97122,A10,1044
RWS01_MONIBAS_0101hrr0103ra,52.3614,4.9688,A10,1045
RWS01_MONIBAS_0101hrr0109ra,52.3563,4.96592,A10,1046
RWS01_MONIBAS_0101hrr0110ra,52.3551,4.96522,A10,1047
RWS01_MONIBAS_0101hrr0113ra,52.353,4.96395,A10,1048
RWS01_MONIBAS_0101hrr0118ra,52.349,4.96068,A10,1049
RWS01_MONIBAS_0101hrr0123ra,52.345,4.95667,A10,1050
RWS01_MONIBAS_0101hrr0127ra,52.3413,4.95321,A10,1051
RWS01_MONIBAS_0101hrr0129ra,52.34,4.95128,A10,1052
RWS01_MONIBAS_0101hrr0133ra,52.3382,4.94629,A10,1053
RWS01_MONIBAS_0101hrr0135ra,52.3376,4.94362,A10,1054
RWS01_MONIBAS_0101hrr0138ra,52.3364,4.93974,A10,1055
RWS01_MONIBAS_0101hrr0141ra,52.3349,4.93579,A10,1056
RWS01_MONIBAS_0101hrr0144ra,52.3339,4.93292,A10,1057
RWS01_MONIBAS_0101hrr0147ra,52.3323,4.92828,A10,1058
RWS01_MONIBAS_0101hrr0149ra,52.3314,4.92567,A10,1059
RWS01_MONIBAS_0101hrr0153ra,52.3299,4.92138,A10,1060
RWS01_MONIBAS_0101hrr0153rb,52.3299,4.92138,A10,1061
RWS01_MONIBAS_0101hrr0157ra,52.3285,4.91551,A10,1062
RWS01_MONIBAS_0101hrr0163ra,52.3295,4.90731,A10,1063
RWS01_MONIBAS_0101hrr0169ra,52.3323,4.90058,A10,1064
RWS01_MONIBAS_0101hrr0171ra,52.3339,4.8976,A10,1065
RWS01_MONIBAS_0101hrr0175ra,52.3362,4.89329,A10,1066
RWS01_MONIBAS_0101hrr0180ra,52.3387,4.88811,A10,1067
RWS01_MONIBAS_0101hrr0185ra,52.3397,4.88084,A10,1068
RWS01_MONIBAS_0101hrr0189ra,52.3395,4.87426,A10,1069
RWS01_MONIBAS_0101hrr0194ra,52.3392,4.86728,A10,1070
RWS01_MONIBAS_0101hrr0197ra,52.3389,4.8621,A10,1071
RWS01_MONIBAS_0101hrr0203ra,52.3385,4.85447,A10,1072
RWS01_MONIBAS_0101hrr0205ra,52.3383,4.85033,A10,1073
RWS01_MONIBAS_0101hrr0209ra,52.3381,4.84459,A10,1074
RWS01_MONIBAS_0101hrr0215ra,52.3417,4.84148,A10,1075
RWS01_MONIBAS_0101hrr0219ra,52.3455,4.84111,A10,1076
RWS01_MONIBAS_0101hrr0225ra,52.3508,4.84251,A10,1077
RWS01_MONIBAS_0101hrr0229ra,52.354,4.84272,A10,1078
RWS01_MONIBAS_0101hrr0233ra,52.358,4.8426,A10,1079
RWS01_MONIBAS_0101hrr0239ra,52.3629,4.84248,A10,1080
RWS01_MONIBAS_0101hrr0244ra,52.3678,4.84232,A10,1081
RWS01_MONIBAS_0101hrr0244rb,52.3678,4.84232,A10,1082
RWS01_MONIBAS_0101hrr0249ra,52.3719,4.84221,A10,1083
RWS01_MONIBAS_0101hrr0253ra,52.3759,4.84333,A10,1084
RWS01_MONIBAS_0101hrr0258ra,52.3799,4.84484,A10,1085
RWS01_MONIBAS_0101hrr0261ra,52.3832,4.84478,A10,1086
RWS01_MONIBAS_0101hrr0264ra,52.3857,4.84465,A10,1087
RWS01_MONIBAS_0101hrr0267ra,52.3881,4.84451,A10,1088
RWS01_MONIBAS_0101hrr0271ra,52.3923,4.84431,A10,1089
RWS01_MONIBAS_0101hrr0276ra,52.3959,4.84504,A10,1090
RWS01_MONIBAS_0101hrr0279ra,52.3983,4.84685,A10,1091
RWS01_MONIBAS_0101hrr0281ra,52.3998,4.84869,A10,1092
RWS01_MONIBAS_0101hrr0285ra,52.4029,4.85225,A10,1093
RWS01_MONIBAS_0101hrr0287ra,52.4044,4.8539,A10,1094
RWS01_MONIBAS_0101hrr0290ra,52.4069,4.85694,A10,1095
RWS01_MONIBAS_0101hrr0294ra,52.4097,4.86032,A10,1096
RWS01_MONIBAS_0101hrr0297ra,52.4114,4.86205,A10,1097
RWS01_MONIBAS_0101hrr0298ra,52.4126,4.86321,A10,1098
RWS01_MONIBAS_0101hrr0299ra,52.4134,4.86393,A10,1099
RWS01_MONIBAS_0101hrr0300ra,52.414,4.86452,A10,1100
RWS01_MONIBAS_0101hrr0301ra,52.4146,4.86508,A10,1101
RWS01_MONIBAS_0101hrr0302ra,52.4154,4.86587,A10,1102
RWS01_MONIBAS_0101hrr0303ra,52.4162,4.86661,A10,1103
RWS01_MONIBAS_0101hrr0305ra,52.4179,4.86826,A10,1104
RWS01_MONIBAS_0101hrr0308ra,52.4201,4.87079,A10,1105
RWS01_MONIBAS_0101hrr0308rb,52.4201,4.87079,A10,1106
RWS01_MONIBAS_0101hrr0312ra,52.4217,4.87482,A10,1107
RWS01_MONIBAS_0101hrr0317ra,52.4243,4.88199,A10,1108
RWS01_MONIBAS_0101hrr0323ra,52.425,4.89042,A10,1109
RWS01_MONIBAS_0101hrr0330ra,52.4237,4.89955,A10,1110
RWS01_MONIBAS_0221hrl0091ra,52.4389,4.66951,A22,1111
RWS01_MONIBAS_0221hrl0093ra,52.4404,4.66793,A22,1112
RWS01_MONIBAS_0221hrl0097ra,52.4442,4.66394,A22,1113
RWS01_MONICA_00D00100A055D0070007,52.3472,4.95946,A1,1114
RWS01_MONICA_00D00100A055D007000B,52.3472,4.95946,A1,1115
RWS01_MONICA_00D00100A055D007000F,52.3472,4.95946,A1,1116
RWS01_MONICA_00D00100B81E28200005,52.3506,4.9656,A1,1117
RWS01_MONICA_00D00100B81E28200009,52.3506,4.9656,A1,1118
RWS01_MONICA_00D00100E00AD0050005,52.3457,4.97747,A1,1119
RWS01_MONICA_00D00100E00AD0050009,52.3457,4.97747,A1,1120
RWS01_MONICA_00D00100E00AD005000D,52.3457,4.97747,A1,1121
RWS01_MONICA_00D00100E00AD0050011,52.3457,4.97747,A1,1122
RWS01_MONICA_00D00100E00AD0050015,52.3457,4.97747,A1,1123
RWS01_MONICA_00D00100F000D0050005,52.3432,4.9815,A1,1124
RWS01_MONICA_00D00100F000D0050009,52.3432,4.9815,A1,1125
RWS01_MONICA_00D00100F000D005000D,52.3432,4.9815,A1,1126
RWS01_MONICA_00D00100F000D0050011,52.3432,4.9815,A1,1127
RWS01_MONICA_00D00100F000D0070007,52.3431,4.98128,A1,1128
RWS01_MONICA_00D00100F000D007000B,52.3431,4.98128,A1,1129
RWS01_MONICA_00D00100F000D007000F,52.3431,4.98128,A1,1130
RWS01_MONICA_00D00100F000D0070013,52.3431,4.98128,A1,1131
RWS01_MONICA_00D00100FC32D0070007,52.3406,4.98437,A1,1132
RWS01_MONICA_00D00100FC32D007000B,52.3406,4.98437,A1,1133
RWS01_MONICA_00D00100FC32D007000F,52.3406,4.98437,A1,1134
RWS01_MONICA_00D00100FC32D0070013,52.3406,4.98437,A1,1135
RWS01_MONICA_00D001010437D0050005,52.3393,4.98649,A1,1136
RWS01_MONICA_00D001010437D0050009,52.3393,4.98649,A1,1137
RWS01_MONICA_00D001010437D005000D,52.3393,4.98649,A1,1138
RWS01_MONICA_00D001011050D0070007,52.3372,4.98975,A1,1139
RWS01_MONICA_00D001011050D007000B,52.3372,4.98975,A1,1140
RWS01_MONICA_00D001011050D007000F,52.3372,4.98975,A1,1141
RWS01_MONICA_00D001011050D0070013,52.3372,4.98975,A1,1142
RWS01_MONICA_00D00101184BD0070007,52.3361,4.99199,A1,1143
RWS01_MONICA_00D00101284BD0050005,52.3344,4.99724,A1,1144
RWS01_MONICA_00D00101284BD0050009,52.3344,4.99724,A1,1145
RWS01_MONICA_00D00101284BD005000D,52.3344,4.99724,A1,1146
RWS01_MONICA_00D00101304BD0070007,52.3335,4.99982,A1,1147
RWS01_MONICA_00D00101304BD007000B,52.3335,4.99982,A1,1148
RWS01_MONICA_00D00101304BD007000F,52.3335,4.99982,A1,1149
RWS01_MONICA_00D00101304BD0070013,52.3335,4.99982,A1,1150
RWS01_MONICA_00D00101304BD0070307,52.3335,4.99982,A1,1151
RWS01_MONICA_00D00101304BD007030B,52.3335,4.99982,A1,1152
RWS01_MONICA_00D001013C3250200005,52.3331,5.00383,A1,1153
RWS01_MONICA_00D001013C3250200009,52.3331,5.00383,A1,1154
RWS01_MONICA_00D001013C32D0050005,52.333,5.00377,A1,1155
RWS01_MONICA_00D001013C32D0050009,52.333,5.00377,A1,1156
RWS01_MONICA_00D001013C32D005000D,52.333,5.00377,A1,1157
RWS01_MONICA_00D001013C32D0070007,52.3328,5.0036,A1,1158
RWS01_MONICA_00D001013C32D007000B,52.3328,5.0036,A1,1159
RWS01_MONICA_00D001013C32D007000F,52.3328,5.0036,A1,1160
RWS01_MONICA_00D001013C32D0070013,52.3328,5.0036,A1,1161
RWS01_MONICA_00D001014805D0070007,52.3324,5.00719,A1,1162
RWS01_MONICA_00D001014805D007000B,52.3324,5.00719,A1,1163
RWS01_MONICA_00D001014805D007000F,52.3324,5.00719,A1,1164
RWS01_MONICA_00D001016426D0050005,52.3325,5.01717,A1,1165
RWS01_MONICA_00D001016426D0050009,52.3325,5.01717,A1,1166
RWS01_MONICA_00D001016426D005000D,52.3325,5.01717,A1,1167
RWS01_MONICA_00D001016426D0050011,52.3325,5.01717,A1,1168
RWS01_MONICA_00D001018819D0050005,52.3323,5.03061,A1,1169
RWS01_MONICA_00D001018819D0050009,52.3323,5.03061,A1,1170
RWS01_MONICA_00D001018819D005000D,52.3323,5.03061,A1,1171
RWS01_MONICA_00D001019416D0070007,52.332,5.0349,A1,1172
RWS01_MONICA_00D001019416D007000B,52.332,5.0349,A1,1173
RWS01_MONICA_00D001019416D007000F,52.332,5.0349,A1,1174
RWS01_MONICA_00D001019416D0070013,52.332,5.0349,A1,1175
RWS01_MONICA_00D00101AC04D0050005,52.3322,5.04359,A1,1176
RWS01_MONICA_00D00101AC04D0050009,52.3322,5.04359,A1,1177
RWS01_MONICA_00D00101AC04D005000D,52.3322,5.04359,A1,1178
RWS01_MONICA_00D00101C00ED0050005,52.3311,5.0508,A1,1179
RWS01_MONICA_00D00101C00ED0050009,52.3311,5.0508,A1,1180
RWS01_MONICA_00D00101C00ED005000D,52.3311,5.0508,A1,1181
RWS01_MONICA_00D00101C00ED0070007,52.3309,5.05069,A1,1182
RWS01_MONICA_00D00101C00ED007000B,52.3309,5.05069,A1,1183
RWS01_MONICA_00D00101C00ED007000F,52.3309,5.05069,A1,1184
RWS01_MONICA_00D00101D000D0070007,52.3293,5.05577,A1,1185
RWS01_MONICA_00D00101D000D007000B,52.3293,5.05577,A1,1186
RWS01_MONICA_00D00101D000D007000F,52.3293,5.05577,A1,1187
RWS01_MONICA_00D00101D420D0050005,52.3289,5.05766,A1,1188
RWS01_MONICA_00D00101D420D0050009,52.3289,5.05766,A1,1189
RWS01_MONICA_00D00101D420D005000D,52.3289,5.05766,A1,1190
RWS01_MONICA_00D00101DC5AD0050005,52.3278,5.06105,A1,1191
RWS01_MONICA_00D00101DC5AD0050009,52.3278,5.06105,A1,1192
RWS01_MONICA_00D00101DC5AD005000D,52.3278,5.06105,A1,1193
RWS01_MONICA_00D00101DC5AD0070007,52.3277,5.06069,A1,1194
RWS01_MONICA_00D00101DC5AD007000B,52.3277,5.06069,A1,1195
RWS01_MONICA_00D00101DC5AD007000F,52.3277,5.06069,A1,1196
RWS01_MONICA_00D00101F00AD0070087,52.3259,5.06613,A1,1197
RWS01_MONICA_00D00101F00CD0050005,52.3261,5.06644,A1,1198
RWS01_MONICA_00D00101F00CD0050009,52.3261,5.06644,A1,1199
RWS01_MONICA_00D00101F00CD005000D,52.3261,5.06644,A1,1200
RWS01_MONICA_00D00101F823D0070007,52.3251,5.06911,A1,1201
RWS01_MONICA_00D00101F823D007000B,52.3251,5.06911,A1,1202
RWS01_MONICA_00D00101F823D007000F,52.3251,5.06911,A1,1203
RWS01_MONICA_00D00102041ED0050005,52.3243,5.07324,A1,1204
RWS01_MONICA_00D00102041ED0050009,52.3243,5.07324,A1,1205
RWS01_MONICA_00D00102041ED005000D,52.3243,5.07324,A1,1206
RWS01_MONICA_00D00102101ED0070007,52.3229,5.07707,A1,1207
RWS01_MONICA_00D00102101ED007000B,52.3229,5.07707,A1,1208
RWS01_MONICA_00D00102101ED007000F,52.3229,5.07707,A1,1209
RWS01_MONICA_00D001021C0AD0070007,52.3219,5.08078,A1,1210
RWS01_MONICA_00D001021C0AD007000B,52.3219,5.08078,A1,1211
RWS01_MONICA_00D001021C0AD007000F,52.3219,5.08078,A1,1212
RWS01_MONICA_00D001021C0AD0070013,52.3219,5.08078,A1,1213
RWS01_MONICA_00D001022C5FD0050005,52.3202,5.08733,A1,1214
RWS01_MONICA_00D001022C5FD0050009,52.3202,5.08733,A1,1215
RWS01_MONICA_00D001022C5FD005000D,52.3202,5.08733,A1,1216
RWS01_MONICA_00D001023028D0070007,52.3199,5.08778,A1,1217
RWS01_MONICA_00D001023028D007000B,52.3199,5.08778,A1,1218
RWS01_MONICA_00D001023028D0070307,52.3199,5.08778,A1,1219
RWS01_MONICA_00D001023028D007030B,52.3199,5.08778,A1,1220
RWS01_MONICA_00D00102385AD0050005,52.3191,5.09122,A1,1221
RWS01_MONICA_00D00102385AD0050009,52.3191,5.09122,A1,1222
RWS01_MONICA_00D00102385AD005000D,52.3191,5.09122,A1,1223
RWS01_MONICA_00D00102385AD0050085,52.3191,5.09122,A1,1224
RWS01_MONICA_00D00204D40028200005,52.3289,4.91899,A2,1225
RWS01_MONICA_00D00204D40028200009,52.3289,4.91899,A2,1226
RWS01_MONICA_00D00205B400D0050005,52.2857,4.94866,A2,1227
RWS01_MONICA_00D00205B400D0050009,52.2857,4.94866,A2,1228
RWS01_MONICA_00D00205B400D005000D,52.2857,4.94866,A2,1229
RWS01_MONICA_00D00205B400D0050085,52.2857,4.94866,A2,1230
RWS01_MONICA_00D00205C446D0070007,52.2819,4.95132,A2,1231
RWS01_MONICA_00D00205C446D007000B,52.2819,4.95132,A2,1232
RWS01_MONICA_00D00205C446D007000F,52.2819,4.95132,A2,1233
RWS01_MONICA_00D00205C446D0070013,52.2819,4.95132,A2,1234
RWS01_MONICA_00D00205D404D0050005,52.2792,4.95392,A2,1235
RWS01_MONICA_00D00205D404D0050009,52.2792,4.95392,A2,1236
RWS01_MONICA_00D00205D404D005000D,52.2792,4.95392,A2,1237
RWS01_MONICA_00D00205D404D0050011,52.2792,4.95392,A2,1238
RWS01_MONICA_00D00206040AD0050005,52.2692,4.96036,A2,1239
RWS01_MONICA_00D00206040AD0050009,52.2692,4.96036,A2,1240
RWS01_MONICA_00D00206040AD005000D,52.2692,4.96036,A2,1241
RWS01_MONICA_00D00206040AD0050011,52.2692,4.96036,A2,1242
RWS01_MONICA_00D00206040AD0050305,52.2692,4.96036,A2,1243
RWS01_MONICA_00D00206040AD0050309,52.2692,4.96036,A2,1244
RWS01_MONICA_00D002061800D0070007,52.2649,4.962,A2,1245
RWS01_MONICA_00D002061800D007000B,52.2649,4.962,A2,1246
RWS01_MONICA_00D002061800D007000F,52.2649,4.962,A2,1247
RWS01_MONICA_00D002061800D0070013,52.2649,4.962,A2,1248
RWS01_MONICA_00D002061800D0070017,52.2649,4.962,A2,1249
RWS01_MONICA_00D002061C0CD0050005,52.2641,4.96326,A2,1250
RWS01_MONICA_00D002061C0CD0050009,52.2641,4.96326,A2,1251
RWS01_MONICA_00D002061C0CD005000D,52.2641,4.96326,A2,1252
RWS01_MONICA_00D002061C0CD0050011,52.2641,4.96326,A2,1253
RWS01_MONICA_00D002061C0CD0050015,52.2641,4.96326,A2,1254
RWS01_MONICA_00D002062051D0070007,52.2625,4.96349,A2,1255
RWS01_MONICA_00D002062051D007000B,52.2625,4.96349,A2,1256
RWS01_MONICA_00D002062051D007000F,52.2625,4.96349,A2,1257
RWS01_MONICA_00D002062051D0070013,52.2625,4.96349,A2,1258
RWS01_MONICA_00D002062051D0070017,52.2625,4.96349,A2,1259
RWS01_MONICA_00D00400FC45D0070007,52.322,4.76066,A4,1260
RWS01_MONICA_00D00400FC45D007000B,52.322,4.76066,A4,1261
RWS01_MONICA_00D00400FC45D007000F,52.322,4.76066,A4,1262
RWS01_MONICA_00D00400FC45D0070013,52.322,4.76066,A4,1263
RWS01_MONICA_00D005008454D0050005,52.3133,4.73247,A5,1264
RWS01_MONICA_00D005008454D0050009,52.3133,4.73247,A5,1265
RWS01_MONICA_00D005008454D0070007,52.3134,4.73269,A5,1266
RWS01_MONICA_00D005008454D007000B,52.3134,4.73269,A5,1267
RWS01_MONICA_00D005014446D0050005,52.3559,4.73918,A5,1268
RWS01_MONICA_00D005014446D0050009,52.3559,4.73918,A5,1269
RWS01_MONICA_00D005014446D0070007,52.3559,4.73933,A5,1270
RWS01_MONICA_00D005014446D007000B,52.3559,4.73933,A5,1271
RWS01_MONICA_00D00501583DD0070007,52.3597,4.74274,A5,1272
RWS01_MONICA_00D00501583DD007000B,52.3597,4.74274,A5,1273
RWS01_MONICA_00D005017028D0050005,52.3639,4.74783,A5,1274
RWS01_MONICA_00D005017028D0050009,52.3639,4.74783,A5,1275
RWS01_MONICA_00D005017028D0050085,52.3639,4.74783,A5,1276
RWS01_MONICA_00D005017028D0050089,52.3639,4.74783,A5,1277
RWS01_MONICA_00D005017053D0070007,52.364,4.74844,A5,1278
RWS01_MONICA_00D005017053D007000B,52.364,4.74844,A5,1279
RWS01_MONICA_00D005018037D0070007,52.3663,4.75247,A5,1280
RWS01_MONICA_00D005018037D007000B,52.3663,4.75247,A5,1281
RWS01_MONICA_00D005018037D0070107,52.3663,4.75247,A5,1282
RWS01_MONICA_00D005018C55D0050005,52.3681,4.7563,A5,1283
RWS01_MONICA_00D005018C55D0050009,52.3681,4.7563,A5,1284
RWS01_MONICA_00D005018C55D0070007,52.368,4.75642,A5,1285
RWS01_MONICA_00D005018C55D007000B,52.368,4.75642,A5,1286
RWS01_MONICA_00D00501A450D0050005,52.3716,4.76287,A5,1287
RWS01_MONICA_00D00501A450D0050009,52.3716,4.76287,A5,1288
RWS01_MONICA_00D00501A450D0070007,52.3715,4.76299,A5,1289
RWS01_MONICA_00D00501A450D007000B,52.3715,4.76299,A5,1290
RWS01_MONICA_00D00501B83DD0050005,52.3754,4.76633,A5,1291
RWS01_MONICA_00D00501B83DD0050009,52.3754,4.76633,A5,1292
RWS01_MONICA_00D00501B851D0070007,52.3754,4.76659,A5,1293
RWS01_MONICA_00D00501B851D007000B,52.3754,4.76659,A5,1294
RWS01_MONICA_00D00501D001D0050005,52.3801,4.7677,A5,1295
RWS01_MONICA_00D00501D001D0050009,52.3801,4.7677,A5,1296
RWS01_MONICA_00D00501D015D0070007,52.3802,4.76789,A5,1297
RWS01_MONICA_00D00501D015D007000B,52.3802,4.76789,A5,1298
RWS01_MONICA_00D00501E429D0050005,52.385,4.76773,A5,1299
RWS01_MONICA_00D00501E429D0050009,52.385,4.76773,A5,1300
RWS01_MONICA_00D00501E43DD0070007,52.385,4.76795,A5,1301
RWS01_MONICA_00D00501E43DD007000B,52.385,4.76795,A5,1302
RWS01_MONICA_00D00501F851D0050005,52.3895,4.7703,A5,1303
RWS01_MONICA_00D00501F851D0050009,52.3895,4.7703,A5,1304
RWS01_MONICA_00D00501FC01D0070007,52.3895,4.77055,A5,1305
RWS01_MONICA_00D00501FC01D007000B,52.3895,4.77055,A5,1306
RWS01_MONICA_00D005020442D0050005,52.3914,4.7731,A5,1307
RWS01_MONICA_00D005020442D0050009,52.3914,4.7731,A5,1308
RWS01_MONICA_00D005020442D0070007,52.3913,4.77319,A5,1309
RWS01_MONICA_00D005020442D007000B,52.3913,4.77319,A5,1310
RWS01_MONICA_00D005021841D0050005,52.3933,4.77967,A5,1311
RWS01_MONICA_00D005021841D0050009,52.3933,4.77967,A5,1312
RWS01_MONICA_00D005021841D0070007,52.3932,4.77973,A5,1313
RWS01_MONICA_00D005021841D007000B,52.3932,4.77973,A5,1314
RWS01_MONICA_00D005022415D0050005,52.3935,4.78342,A5,1315
RWS01_MONICA_00D005022415D0050009,52.3935,4.78342,A5,1316
RWS01_MONICA_00D005022429D0070007,52.3933,4.78376,A5,1317
RWS01_MONICA_00D005022429D007000B,52.3933,4.78376,A5,1318
RWS01_MONICA_00D005023033D0050005,52.3935,4.78829,A5,1319
RWS01_MONICA_00D005023033D0050009,52.3935,4.78829,A5,1320
RWS01_MONICA_00D005023047D0070007,52.3933,4.7886,A5,1321
RWS01_MONICA_00D005023047D007000B,52.3933,4.7886,A5,1322
RWS01_MONICA_00D005023047D0070307,52.3933,4.7886,A5,1323
RWS01_MONICA_00D005023C4AD0050005,52.3935,4.79304,A5,1324
RWS01_MONICA_00D005023C4AD0050009,52.3935,4.79304,A5,1325
RWS01_MONICA_00D005023C4AD0050305,52.3935,4.79304,A5,1326
RWS01_MONICA_00D005023C5ED0070007,52.3933,4.79333,A5,1327
RWS01_MONICA_00D005023C5ED007000B,52.3933,4.79333,A5,1328
RWS01_MONICA_00D005023C5ED0070307,52.3933,4.79333,A5,1329
RWS01_MONICA_00D005024C2FD0050005,52.3935,4.79851,A5,1330
RWS01_MONICA_00D005024C2FD0050009,52.3935,4.79851,A5,1331
RWS01_MONICA_00D005024C43D0070007,52.3934,4.7988,A5,1332
RWS01_MONICA_00D005024C43D007000B,52.3934,4.7988,A5,1333
RWS01_MONICA_00D005026041D0070007,52.393,4.80604,A5,1334
RWS01_MONICA_00D005026041D007000B,52.393,4.80604,A5,1335
RWS01_MONICA_00D00502741ED0070007,52.3921,4.81263,A5,1336
RWS01_MONICA_00D00502741ED007000B,52.3921,4.81263,A5,1337
RWS01_MONICA_00D005028832D0070007,52.3918,4.82017,A5,1338
RWS01_MONICA_00D005028832D007000B,52.3918,4.82017,A5,1339
RWS01_MONICA_00D005029C4ED0070007,52.3918,4.82785,A5,1340
RWS01_MONICA_00D005029C4ED007000B,52.3918,4.82785,A5,1341
RWS01_MONICA_00D00502B427D0070007,52.3922,4.83595,A5,1342
RWS01_MONICA_00D00502B427D007000B,52.3922,4.83595,A5,1343
RWS01_MONICA_00D00502C849D0070007,52.395,4.84208,A5,1344
RWS01_MONICA_00D00502C849D007000B,52.395,4.84208,A5,1345
RWS01_MONICA_00D00900C80090200005,52.3323,5.00757,A9,1346
RWS01_MONICA_00D00900C80090200009,52.3323,5.00757,A9,1347
RWS01_MONICA_00D009012C32D0050005,52.314,4.98905,A9,1348
RWS01_MONICA_00D009012C32D0050009,52.314,4.98905,A9,1349
RWS01_MONICA_00D009012C32D005000D,52.314,4.98905,A9,1350
RWS01_MONICA_00D00905780FD0050005,52.3347,4.78358,A9,1351
RWS01_MONICA_00D00905780FD0050009,52.3347,4.78358,A9,1352
RWS01_MONICA_00D009057815D0070007,52.3349,4.78361,A9,1353
RWS01_MONICA_00D009057815D007000B,52.3349,4.78361,A9,1354
RWS01_MONICA_00D009057815D0070187,52.3349,4.78361,A9,1355
RWS01_MONICA_00D00905A800D0050005,52.3414,4.77008,A9,1356
RWS01_MONICA_00D00905A800D0050009,52.3414,4.77008,A9,1357
RWS01_MONICA_00D00905A800D0070007,52.3415,4.77002,A9,1358
RWS01_MONICA_00D00905A800D007000B,52.3415,4.77002,A9,1359
RWS01_MONICA_00D00905A800D0070187,52.3415,4.77002,A9,1360
RWS01_MONICA_00D00905BC00D0050005,52.3441,4.76421,A9,1361
RWS01_MONICA_00D00905BC00D0050009,52.3441,4.76421,A9,1362
RWS01_MONICA_00D00905C42310200005,52.3454,4.76151,A9,1363
RWS01_MONICA_00D00905C823D0050005,52.346,4.76039,A9,1364
RWS01_MONICA_00D00905C823D0050009,52.346,4.76039,A9,1365
RWS01_MONICA_00D00905D432D0070007,52.3479,4.75694,A9,1366
RWS01_MONICA_00D00905D432D007000B,52.3479,4.75694,A9,1367
RWS01_MONICA_00D00905D432D0070187,52.3479,4.75694,A9,1368
RWS01_MONICA_00D00905D82DD0050005,52.3483,4.75576,A9,1369
RWS01_MONICA_00D00905D82DD0050009,52.3483,4.75576,A9,1370
RWS01_MONICA_00D00905D82DD0050305,52.3483,4.75576,A9,1371
RWS01_MONICA_00D00905E823B0200005,52.3599,4.7432,A9,1372
RWS01_MONICA_00D00905E823B0200009,52.3599,4.7432,A9,1373
RWS01_MONICA_00D00905F400D0070007,52.3523,4.74868,A9,1374
RWS01_MONICA_00D00905F400D007000B,52.3523,4.74868,A9,1375
RWS01_MONICA_00D00905F400D007000F,52.3523,4.74868,A9,1376
RWS01_MONICA_00D009066C0FD0050005,52.37,4.71534,A9,1377
RWS01_MONICA_00D009066C0FD0050009,52.37,4.71534,A9,1378
RWS01_MONICA_00D009066C0FD0050185,52.37,4.71534,A9,1379
RWS01_MONICA_00D009067801D0050005,52.3718,4.71218,A9,1380
RWS01_MONICA_00D009067801D0050009,52.3718,4.71218,A9,1381
RWS01_MONICA_00D009067801D0050185,52.3718,4.71218,A9,1382
RWS01_MONICA_00D00906880AD0070007,52.3749,4.70908,A9,1383
RWS01_MONICA_00D00906880AD007000B,52.3749,4.70908,A9,1384
RWS01_MONICA_00D00906880AD0070187,52.3749,4.70908,A9,1385
RWS01_MONICA_00D009068852D0050005,52.3755,4.70877,A9,1386
RWS01_MONICA_00D009068852D0050009,52.3755,4.70877,A9,1387
RWS01_MONICA_00D009068852D0050305,52.3755,4.70877,A9,1388
RWS01_MONICA_00D009068852D0050309,52.3755,4.70877,A9,1389
RWS01_MONICA_00D00906A40AD0050005,52.3811,4.70788,A9,1390
RWS01_MONICA_00D00906A40AD0050009,52.3811,4.70788,A9,1391
RWS01_MONICA_00D00906AC50D0070007,52.3835,4.70771,A9,1392
RWS01_MONICA_00D00906AC50D007000B,52.3835,4.70771,A9,1393
RWS01_MONICA_00D00906AC50D0070187,52.3835,4.70771,A9,1394
RWS01_MONICA_00D00906D423D0050005,52.392,4.70614,A9,1395
RWS01_MONICA_00D00906D423D0050009,52.392,4.70614,A9,1396
RWS01_MONICA_00D00906D423D0050305,52.392,4.70614,A9,1397
RWS01_MONICA_00D00906DC0AD0070007,52.3936,4.70608,A9,1398
RWS01_MONICA_00D00906DC0AD007000B,52.3936,4.70608,A9,1399
RWS01_MONICA_00D00906DC0AD0070187,52.3936,4.70608,A9,1400
RWS01_MONICA_00D009075400D0070007,52.4193,4.69454,A9,1401
RWS01_MONICA_00D009075400D007000B,52.4193,4.69454,A9,1402
RWS01_MONICA_00D009075400D0070187,52.4193,4.69454,A9,1403
RWS01_MONICA_00D009075C00D0050005,52.4206,4.69257,A9,1404
RWS01_MONICA_00D009075C00D0050009,52.4206,4.69257,A9,1405
RWS01_MONICA_00D009075C00D0050185,52.4206,4.69257,A9,1406
RWS01_MONICA_00D009076415D0050005,52.422,4.69025,A9,1407
RWS01_MONICA_00D009076415D0050009,52.422,4.69025,A9,1408
RWS01_MONICA_00D009076415D0050185,52.422,4.69025,A9,1409
RWS01_MONICA_00D009076415D0070007,52.4221,4.69039,A9,1410
RWS01_MONICA_00D009076415D007000B,52.4221,4.69039,A9,1411
RWS01_MONICA_00D009076415D0070187,52.4221,4.69039,A9,1412
RWS01_MONICA_00D00907A04ED0070007,52.4329,4.67596,A9,1413
RWS01_MONICA_00D00907A04ED007000B,52.4329,4.67596,A9,1414
RWS01_MONICA_00D00907A04ED0070187,52.4329,4.67596,A9,1415
RWS01_MONICA_00D00A01C046D0050005,52.3533,4.96443,A10,1416
RWS01_MONICA_00D00A01C046D0050009,52.3533,4.96443,A10,1417
RWS01_MONICA_00D00A01C046D005000D,52.3533,4.96443,A10,1418
RWS01_MONICA_00D00A01E055D0050005,52.3467,4.95865,A10,1419
RWS01_MONICA_00D00A01E055D0050009,52.3467,4.95865,A10,1420
RWS01_MONICA_00D00A01E055D005000D,52.3467,4.95865,A10,1421
RWS01_MONICA_00D00A02045AD0050005,52.3399,4.95146,A10,1422
RWS01_MONICA_00D00A02045AD0050009,52.3399,4.95146,A10,1423
RWS01_MONICA_00D00A02045AD005000D,52.3399,4.95146,A10,1424
RWS01_MONICA_00D00A02045AD0050011,52.3399,4.95146,A10,1425
RWS01_MONICA_00D00A02045AD0070007,52.34,4.95128,A10,1426
RWS01_MONICA_00D00A02045AD007000B,52.34,4.95128,A10,1427
RWS01_MONICA_00D00A02045AD007000F,52.34,4.95128,A10,1428
RWS01_MONICA_00D00A02045AD0070307,52.34,4.95128,A10,1429
RWS01_MONICA_00D00A021C0FD0050005,52.3376,4.94455,A10,1430
RWS01_MONICA_00D00A021C0FD0050009,52.3376,4.94455,A10,1431
RWS01_MONICA_00D00A021C0FD005000D,52.3376,4.94455,A10,1432
RWS01_MONICA_00D00A021C0FD0050011,52.3376,4.94455,A10,1433
RWS01_MONICA_00D00A021C0FD0050305,52.3376,4.94455,A10,1434
RWS01_MONICA_00D00A022850D0070007,52.3364,4.93974,A10,1435
RWS01_MONICA_00D00A022850D007000B,52.3364,4.93974,A10,1436
RWS01_MONICA_00D00A022850D007000F,52.3364,4.93974,A10,1437
RWS01_MONICA_00D00A022850D0070013,52.3364,4.93974,A10,1438
RWS01_MONICA_00D00A023014D0050005,52.3355,4.93812,A10,1439
RWS01_MONICA_00D00A023014D0050009,52.3355,4.93812,A10,1440
RWS01_MONICA_00D00A023014D005000D,52.3355,4.93812,A10,1441
RWS01_MONICA_00D00A023014D0050011,52.3355,4.93812,A10,1442
RWS01_MONICA_00D00A024C4BD0050005,52.3322,4.92853,A10,1443
RWS01_MONICA_00D00A024C4BD0050009,52.3322,4.92853,A10,1444
RWS01_MONICA_00D00A024C4BD005000D,52.3322,4.92853,A10,1445
RWS01_MONICA_00D00A024C4BD0050011,52.3322,4.92853,A10,1446
RWS01_MONICA_00D00A024C55D0070007,52.3323,4.92828,A10,1447
RWS01_MONICA_00D00A024C55D007000B,52.3323,4.92828,A10,1448
RWS01_MONICA_00D00A024C55D007000F,52.3323,4.92828,A10,1449
RWS01_MONICA_00D00A024C55D0070013,52.3323,4.92828,A10,1450
RWS01_MONICA_00D00A026416D0070007,52.3299,4.92138,A10,1451
RWS01_MONICA_00D00A026416D007000B,52.3299,4.92138,A10,1452
RWS01_MONICA_00D00A026416D007000F,52.3299,4.92138,A10,1453
RWS01_MONICA_00D00A026416D0070013,52.3299,4.92138,A10,1454
RWS01_MONICA_00D00A026416D0070307,52.3299,4.92138,A10,1455
RWS01_MONICA_00D00A026416D007030B,52.3299,4.92138,A10,1456
RWS01_MONICA_00D00A026C46D0050005,52.3288,4.91824,A10,1457
RWS01_MONICA_00D00A026C46D0050009,52.3288,4.91824,A10,1458
RWS01_MONICA_00D00A026C46D005000D,52.3288,4.91824,A10,1459
RWS01_MONICA_00D00A026C5D98200007,52.329,4.91768,A10,1460
RWS01_MONICA_00D00A026C5D9820000B,52.329,4.91768,A10,1461
RWS01_MONICA_10D00205901E60200307,52.2923,4.942,A2,1462
RWS01_MONICA_10D00205901E6020030B,52.2923,4.942,A2,1463
RWS01_MONICA_10D00205D050D0050005,52.2794,4.95376,A2,1464
RWS01_MONICA_10D00205D050D0050009,52.2794,4.95376,A2,1465
RWS01_MONICA_10D00205D050D005000D,52.2794,4.95376,A2,1466
RWS01_MONICA_10D00205D050D0050011,52.2794,4.95376,A2,1467
RWS01_MONICA_10D00205F400D0070017,52.2726,4.95794,A2,1468
RWS01_MONICA_10D00205F400D0070307,52.2726,4.95794,A2,1469
RWS01_MONICA_10D002060C00D0070013,52.2674,4.96049,A2,1470
RWS01_MONICA_10D002060C00D0070017,52.2674,4.96049,A2,1471
RWS01_MONICA_10D002060C00D0070307,52.2674,4.96049,A2,1472
RWS01_MONICA_10D00400EC1D60200007,52.3286,4.79537,A4,1473
RWS01_MONICA_10D00400EC1D6020000B,52.3286,4.79537,A4,1474
RWS01_MONICA_10D00400FC4560200007,52.3081,4.74783,A4,1475
RWS01_MONICA_10D00400FC456020000B,52.3081,4.74783,A4,1476
RWS01_MONICA_10D00901505A00200007,52.31,4.97681,A9,1477
RWS01_MONICA_10D009053C23B8200087,52.3262,4.80032,A9,1478
RWS01_MONICA_10D00A015C3CD0050005,52.3748,4.97422,A10,1479
RWS01_MONICA_10D00A015C3CD0050009,52.3748,4.97422,A10,1480
RWS01_MONICA_10D00A015C3CD005000D,52.3748,4.97422,A10,1481
RWS01_MONICA_10D00A017001D0050005,52.3708,4.97358,A10,1482
RWS01_MONICA_10D00A04741918200185,52.4032,4.85107,A10,1483
RWS01_MONICA_10D00A04741918200305,52.4032,4.85107,A10,1484
RWS01_MONICA_10D00A04783708200187,52.4036,4.85335,A10,1485
RWS01_MONICA_10D00A04783708200307,52.4036,4.85335,A10,1486
