startLocatieForDisplayLat	startLocatieForDisplayLong	ROADNUMBER	cor_id
52.2563	4.78288	N231	1
52.2567	4.8192	N201	2
52.2569	4.81936	N201	3
52.2578	4.77092	N196	4
52.2581	4.82868	N521	5
52.2588	4.6843	A4	6
52.2589	4.6849	A4	7
52.259	4.96597	A2	8
52.2615	4.6886	A4	9
52.2616	4.68833	A4	10
52.2625	4.96349	A2	11
52.2641	4.96326	A2	12
52.2643	4.69276	A4	13
52.2646	4.69262	A4	14
52.2648	4.96181	A2	15
52.2648	4.96425	A2	16
52.2649	4.962	A2	17
52.2672	4.96064	A2	18
52.2673	4.69657	A4	19
52.2674	4.96049	A2	20
52.2685	4.69876	A4	21
52.2685	4.69881	A4	22
52.2685	4.80288	N231	23
52.2692	4.96036	A2	24
52.2694	4.69936	A4	25
52.2694	4.69953	A4	26
52.2713	4.70188	A4	27
52.2717	4.70384	A4	28
52.2718	4.70393	A4	29
52.2719	4.70356	A4	30
52.2724	4.95809	A2	31
52.2726	4.95794	A2	32
52.2727	4.7043	A4	33
52.2731	4.70664	A4	34
52.2733	4.78438	N201	35
52.2734	4.7847	N201	36
52.2736	4.70652	A4	37
52.2738	4.70541	A4	38
52.2742	4.95768	A2	39
52.2749	4.70633	A4	40
52.2753	4.70843	A4	41
52.2765	4.70972	A4	42
52.2766	4.7094	A4	43
52.2768	4.71117	A4	44
52.2773	4.95468	A2	45
52.2777	5.05173	N523	46
52.2786	4.71226	A4	47
52.2788	4.7277	N201	48
52.2791	4.71452	A4	49
52.2791	4.71345	A4	50
52.2792	4.95392	A2	51
52.2793	4.7142	A4	52
52.2794	4.95376	A2	53
52.2804	4.71741	A4	54
52.2811	4.71732	A4	55
52.2812	4.7165	A4	56
52.2819	4.95132	A2	57
52.2819	4.95108	A2	58
52.2819	4.95105	A9	59
52.2821	4.71728	A4	60
52.2825	4.95212	A2	61
52.2825	4.95129	A2	62
52.2825	4.95158	A2	63
52.2825	4.95157	A2	64
52.2826	4.95123	A2	65
52.2828	4.71926	A4	66
52.2843	4.72182	A4	67
52.2848	4.73054	N196	68
52.2849	4.73065	N196	69
52.2852	4.72173	A4	70
52.2853	4.72226	A4	71
52.2854	4.94838	A2	72
52.2854	4.72291	A4	73
52.2857	4.94866	A2	74
52.2859	4.94817	A2	75
52.286	4.93854	A9	76
52.2861	4.93402	A9	77
52.2862	4.72245	A4	78
52.2863	4.93412	A9	79
52.2864	4.93436	A2	80
52.2864	4.72487	A4	81
52.2864	4.92979	A9	82
52.2865	4.75879	N201	83
52.2867	4.94175	A2	84
52.2867	4.92689	A9	85
52.2867	4.75849	N201	86
52.2869	4.92617	A9	87
52.2872	4.94739	A2	88
52.2873	4.94668	A2	89
52.2875	4.72489	A4	90
52.2878	4.91787	A9	91
52.288	4.72724	A4	92
52.288	4.918	A9	93
52.2881	4.91726	A9	94
52.2881	4.91733	A9	95
52.2886	4.72749	A4	96
52.2888	4.72738	A4	97
52.2893	4.72786	A5	98
52.2895	4.90922	A9	99
52.2896	4.94503	A2	100
52.2896	4.90932	A9	101
52.2897	4.94523	A2	102
52.2897	4.7279	A4	103
52.2897	4.72917	A4	104
52.2899	4.73093	A4	105
52.29	4.73044	A4	106
52.2905	4.72989	A4	107
52.2907	4.94305	A2	108
52.2911	4.72991	A5	109
52.2912	4.72932	A5	110
52.2912	5.07479	N236	111
52.2916	4.73189	A4	112
52.2916	4.90095	A9	113
52.2917	4.9011	A9	114
52.2919	4.73297	A4	115
52.2921	4.94348	A2	116
52.2923	4.942	A2	117
52.2927	4.73206	A5	118
52.2928	4.73316	A4	119
52.2932	4.73238	A4	120
52.2934	4.73058	A5	121
52.2935	4.73112	A5	122
52.2936	4.94224	A2	123
52.2936	4.73472	A4	124
52.2936	4.73467	A4	125
52.294	4.89312	A9	126
52.2942	4.89325	A9	127
52.2946	4.73566	A4	128
52.2947	4.73555	A4	129
52.2952	4.94027	A2	130
52.2952	4.88856	A9	131
52.2953	4.88862	A9	132
52.2955	4.9408	A2	133
52.2955	4.73096	A5	134
52.2955	4.73105	A5	135
52.2956	4.94007	A2	136
52.2956	4.73129	A5	137
52.2958	4.73793	A4	138
52.2958	5.05763	N236	139
52.2961	4.73837	A4	140
52.2962	4.88222	A9	141
52.2962	4.79335	N232	142
52.2963	4.88237	A9	143
52.2963	4.79303	N232	144
52.2964	4.88221	A9	145
52.2965	4.93786	A2	146
52.2965	4.73839	A4	147
52.297	4.94163	A2	148
52.2971	4.87495	A9	149
52.2971	4.87494	A9	150
52.2972	4.87467	A9	151
52.2974	4.93587	A9	152
52.2974	4.87478	A9	153
52.2981	4.73108	A5	154
52.2981	4.86995	A9	155
52.2982	4.7411	A4	156
52.2982	4.7313	A5	157
52.2985	4.89119	N522	158
52.2986	4.74153	A4	159
52.2988	4.93672	A2	160
52.2988	4.94374	A9	161
52.2989	4.9452	A9	162
52.2989	4.86682	A9	163
52.299	4.94093	A9	164
52.299	4.86688	A9	165
52.2991	4.93683	A2	166
52.2991	4.74154	A4	167
52.2992	4.93698	A2	168
52.2993	4.93727	A2	169
52.2995	4.86424	A9	170
52.3	4.73125	A5	171
52.3001	4.73147	A5	172
52.3002	4.94823	A9	173
52.3002	4.86127	A9	174
52.3004	4.86127	A9	175
52.301	4.93601	A9	176
52.3011	4.74325	A4	177
52.3013	4.79713	N232	178
52.3014	4.74368	A4	179
52.3017	4.8551	A9	180
52.3018	4.85514	A9	181
52.3019	4.95333	A9	182
52.3023	4.93445	A2	183
52.3023	4.9341	A2	184
52.3025	4.73147	A5	185
52.3025	5.02918	N236	186
52.3026	4.73169	A5	187
52.3026	4.81213	N231	188
52.3027	4.91816	N522	189
52.303	4.9331	A2	190
52.3032	5.01688	N236	191
52.3036	4.74479	A4	192
52.3036	4.8493	A9	193
52.3038	4.95942	A9	194
52.3041	4.7454	A4	195
52.3043	4.84664	A9	196
52.3045	4.73166	A5	197
52.3046	4.73188	A5	198
52.3048	4.84153	A9	199
52.3049	4.84155	A9	200
52.3053	4.93073	A2	201
52.3058	4.9306	A2	202
52.3062	4.74641	A4	203
52.3062	4.83315	A9	204
52.3062	4.83182	A9	205
52.3063	4.83313	A9	206
52.3063	4.83181	A9	207
52.3065	4.96652	A9	208
52.3068	4.73186	A5	209
52.3068	4.73209	A5	210
52.307	4.96941	A9	211
52.3076	4.82705	A9	212
52.3077	4.97081	A9	213
52.3079	4.97089	A9	214
52.3081	4.74783	A4	215
52.3083	4.74806	A4	216
52.3083	4.74781	A4	217
52.3083	4.82517	A9	218
52.3085	4.70949	N201	219
52.3086	4.92716	A2	220
52.3086	4.9273	A2	221
52.3086	4.97439	A9	222
52.3087	4.92756	A2	223
52.3089	4.92728	A2	224
52.3098	4.73214	A5	225
52.31	4.73237	A5	226
52.31	4.97681	A9	227
52.3101	4.97794	A9	228
52.3103	4.97789	A9	229
52.3105	4.8193	A9	230
52.3106	4.81942	A9	231
52.3107	4.92547	A2	232
52.3116	4.74951	A4	233
52.312	4.92352	A2	234
52.312	4.98298	A9	235
52.312	4.99871	N236	236
52.3121	4.92363	A2	237
52.3121	4.75021	A4	238
52.3122	4.92395	A2	239
52.3124	4.98458	A9	240
52.3133	4.73247	A5	241
52.3133	4.98711	A9	242
52.3134	4.73269	A5	243
52.3135	4.75109	A4	244
52.3136	4.92196	A2	245
52.3137	4.81412	A9	246
52.3138	4.81433	A9	247
52.314	4.98925	A9	248
52.314	4.98905	A9	249
52.3141	4.98891	A9	250
52.3143	4.7512	A4	251
52.3144	4.92142	A2	252
52.3148	4.75193	A4	253
52.3155	4.75198	A4	254
52.3158	4.91954	A2	255
52.316	4.75277	A4	256
52.316	4.99387	A9	257
52.3161	4.73272	A5	258
52.3161	4.99376	A9	259
52.3162	4.73293	A5	260
52.3163	4.9194	A2	261
52.3164	4.8109	A9	262
52.3164	4.68152	N201	263
52.3165	4.81107	A9	264
52.3167	4.75293	A4	265
52.3168	4.75342	A4	266
52.3172	4.75379	A4	267
52.3174	4.75352	A4	268
52.3181	4.91717	A2	269
52.3181	4.99759	A9	270
52.3185	4.75519	A4	271
52.3186	4.73295	A5	272
52.3187	4.91699	A2	273
52.3187	4.75495	A4	274
52.3187	4.73317	A5	275
52.319	5.09122	A1	276
52.3191	5.09122	A1	277
52.3192	4.99986	A9	278
52.3197	4.80791	A9	279
52.3198	4.80811	A9	280
52.3199	5.08791	A1	281
52.3199	5.08778	A1	282
52.3201	5.00083	A9	283
52.3202	5.08733	A1	284
52.3206	4.75823	A4	285
52.3207	4.75797	A4	286
52.3208	5.085	A1	287
52.3211	4.80667	A9	288
52.3213	5.08009	A1	289
52.3213	4.80671	A9	290
52.3215	4.91519	A2	291
52.3215	4.91507	A2	292
52.3216	5.08163	A1	293
52.3216	5.0029	A9	294
52.3219	5.08078	A1	295
52.322	4.76066	A4	296
52.3221	5.08093	A1	297
52.3222	4.76165	A4	298
52.3222	4.9143	A2	299
52.3223	4.91443	A2	300
52.3224	4.91495	A2	301
52.3225	5.08147	A1	302
52.3227	4.73332	A5	303
52.3227	4.73355	A5	304
52.3228	4.80473	A9	305
52.3229	5.07707	A1	306
52.323	5.07715	A1	307
52.3231	5.07721	A1	308
52.3231	4.80478	A9	309
52.3235	4.76659	A4	310
52.3236	4.76701	A4	311
52.3238	4.76643	A4	312
52.324	5.07308	A1	313
52.3241	4.91433	A2	314
52.3242	5.07315	A1	315
52.3243	5.07275	A1	316
52.3243	5.07324	A1	317
52.3243	4.77201	A4	318
52.3243	5.00488	A9	319
52.3244	4.77271	A4	320
52.3244	5.0047	A9	321
52.3249	4.7768	A4	322
52.3251	5.06911	A1	323
52.3251	4.73354	A5	324
52.3252	5.06919	A1	325
52.3252	4.77674	A4	326
52.3252	4.73377	A5	327
52.3253	5.06934	A1	328
52.3257	5.06705	A1	329
52.3259	4.91417	A2	330
52.3259	5.06613	A1	331
52.3261	5.06621	A1	332
52.3261	5.06644	A1	333
52.3261	4.91372	A2	334
52.3261	4.78288	A4	335
52.3262	4.80032	A9	336
52.3264	4.78804	A4	337
52.3266	4.91343	A2	338
52.3266	4.79285	A4	339
52.3267	4.91104	A10	340
52.3269	5.06342	A1	341
52.3269	4.78742	A4	342
52.3273	5.06081	A1	343
52.3276	5.0607	A1	344
52.3276	5.06072	A1	345
52.3277	5.06069	A1	346
52.3278	5.06069	A1	347
52.3278	5.06105	A1	348
52.3279	4.79366	A4	349
52.328	4.73381	A5	350
52.328	4.73403	A5	351
52.328	5.06081	A1	352
52.3283	4.90703	A10	353
52.3284	4.79623	A9	354
52.3284	5.00568	A9	355
52.3284	4.79573	A9	356
52.3285	5.00591	A9	357
52.3285	4.91079	A10	358
52.3285	4.91551	A10	359
52.3286	4.9131	A2	360
52.3286	4.79537	A4	361
52.3287	4.79479	A9	362
52.3288	4.91824	A10	363
52.3289	5.05741	A1	364
52.3289	5.05766	A1	365
52.3289	4.91899	A2	366
52.329	4.91768	A10	367
52.3292	4.79406	A9	368
52.3293	5.05577	A1	369
52.3293	4.79916	A9	370
52.3294	4.91341	A10	371
52.3295	5.00511	A1	372
52.3295	5.05572	A1	373
52.3295	4.90731	A10	374
52.3297	5.00532	A1	375
52.3297	4.79826	A4	376
52.3298	4.79805	A4	377
52.3299	4.79712	A4	378
52.3299	4.92138	A10	379
52.33	4.90615	A2	380
52.3302	4.91131	A2	381
52.3302	4.79736	A4	382
52.3303	5.05311	A1	383
52.3303	4.90281	A10	384
52.3303	4.92323	A10	385
52.3303	4.90286	A10	386
52.3307	4.91276	A2	387
52.3308	4.79683	A4	388
52.3309	5.05069	A1	389
52.3309	4.78027	N232	390
52.331	4.79034	A9	391
52.3311	5.05064	A1	392
52.3311	5.0508	A1	393
52.3311	4.79047	A9	394
52.3312	4.79048	A9	395
52.3313	4.79067	A9	396
52.3314	4.92567	A10	397
52.3315	5.00505	A1	398
52.3317	5.04771	A1	399
52.3317	4.8002	A4	400
52.3317	4.80022	A4	401
52.3317	5.00493	A1	402
52.3318	4.92873	A10	403
52.332	5.0349	A1	404
52.332	5.04346	A1	405
52.3321	5.0349	A1	406
52.3321	5.03898	A1	407
52.3321	5.04343	A1	408
52.3322	5.02722	A1	409
52.3322	5.03038	A1	410
52.3322	5.03269	A1	411
52.3322	5.03039	A1	412
52.3322	5.03054	A1	413
52.3322	5.04359	A1	414
52.3322	5.0267	A1	415
52.3322	4.92853	A10	416
52.3322	4.8989	A10	417
52.3322	4.6438	N201	418
52.3323	5.03061	A1	419
52.3323	5.035	A1	420
52.3323	5.01135	A1	421
52.3323	5.00757	A9	422
52.3323	4.92828	A10	423
52.3323	4.90058	A10	424
52.3324	5.01117	A1	425
52.3324	5.0227	A1	426
52.3324	5.01103	A1	427
52.3324	5.02555	A1	428
52.3324	5.00719	A1	429
52.3324	5.01736	A1	430
52.3325	5.00666	A1	431
52.3325	5.01717	A1	432
52.3325	5.00659	A1	433
52.3325	5.01113	A1	434
52.3325	5.00514	A9	435
52.3325	4.78786	A9	436
52.3326	5.00333	A1	437
52.3326	4.92789	A10	438
52.3326	4.64281	N201	439
52.3327	5.00695	A1	440
52.3327	4.93026	A10	441
52.3328	5.0036	A1	442
52.3329	4.92962	A10	443
52.333	5.00282	A1	444
52.333	5.00315	A1	445
52.333	5.00377	A1	446
52.3331	5.00383	A1	447
52.3335	4.99982	A1	448
52.3335	4.80434	A4	449
52.3337	4.9995	A1	450
52.3337	4.99994	A1	451
52.3337	4.9331	A10	452
52.3338	4.89546	A10	453
52.3339	4.73436	A5	454
52.3339	4.99969	A9	455
52.3339	4.93292	A10	456
52.3339	4.8976	A10	457
52.334	4.73458	A5	458
52.3341	4.80429	A4	459
52.3342	4.99887	A9	460
52.3343	5.00444	A1	461
52.3344	4.99724	A1	462
52.3345	4.89644	A10	463
52.3346	4.99734	A1	464
52.3346	4.99584	A1	465
52.3347	4.78358	A9	466
52.3348	4.99577	A1	467
52.3349	4.78361	A9	468
52.3349	4.93579	A10	469
52.3351	4.89446	A10	470
52.3352	4.80713	A4	471
52.3353	4.89247	A10	472
52.3354	4.9382	A10	473
52.3355	4.93812	A10	474
52.3357	4.93789	A10	475
52.3359	4.99184	A1	476
52.3361	4.99245	A1	477
52.3361	4.99199	A1	478
52.3361	4.80752	A4	479
52.3362	4.99217	A1	480
52.3362	4.8075	A4	481
52.3362	4.93976	A10	482
52.3362	4.89329	A10	483
52.3364	4.99242	A1	484
52.3364	4.99206	A1	485
52.3364	4.78044	A9	486
52.3364	4.93974	A10	487
52.3366	4.94118	A10	488
52.3367	4.73462	A5	489
52.3367	4.9403	A10	490
52.3368	4.73482	A5	491
52.3368	4.77985	A9	492
52.337	4.81111	A4	493
52.3372	4.98975	A1	494
52.3372	4.81101	A4	495
52.3372	4.84651	A10	496
52.3373	4.98989	A1	497
52.3374	4.85124	A10	498
52.3376	4.83581	A4	499
52.3376	4.94455	A10	500
52.3376	4.94362	A10	501
52.3377	4.83897	A4	502
52.3377	4.85904	A10	503
52.3378	4.83476	A4	504
52.3378	4.85905	A10	505
52.3379	4.84096	A4	506
52.3379	4.81163	A4	507
52.3381	4.81698	A4	508
52.3381	4.88618	A10	509
52.3381	4.86294	A10	510
52.3381	4.84459	A10	511
52.3382	4.83486	A4	512
52.3382	4.82938	A4	513
52.3382	4.94629	A10	514
52.3383	4.82358	A4	515
52.3383	4.817	A4	516
52.3383	4.85033	A10	517
52.3384	4.77667	A9	518
52.3384	4.87125	A10	519
52.3384	4.94814	A10	520
52.3385	4.84191	A4	521
52.3385	4.77675	A9	522
52.3385	4.85447	A10	523
52.3386	4.86286	A10	524
52.3386	4.87777	A10	525
52.3386	4.84158	A10	526
52.3387	4.81615	A4	527
52.3387	4.88811	A10	528
52.3388	4.82007	A4	529
52.3389	4.81792	A4	530
52.3389	4.8386	A4	531
52.3389	4.8309	A4	532
52.3389	4.82371	A4	533
52.3389	4.8601	A10	534
52.3389	4.94956	A10	535
52.3389	4.8621	A10	536
52.339	4.83084	A10	537
52.339	4.94955	A10	538
52.339	4.82655	A4	539
52.339	4.82659	A10	540
52.3391	4.98616	A1	541
52.3392	4.86728	A10	542
52.3393	4.98649	A1	543
52.3393	4.83906	A10	544
52.3394	4.98661	A1	545
52.3394	4.7348	A5	546
52.3394	4.73504	A5	547
52.3395	4.87426	A10	548
52.3397	4.88084	A10	549
52.3398	4.6358	N201	550
52.3399	4.95146	A10	551
52.34	4.95128	A10	552
52.3402	4.95125	A10	553
52.3406	4.98437	A1	554
52.3413	4.84093	A10	555
52.3413	4.95321	A10	556
52.3414	4.77008	A9	557
52.3414	4.95393	A10	558
52.3415	4.77002	A9	559
52.3417	4.84148	A10	560
52.3421	4.73505	A5	561
52.3421	4.73531	A5	562
52.3431	4.98128	A1	563
52.3432	4.9815	A1	564
52.3435	4.76531	A9	565
52.3437	4.95523	A1	566
52.3437	4.95576	A10	567
52.3441	4.76421	A9	568
52.3443	4.76418	A9	569
52.3444	4.7662	A9	570
52.3444	4.84088	A10	571
52.3449	4.97901	A1	572
52.345	4.95667	A10	573
52.3454	4.97708	A1	574
52.3454	4.76151	A9	575
52.3455	4.73537	A5	576
52.3455	4.73564	A5	577
52.3455	4.84111	A10	578
52.3457	4.97747	A1	579
52.346	4.76039	A9	580
52.3467	4.97452	A1	581
52.3467	4.95865	A10	582
52.3469	4.95834	A1	583
52.3469	4.84088	A10	584
52.3472	4.95946	A1	585
52.3474	4.97359	A1	586
52.3478	4.97186	A1	587
52.3479	4.75694	A9	588
52.3483	4.75576	A9	589
52.3488	4.96995	A1	590
52.349	4.96068	A10	591
52.3493	4.73602	A5	592
52.3494	4.73586	A5	593
52.3494	4.96486	A10	594
52.3495	4.7363	A5	595
52.3501	4.75277	A9	596
52.3502	4.96085	A1	597
52.3502	4.9642	A1	598
52.3506	4.9656	A1	599
52.3508	4.84225	A10	600
52.3508	4.84251	A10	601
52.351	4.96273	A10	602
52.3511	4.75029	A9	603
52.3512	4.75041	A9	604
52.3512	4.96166	A10	605
52.3513	4.69689	N205	606
52.3516	4.96592	A1	607
52.3518	4.73741	A5	608
52.3519	4.73693	A5	609
52.3519	4.73709	A5	610
52.352	4.73673	A5	611
52.3522	4.74063	N232	612
52.3523	4.74868	A9	613
52.3524	4.74878	A9	614
52.3528	4.96288	A10	615
52.3529	4.84231	A10	616
52.3529	4.84236	A10	617
52.353	4.96392	A10	618
52.353	4.96395	A10	619
52.3533	4.96443	A10	620
52.3533	4.73777	A5	621
52.3534	4.84249	A10	622
52.3537	4.74525	A5	623
52.3538	4.74017	A5	624
52.3539	4.74554	A9	625
52.3539	4.74509	A9	626
52.354	4.73811	A5	627
52.354	4.74523	A9	628
52.354	4.84272	A10	629
52.3542	4.74551	A9	630
52.3545	4.74463	A9	631
52.3546	4.73693	A9	632
52.3551	4.96522	A10	633
52.3554	4.74339	A9	634
52.3554	4.74331	A9	635
52.3558	4.74296	A5	636
52.3558	4.73882	A5	637
52.3559	4.73918	A5	638
52.3559	4.73933	A5	639
52.3559	4.73842	A5	640
52.356	4.73981	A9	641
52.3563	4.96592	A10	642
52.3564	4.96622	A10	643
52.3565	4.74094	A9	644
52.3572	4.73881	A5	645
52.3574	4.73848	A9	646
52.3576	4.73862	A9	647
52.3579	4.73516	A9	648
52.358	4.84238	A10	649
52.358	4.8426	A10	650
52.3583	4.74232	A5	651
52.3584	4.7374	A9	652
52.3586	4.73628	A9	653
52.3587	4.73846	A9	654
52.3588	4.73642	A9	655
52.3594	4.73941	A5	656
52.3595	4.96798	A10	657
52.3596	4.74242	A5	658
52.3596	4.74304	A9	659
52.3597	4.74212	A5	660
52.3597	4.74274	A5	661
52.3599	4.7432	A9	662
52.36	4.74189	A5	663
52.36	4.7351	A5	664
52.3601	4.7342	A9	665
52.3603	4.73283	A9	666
52.3604	4.73295	A9	667
52.3605	4.73311	A9	668
52.3611	4.73204	A9	669
52.3613	4.73228	A5	670
52.3614	4.9688	A10	671
52.3615	4.7316	A9	672
52.3623	4.7298	A9	673
52.3625	4.73007	A5	674
52.3629	4.96987	A10	675
52.3629	4.84221	A10	676
52.3629	4.84248	A10	677
52.363	4.7288	A9	678
52.3634	4.73595	N519	679
52.3639	4.74783	A5	680
52.364	4.74844	A5	681
52.3645	4.72598	A9	682
52.3647	4.7254	A9	683
52.3647	4.71708	N232	684
52.3657	4.84213	A10	685
52.3658	4.97142	A10	686
52.3658	4.97122	A10	687
52.3663	4.75247	A5	688
52.3664	4.75255	A5	689
52.3666	4.72183	A9	690
52.3667	4.72193	A9	691
52.3678	4.84232	A10	692
52.368	4.75642	A5	693
52.3681	4.7563	A5	694
52.3689	4.71761	A9	695
52.3689	4.71791	A9	696
52.3691	4.97305	A10	697
52.3693	4.97292	A10	698
52.3699	4.67941	N232	699
52.37	4.71534	A9	700
52.3702	4.67607	N205	701
52.3704	4.71504	A9	702
52.3704	4.84202	A10	703
52.3704	4.67406	N205	704
52.3708	4.97358	A10	705
52.3708	4.97343	A10	706
52.3715	4.76299	A5	707
52.3716	4.76287	A5	708
52.3718	4.71218	A9	709
52.3719	4.71232	A9	710
52.3719	4.84221	A10	711
52.3724	4.97401	A10	712
52.3724	4.97385	A10	713
52.3729	4.71035	A9	714
52.3736	4.97419	A10	715
52.3736	4.97401	A10	716
52.3748	4.97405	A10	717
52.3748	4.97422	A10	718
52.3749	4.70908	A9	719
52.3753	4.97421	A10	720
52.3754	4.76633	A5	721
52.3754	4.76659	A5	722
52.3755	4.70877	A9	723
52.3758	4.84309	A10	724
52.3759	4.84333	A10	725
52.3759	4.84319	A10	726
52.3762	4.974	A10	727
52.3771	4.9741	A10	728
52.3771	4.9739	A10	729
52.3773	4.70844	A9	730
52.3778	4.70863	A9	731
52.3794	4.84447	A10	732
52.3795	4.70834	A9	733
52.3799	4.84484	A10	734
52.3801	4.7677	A5	735
52.3802	4.76789	A5	736
52.3811	4.70829	A9	737
52.3811	4.70788	A9	738
52.3813	4.97305	A10	739
52.3813	4.97276	A10	740
52.3832	4.84455	A10	741
52.3832	4.84478	A10	742
52.3833	4.97188	A10	743
52.3835	4.70771	A9	744
52.3836	4.97188	A10	745
52.385	4.76773	A5	746
52.385	4.76795	A5	747
52.3852	4.71479	A200	748
52.3852	4.7148	A200	749
52.3854	4.70716	A9	750
52.3857	4.84465	A10	751
52.3861	4.97019	A10	752
52.3861	4.96999	A10	753
52.3881	4.84429	A10	754
52.3881	4.96835	A10	755
52.3881	4.84451	A10	756
52.3883	4.70714	A9	757
52.3883	4.70654	A9	758
52.3883	4.70671	A9	759
52.3883	4.70693	A9	760
52.389	4.9678	A10	761
52.3895	4.7703	A5	762
52.3895	4.77055	A5	763
52.3901	4.96667	A10	764
52.3913	4.77319	A5	765
52.3914	4.7731	A5	766
52.3914	4.96546	A10	767
52.3918	4.82017	A5	768
52.3918	4.82785	A5	769
52.3919	4.82006	A5	770
52.3919	4.82785	A5	771
52.392	4.70614	A9	772
52.3921	4.81263	A5	773
52.3921	4.70636	A9	774
52.3922	4.81235	A5	775
52.3922	4.83595	A5	776
52.3922	4.9651	A10	777
52.3922	4.84399	A10	778
52.3923	4.83604	A5	779
52.3923	4.84431	A10	780
52.393	4.77836	A5	781
52.393	4.80604	A5	782
52.3931	4.80575	A5	783
52.3932	4.77973	A5	784
52.3933	4.77967	A5	785
52.3933	4.78376	A5	786
52.3933	4.7886	A5	787
52.3933	4.79333	A5	788
52.3934	4.7988	A5	789
52.3935	4.78342	A5	790
52.3935	4.78829	A5	791
52.3935	4.79304	A5	792
52.3935	4.79851	A5	793
52.3936	4.70608	A9	794
52.3948	4.96259	A10	795
52.395	4.84208	A5	796
52.3952	4.84229	A5	797
52.3959	4.9619	A10	798
52.3959	4.84504	A10	799
52.3965	4.84484	A10	800
52.3966	4.8449	A10	801
52.3971	4.84467	A10	802
52.3974	4.70526	A9	803
52.3975	4.70543	A9	804
52.3983	4.84685	A10	805
52.3993	4.9576	A10	806
52.3997	4.84813	A5	807
52.3998	4.84764	A5	808
52.3998	4.84869	A10	809
52.4	4.84816	A10	810
52.4001	4.84764	A10	811
52.4002	4.95657	A10	812
52.4013	4.85004	A5	813
52.4016	4.84988	A5	814
52.402	4.70449	A9	815
52.4021	4.70468	A9	816
52.4025	4.85188	A10	817
52.4029	4.85225	A10	818
52.4029	4.85213	A10	819
52.4029	4.85128	A10	820
52.403	4.95113	A10	821
52.4031	4.85189	A10	822
52.4031	4.85131	A10	823
52.4032	4.85171	A5	824
52.4032	4.85107	A10	825
52.4036	4.85335	A10	826
52.4038	4.94981	A10	827
52.4044	4.8539	A10	828
52.4047	4.85376	A10	829
52.4047	4.85321	A10	830
52.4051	4.94689	A10	831
52.4059	4.70303	A9	832
52.4059	4.85458	A10	833
52.406	4.7032	A9	834
52.4061	4.94349	A10	835
52.4066	4.8556	A10	836
52.4066	4.85584	A10	837
52.4069	4.85694	A10	838
52.407	4.8567	A10	839
52.4073	4.93909	A10	840
52.4074	4.93925	A10	841
52.4085	4.70167	A9	842
52.4086	4.70184	A9	843
52.4089	4.85878	A10	844
52.409	4.85872	A10	845
52.4094	4.93263	A10	846
52.4097	4.86008	A10	847
52.4097	4.86032	A10	848
52.4111	4.70032	A9	849
52.4111	4.70049	A9	850
52.4111	4.86105	A10	851
52.4112	4.86094	A10	852
52.4113	4.86165	A10	853
52.4114	4.86205	A10	854
52.4115	4.92882	A10	855
52.4122	4.92699	A10	856
52.4123	4.86224	A10	857
52.4124	4.86212	A10	858
52.4124	4.86277	A10	859
52.4126	4.86321	A10	860
52.4132	4.86349	A10	861
52.4133	4.86317	A10	862
52.4134	4.86304	A10	863
52.4134	4.86393	A10	864
52.4136	4.69895	A9	865
52.4137	4.69911	A9	866
52.4139	4.86374	A10	867
52.414	4.86362	A10	868
52.414	4.86426	A10	869
52.414	4.86452	A10	870
52.4146	4.86481	A10	871
52.4146	4.86437	A10	872
52.4146	4.86508	A10	873
52.4147	4.86425	A10	874
52.4149	4.92197	A10	875
52.4154	4.86558	A10	876
52.4154	4.86587	A10	877
52.4158	4.86553	A10	878
52.4159	4.86541	A10	879
52.4159	4.91924	A10	880
52.4161	4.86631	A10	881
52.4162	4.86661	A10	882
52.4165	4.91749	A10	883
52.4168	4.91778	A10	884
52.4171	4.86678	A10	885
52.4172	4.86663	A10	886
52.4176	4.91538	A10	887
52.4177	4.69604	A9	888
52.4178	4.69617	A9	889
52.4179	4.86826	A10	890
52.4187	4.91172	A10	891
52.4187	4.64372	A208	892
52.4188	4.64372	N208	893
52.4191	4.86923	A10	894
52.4193	4.69454	A9	895
52.4194	4.86902	A10	896
52.4195	4.86881	A10	897
52.4197	4.90999	A10	898
52.4201	4.87079	A10	899
52.4202	4.87045	A10	900
52.4202	4.87039	A10	901
52.4206	4.69257	A9	902
52.4206	4.87041	A10	903
52.4207	4.87015	A10	904
52.4217	4.87482	A10	905
52.422	4.69025	A9	906
52.422	4.87427	A10	907
52.4221	4.87501	A8	908
52.4221	4.69039	A9	909
52.4221	4.90477	A10	910
52.4225	4.96168	N247	911
52.4228	4.87494	A10	912
52.4229	4.87445	A8	913
52.4234	4.87434	A8	914
52.4234	4.87731	A10	915
52.4237	4.89955	A10	916
52.4238	4.68702	A9	917
52.4239	4.68716	A9	918
52.424	4.96383	N247	919
52.4242	4.88239	A8	920
52.4243	4.88199	A10	921
52.4245	4.95108	N235	922
52.4249	4.88505	A10	923
52.425	4.88508	A10	924
52.425	4.89042	A10	925
52.4253	4.88955	A10	926
52.4256	4.68405	A9	927
52.4256	4.68419	A9	928
52.426	4.87429	A8	929
52.426	4.87581	A8	930
52.426	4.87504	A10	931
52.4265	4.87457	A10	932
52.4275	4.87201	A8	933
52.4276	4.87219	A8	934
52.4277	4.68124	A9	935
52.4278	4.6814	A9	936
52.4295	4.87075	A10	937
52.4299	4.67881	A9	938
52.43	4.87043	A8	939
52.43	4.67896	A9	940
52.4301	4.73391	N202	941
52.431	4.85558	N516	942
52.4311	4.86889	A10	943
52.4316	4.86802	A8	944
52.4317	4.86852	A8	945
52.4319	4.64746	A208	946
52.432	4.64708	A208	947
52.4325	4.87414	N516	948
52.4328	4.67581	A9	949
52.4329	4.67596	A9	950
52.4341	4.67445	A9	951
52.4345	4.86481	A8	952
52.4352	4.86453	A8	953
52.436	4.67248	A9	954
52.436	4.67263	A9	955
52.4372	4.86183	A8	956
52.4376	4.8618	A8	957
52.4388	4.6698	A9	958
52.4388	4.67001	A9	959
52.4388	5.05085	N518	960
52.4389	4.66951	A22	961
52.4399	4.85888	A8	962
52.4399	4.85921	A8	963
52.4404	4.66793	A22	964
52.4404	4.73456	N246	965
52.4421	4.66773	A9	966
52.4422	4.66797	A9	967
52.4428	4.85561	A8	968
52.443	4.85571	A8	969
52.4438	5.01806	N247	970
52.4442	4.666	A9	971
52.4442	4.66394	A22	972
52.4453	4.6669	A9	973
52.4453	4.66709	A9	974
52.4457	4.65433	A208	975
52.4473	4.85054	A8	976
52.4475	4.85064	A8	977
52.4483	4.65491	A208	978
52.4484	4.66718	A9	979
52.4498	4.66725	A9	980
52.4498	4.66746	A9	981
52.4505	4.84706	A8	982
52.4507	4.84716	A8	983
52.4521	4.84551	A8	984
52.4522	4.84558	A8	985
52.4522	4.67637	N202	986
52.4524	4.66824	A9	987
52.4524	4.66845	A9	988
52.4527	4.84426	A7	989
