trafficID,avg_flow
1,2460
2,323640
3,11160
4,60
5,420
6,351720
7,4320
8,547320
9,29400
10,840
11,5760
12,603960
13,2700
14,406020
15,9540
16,60
17,420
18,435120
19,4620
20,424380
21,28500
22,960
23,4740
24,478560
25,1440
26,297000
27,8640
28,0
29,540
30,317160
31,2520
32,460020
33,22080
34,1620
35,10020
36,504480
37,3180
38,343500
39,8220
40,120
41,660
42,368340
43,4800
44,531180
45,33720
46,2160
47,12420
48,594540
49,3420
50,259980
51,4320
52,60
53,120
54,278220
55,3900
56,584160
57,33900
58,600
59,7860
60,644700
61,3480
62,301680
63,8760
64,60
65,420
66,332760
67,4380
68,527580
69,32880
70,660
71,6840
72,588000
73,1920
74,169800
75,7800
76,0
77,360
78,189120
79,2580
80,610980
81,50220
82,1260
83,12540
84,690120
85,1920
86,168180
87,6120
88,0
89,360
90,185760
91,2400
92,618300
93,48060
94,1080
95,12720
96,695700
97,660
98,50760
99,1620
100,0
101,300
102,55920
103,840
104,135300
105,19740
106,0
107,480
108,162480
109,1080
110,270900
111,25140
112,420
113,6420
114,313440
115,3720
116,33840
117,720
118,0
119,480
120,40320
121,4320
122,170100
123,4860
124,60
125,2640
126,184860
127,1260
128,286320
129,28680
130,420
131,8700
132,332760
133,4500
134,211740
135,13140
136,900
137,4980
138,250800
139,4740
140,209940
141,21420
142,1440
143,13260
144,266520
145,1500
146,116040
147,4560
148,4080
149,2520
150,135900
151,2340
152,273420
153,23580
154,1080
155,10140
156,318780
157,360
158,290340
159,21120
160,780
161,11280
162,334080
163,420
164,305940
165,21540
166,660
167,10020
168,348600
169,180
170,238860
171,27480
172,240
173,11700
174,287940
175,60
176,268080
177,27480
178,540
179,10560
180,316560
181,4020
182,477420
183,18360
184,0
185,300
186,524520
187,4020
188,774960
189,58680
190,2100
191,26160
192,888240
193,4980
194,598260
195,20040
196,360
197,1620
198,646500
199,6780
200,691920
201,49020
202,1740
203,23160
204,797820
205,4440
206,647700
207,45780
208,780
209,12300
210,727800
211,3180
212,280740
213,6960
214,0
215,360
216,304560
217,4740
218,701160
219,50640
220,1140
221,14340
222,786720
223,3960
224,300840
225,7800
226,60
227,240
228,328500
229,3720
230,210780
231,7860
232,180
233,1140
234,249120
235,3540
236,684420
237,39540
238,720
239,6780
240,748920
241,4800
242,248040
243,7440
244,0
245,480
246,278640
247,4980
248,596580
249,29520
250,780
251,5040
252,652620
253,2940
254,144240
255,8220
256,120
257,600
258,170700
259,1980
260,657120
261,60420
262,780
263,12960
264,749640
265,2640
266,134820
267,6120
268,0
269,120
270,165300
271,2640
272,619860
273,49680
274,600
275,9000
276,694440
277,1620
278,251940
279,27600
280,2040
281,15360
282,308340
283,2220
284,268800
285,30480
286,720
287,27360
288,339720
289,2160
290,290040
291,31980
292,3480
293,28320
294,370020
295,2760
296,211320
297,27420
298,900
299,19500
300,274200
301,240
302,316740
303,25500
304,1260
305,17880
306,365220
307,360
308,299820
309,23220
310,1500
311,15720
312,343920
313,900
314,454800
315,34980
316,1080
317,16140
318,520920
319,120
320,448800
321,39660
322,1140
323,16440
324,515280
325,720
326,267420
327,13020
328,120
329,2040
330,288300
331,180
332,216540
333,10440
334,60
335,2040
336,233040
337,300
338,179280
339,16500
340,120
341,2520
342,204840
343,300
344,175200
345,16440
346,120
347,3840
348,202560
349,360
350,193860
351,20160
352,360
353,3780
354,223080
355,300
356,181020
357,18300
358,180
359,2880
360,208860
361,600
362,360960
363,21300
364,1020
365,14100
366,406620
367,420
368,397920
369,25020
370,2220
371,13500
372,449160
373,120
374,90300
375,1920
376,360
377,3060
378,98700
379,120
380,94920
381,3240
382,180
383,3480
384,104460
385,720
386,522420
387,21420
388,360
389,6420
390,568260
391,1260
392,4380
393,840
394,300
395,8880
396,25860
397,2820
398,482400
399,23400
400,2100
401,24960
402,570240
403,120
404,517740
405,55320
406,900
407,12720
408,598320
409,360
410,499320
411,54360
412,900
413,12660
414,582120
415,1680
416,487440
417,45420
418,780
419,10860
420,568140
421,540
422,483720
423,42120
424,480
425,10680
426,551340
427,660
428,408720
429,28740
430,480
431,6060
432,453540
433,900
434,410520
435,30780
436,540
437,6840
438,463140
439,180
440,341520
441,25620
442,240
443,4860
444,380040
445,120
446,292020
447,26160
448,180
449,4920
450,331800
451,16740
452,277140
453,21360
454,780
455,4140
456,346980
457,420
458,346980
459,23640
460,1080
461,4380
462,396780
463,120
464,164100
465,29760
466,600
467,8580
468,211860
469,120
470,168420
471,28560
472,360
473,8580
474,214560
475,120
476,548040
477,68400
478,840
479,20520
480,655200
481,300
482,533940
483,67200
484,1680
485,43860
486,664500
487,1080
488,560820
489,30780
490,1560
491,44580
492,651060
493,2460
494,550380
495,29820
496,1200
497,20100
498,622320
499,21300
500,385980
501,31380
502,240
503,5100
504,456420
505,25080
506,617340
507,85620
508,1800
509,58740
510,808200
511,25500
512,464820
513,28800
514,120
515,2460
516,527400
517,51300
518,703380
519,72240
520,1620
521,64620
522,902340
523,900
524,450840
525,24600
526,0
527,3600
528,488940
529,2580
530,473580
531,13200
532,480
533,2340
534,501480
535,0
536,84180
537,7080
538,180
539,4260
540,108420
541,0
542,70080
543,7140
544,120
545,4200
546,95520
547,3360
548,146940
549,15960
550,240
551,2640
552,173040
553,0
554,0
555,0
556,0
557,0
558,188400
559,840
560,460200
561,18780
562,2760
563,10380
564,498600
565,360
566,508620
567,23400
568,660
569,14940
570,554700
571,420
572,366660
573,18600
574,360
575,2220
576,399120
577,120
578,373200
579,17880
580,2220
581,19260
582,417840
583,420
584,407220
585,17580
586,120
587,1980
588,436560
589,900
590,416040
591,15960
592,4740
593,15360
594,462000
595,240
596,98700
597,7440
598,420
599,1740
600,126180
601,240
602,95700
603,7440
604,240
605,2280
606,124500
607,16440
608,195240
609,6900
610,60
611,1560
612,223920
613,22140
614,571740
615,63540
616,4800
617,96420
618,763860
619,3060
620,236880
621,6960
622,60
623,1380
624,262440
625,3480
626,560880
627,62760
628,3420
629,96840
630,745560
631,5580
632,299520
633,9120
634,60
635,2520
636,345540
637,5280
638,858420
639,82740
640,4200
641,103920
642,1073700
643,5880
644,436140
645,15000
646,0
647,2400
648,481680
649,5340
650,768900
651,80700
652,4440
653,108900
654,990780
655,1680
656,156840
657,5940
658,0
659,840
660,175920
661,2220
662,443880
663,47280
664,780
665,47700
666,553920
667,2280
668,172380
669,6060
670,240
671,2160
672,197760
673,2580
674,439140
675,46680
676,900
677,49200
678,553800
679,1860
680,153900
681,6360
682,180
683,2880
684,176640
685,2520
686,456180
687,47340
688,780
689,48240
690,571740
691,4740
692,341100
693,12720
694,720
695,8700
696,393720
697,5340
698,508740
699,60960
700,3300
701,102960
702,695760
703,6780
704,448620
705,19920
706,480
707,13200
708,515220
709,5400
710,434640
711,57060
712,3660
713,94920
714,615480
715,2220
716,92160
717,3420
718,60
719,720
720,107760
721,2100
722,447540
723,42720
724,900
725,41280
726,544980
727,2700
728,115680
729,4440
730,0
731,1860
732,134040
733,2700
734,445560
735,41700
736,780
737,41100
738,542760
739,2580
740,940680
741,51360
742,1980
743,8040
744,1017540
745,7620
746,522360
747,7620
748,180
749,120
750,564180
751,7920
752,948600
753,54600
754,3900
755,43560
756,1080900
757,4320
758,1465200
759,35100
760,180
761,480
762,1566960
763,18840
764,1975500
765,72960
766,1200
767,15900
768,2140620
769,9480
770,1144620
771,143400
772,9240
773,192960
774,1526700
775,4080
776,414180
777,2820
778,0
779,0
780,1187460
781,3420
782,557640
783,5700
784,0
785,60
786,1178340
787,1140
788,224760
789,10920
790,1980
791,19080
792,261000
793,75420
794,1387140
795,28680
796,120
797,300
798,1500660
799,79020
800,1100040
801,146640
802,13020
803,196920
804,1547040
805,109980
806,1840260
807,75960
808,3060
809,13680
810,2060580
811,4620
812,336240
813,22620
814,2640
815,6480
816,387540
817,1500
818,426180
819,28740
820,300
821,13020
822,481320
823,3120
824,114480
825,2160
826,60
827,60
828,131880
829,2520
830,67800
831,1020
832,0
833,60
834,75900
835,3000
836,385980
837,22380
838,2760
839,6900
840,436560
841,1020
842,509100
843,42420
844,720
845,16620
846,584040
847,7680
848,610980
849,17640
850,60
851,240
852,676620
853,16560
854,1391160
855,63900
856,660
857,9660
858,1543260
859,12360
860,1227540
861,156360
862,6840
863,152100
864,1593060
865,6300
866,643980
867,23760
868,300
869,960
870,717660
871,12420
872,1298520
873,65580
874,1200
875,11340
876,1450380
877,8400
878,1014960
879,138360
880,6360
881,162120
882,1377360
883,0
884,0
885,0
886,0
887,0
888,311880
889,0
890,0
891,0
892,0
893,0
894,0
895,0
896,0
897,0
898,0
899,0
900,0
901,0
902,0
903,0
904,0
905,0
906,0
907,0
908,0
909,0
910,0
911,0
912,501360
913,0
914,0
915,0
916,0
917,0
918,487260
919,0
920,0
921,0
922,0
923,0
924,1184040
925,0
926,0
927,0
928,0
929,0
930,665040
931,8040
932,1001100
933,17100
934,120
935,120
936,1063980
937,16500
938,1583220
939,54780
940,420
941,10740
942,1714260
943,12000
944,1225200
945,113340
946,4440
947,150540
948,1535580
949,6360
950,945600
951,15720
952,60
953,180
954,1000560
955,15480
956,1674840
957,48780
958,1200
959,9000
960,1789140
961,8760
962,1137660
963,121860
964,4800
965,155160
966,1456260
967,6240
968,638820
969,14760
970,0
971,120
972,685980
973,12720
974,1430100
975,51960
976,600
977,7140
978,1546860
979,9000
980,1141080
981,116340
982,3540
983,151260
984,1447200
985,3780
986,330240
987,18120
988,240
989,1980
990,364740
991,6060
992,656820
993,9480
994,60
995,120
996,699060
997,17220
998,1426140
999,31740
1000,780
1001,6600
1002,1530060
1003,9900
1004,1024560
1005,104760
1006,5340
1007,150000
1008,1435620
1009,420
1010,183960
1011,6780
1012,300
1013,2160
1014,197880
1015,1680
1016,183240
1017,5580
1018,300
1019,540
1020,194340
1021,0
1022,0
1023,0
1024,0
1025,0
1026,1558800
1027,0
1028,0
1029,0
1030,0
1031,0
1032,601800
1033,0
1034,0
1035,0
1036,0
1037,0
1038,1136580
1039,6960
1040,503760
1041,11100
1042,180
1043,2520
1044,549180
1045,50160
1046,1289100
1047,40980
1048,2220
1049,22200
1050,1688400
1051,52860
1052,1320060
1053,76980
1054,2700
1055,44880
1056,1676460
1057,39780
1058,1351860
1059,78960
1060,2820
1061,46140
1062,1624080
1063,5220
1064,525420
1065,6240
1066,120
1067,1440
1068,566700
1069,15300
1070,1378260
1071,46020
1072,2940
1073,22140
1074,1507920
1075,14700
1076,1417980
1077,114120
1078,5280
1079,77760
1080,1667880
1081,9960
1082,1249320
1083,32520
1084,720
1085,7980
1086,1325040
1087,4080
1088,342240
1089,7500
1090,120
1091,1320
1092,372060
1093,14160
1094,1130340
1095,54960
1096,1680
1097,21720
1098,1272300
1099,36300
1100,1719900
1101,132720
1102,6000
1103,77880
1104,2066280
1105,18120
1106,88440
1107,6720
1108,720
1109,4380
1110,191460
1111,0
1112,0
1113,0
1114,0
1115,0
1116,0
1117,0
1118,0
1119,0
1120,0
1121,0
1122,1257480
1123,0
1124,0
1125,0
1126,0
1127,0
1128,0
1129,0
1130,0
1131,0
1132,0
1133,0
1134,1362180
1135,7500
1136,1045440
1137,10800
1138,180
1139,420
1140,1108980
1141,16440
1142,1627980
1143,44820
1144,840
1145,7260
1146,1747260
1147,11040
1148,1193940
1149,105180
1150,4320
1151,87180
1152,1431600
1153,100380
1154,1422660
1155,33060
1156,1380
1157,17340
1158,1612440
1159,211320
1160,142020
1161,21960
1162,360
1163,480
1164,618780
1165,8220
1166,1152660
1167,32820
1168,60
1169,5220
1170,1229340
1171,8580
1172,1003020
1173,92040
1174,4500
1175,120720
1176,1258620
1177,28800
1178,1003500
1179,53580
1180,2280
1181,33180
1182,1202940
1183,12300
1184,574440
1185,78420
1186,4560
1187,97920
1188,805260
1189,15240
1190,885120
1191,6720
1192,60
1193,120
1194,949140
1195,25980
1196,1172220
1197,36900
1198,960
1199,6180
1200,1303980
1201,2400
1202,331140
1203,10380
1204,0
1205,0
1206,357000
1207,20340
1208,1040760
1209,11100
1210,480
1211,1260
1212,1120860
1213,23880
1214,1528980
1215,85320
1216,2940
1217,60780
1218,1767720
1219,12660
1220,546840
1221,64680
1222,4320
1223,79980
1224,749100
1225,13380
1226,1132140
1227,16680
1228,240
1229,1800
1230,1191000
1231,27900
1232,961440
1233,74220
1234,2940
1235,119040
1236,1285440
1237,87600
1238,1168140
1239,75780
1240,4080
1241,69780
1242,1522320
1243,10140
1244,975240
1245,19920
1246,180
1247,1200
1248,1046220
1249,23760
1250,1272180
1251,58860
1252,1860
1253,36120
1254,1461540
1255,13260
1256,1089240
1257,87660
1258,3360
1259,86760
1260,1321380
1261,1860
1262,680520
1263,26100
1264,120
1265,4920
1266,724200
1267,10320
1268,436380
1269,75480
1270,4620
1271,34080
1272,582780
1273,2340
1274,148800
1275,33420
1276,2880
1277,22680
1278,214140
1279,10260
1280,872220
1281,58020
1282,6780
1283,38580
1284,1005780
1285,12420
1286,893400
1287,20340
1288,720
1289,5040
1290,963540
1291,10200
1292,255000
1293,7380
1294,120
1295,1440
1296,300840
1297,13980
1298,858540
1299,102840
1300,4980
1301,92760
1302,1101120
1303,9000
1304,313920
1305,15120
1306,360
1307,2460
1308,368040
1309,60
1310,1380
1311,120
1312,0
1313,0
1314,1980
1315,480
1316,172860
1317,7560
1318,360
1319,5280
1320,190980
1321,0
1322,0
1323,0
1324,0
1325,0
1326,0
1327,0
1328,0
1329,0
1330,0
1331,0
1332,0
1333,16140
1334,315660
1335,14460
1336,960
1337,9900
1338,390840
1339,16560
1340,444540
1341,49800
1342,3060
1343,33720
1344,596640
1345,1380
1346,583380
1347,52920
1348,2340
1349,61320
1350,711000
1351,16500
1352,615900
1353,10620
1354,480
1355,1500
1356,691140
1357,30900
1358,1076580
1359,43200
1360,2280
1361,31320
1362,1255860
1363,15660
1364,452580
1365,32160
1366,6540
1367,29760
1368,569700
1369,360
1370,110940
1371,28560
1372,2040
1373,16620
1374,160140
1375,27960
1376,318600
1377,48780
1378,3900
1379,20760
1380,446580
1381,2400
1382,776160
1383,33000
1384,600
1385,6720
1386,831240
1387,0
1388,0
1389,0
1390,0
1391,0
1392,0
1393,1020
1394,958260
1395,56160
1396,900
1397,18780
1398,1052220
1399,4920
1400,101520
1401,2340
1402,0
1403,0
1404,157440
1405,4320
1406,481320
1407,28320
1408,540
1409,9180
1410,536100
1411,535800
1412,12900
1413,780
1414,559980
1415,520200
1416,12960
1417,600
1418,572160
1419,7500
1420,338640
1421,22320
1422,300
1423,2400
1424,408960
1425,9840
1426,468900
1427,51000
1428,540
1429,24900
1430,586680
1431,4740
1432,320880
1433,17160
1434,60
1435,540
1436,368460
1437,4980
1438,414420
1439,47100
1440,840
1441,15540
1442,504180
1443,5340
1444,327540
1445,32040
1446,900
1447,4440
1448,430080
1449,4380
1450,528660
1451,45600
1452,1680
1453,20820
1454,631500
1455,3180
1456,324180
1457,19500
1458,0
1459,480
1460,370680
1461,4320
1462,384660
1463,48900
1464,780
1465,13920
1466,473040
1467,5700
1468,341340
1469,22260
1470,240
1471,1260
1472,396660
1473,4200
1474,462360
1475,49800
1476,1200
1477,14820
1478,554640
1479,4680
1480,328980
1481,14880
1482,120
1483,720
1484,390300
1485,4440
1486,447720
1487,48240
1488,3000
1489,14700
1490,539220
1491,3000
1492,328860
1493,21540
1494,0
1495,360
1496,385620
1497,2640
1498,449040
1499,74220
1500,1200
1501,16560
1502,559800
1503,5700
1504,254160
1505,16860
1506,60
1507,900
1508,344580
1509,4560
1510,479580
1511,40320
1512,1200
1513,15600
1514,562680
1515,5520
1516,522600
1517,54780
1518,1320
1519,18480
1520,629940
1521,4920
1522,369300
1523,19800
1524,60
1525,120
1526,463020
1527,2760
1528,197280
1529,9480
1530,60
1531,1680
1532,249960
1533,10200
1534,488040
1535,50400
1536,1080
1537,15360
1538,622620
1539,174000
1540,166440
1541,219660
1542,260220
1543,243180
1544,389100
1545,167460
1546,193380
1547,22380
1548,315600
1549,334800
1550,291660
1551,1626900
1552,485100
1553,1114260
1554,519780
1555,1061700
1556,511800
1557,1051920
1558,471000
1559,1112040
1560,213120
1561,144840
1562,308520
1563,449160
1564,454440
1565,0
1566,454800
1567,432120
1568,454740
1569,459180
1570,454800
1571,453720
1572,0
1573,451560
1574,0
1575,351120
1576,406320
1577,402540
1578,369720
1579,438840
1580,346620
1581,451620
1582,345000
1583,460200
1584,355680
1585,477600
1586,342660
1587,461940
1588,460080
1589,329520
1590,353400
1591,450720
1592,344520
1593,484440
1594,280620
1595,349140
1596,316740
1597,408120
1598,316920
1599,444360
1600,353160
1601,470820
1602,343260
1603,463440
1604,347400
1605,458520
1606,456720
1607,349140
1608,464040
1609,338340
1610,419700
1611,420180
1612,419820
1613,382080
1614,421020
1615,407280
1616,421260
1617,424620
1618,420660
1619,404760
1620,15600
1621,0
1622,407640
1623,561120
1624,376260
1625,600600
1626,396000
1627,561660
1628,413940
1629,560460
1630,429660
1631,576480
1632,413160
1633,559560
1634,418200
1635,557940
1636,409980
1637,550380
1638,571800
1639,536880
1640,406260
1641,534600
1642,412620
1643,529560
1644,428220
1645,518760
1646,459960
1647,544080
1648,448020
1649,526740
1650,457680
1651,516660
1652,514440
1653,459000
1654,495900
1655,474360
1656,1372680
1657,1243020
1658,1322340
1659,1303800
1660,272700
1661,1372260
1662,1345800
1663,191100
1664,1372500
1665,1264260
1666,564000
1667,1359540
1668,451380
1669,1065780
1670,0
1671,677100
1672,1242840
1673,603900
1674,1017540
1675,1020360
1676,667380
1677,1253220
1678,989460
1679,908760
1680,556560
1681,642120
1682,1307940
1683,1204860
1684,1247520
1685,740940
1686,1411500
1687,1261740
1688,815640
1689,954240
1690,1594260
1691,1334460
1692,296100
1693,637500
1694,1548660
1695,1419120
1696,672120
1697,1561500
1698,1392240
1699,325380
1700,711360
1701,1602060
1702,1596480
1703,728940
1704,1620660
1705,1590360
1706,451260
1707,1106640
1708,714420
1709,1655160
1710,1892820
1711,1182240
1712,0
1713,0
1714,1960560
1715,1196280
1716,395100
1717,1024860
1718,813900
1719,1295880
1720,1540200
1721,2041980
1722,1393500
1723,1507140
1724,2064420
1725,1430640
1726,1469940
1727,2036580
1728,1483860
1729,1491360
1730,2004240
1731,1358700
1732,1475160
1733,1985520
1734,1507500
1735,1451760
1736,1994640
1737,1506720
1738,1218120
1739,1878780
1740,1433760
1741,1250640
1742,1908000
1743,1594260
1744,1300860
1745,1899480
1746,1373160
1747,1370640
1748,1945080
1749,1439580
1750,1333320
1751,1903860
1752,1447500
1753,1325340
1754,1878540
1755,1439100
1756,1287000
1757,1845480
1758,1559640
1759,363720
1760,259440
1761,1084320
1762,1409700
1763,249060
1764,1117860
1765,1374180
1766,216480
1767,962100
1768,1074360
1769,1114500
1770,1154340
1771,817440
1772,1128780
1773,1220220
1774,1066740
1775,174300
1776,663060
1777,1173240
1778,1364460
1779,1231320
1780,602700
1781,1170960
1782,1424640
1783,1097880
1784,640320
1785,1125660
1786,1377540
1787,1087140
1788,440940
1789,377580
1790,1136460
1791,1396260
1792,1064220
1793,416400
1794,1149720
1795,1421400
1796,1049520
1797,112020
1798,288840
1799,278220
1800,1167300
1801,1461540
1802,1041360
1803,43320
1804,295860
1805,114840
1806,1315860
1807,1561560
1808,1080120
1809,1276500
1810,1602300
1811,1105620
1812,1255980
1813,1772100
1814,1502160
1815,1068000
1816,1189140
1817,1675080
1818,1582500
1819,1170060
1820,1261080
1821,1606860
1822,1624920
1823,1248720
1824,427680
1825,1654800
1826,1726920
1827,1425600
1828,1663440
1829,1976580
1830,1596300
1831,1600320
1832,2112480
1833,1684620
1834,1435200
1835,2031720
1836,1512600
1837,1509240
1838,2053680
1839,1490580
1840,1441620
1841,2119980
1842,1683300
1843,71940
1844,1341780
1845,2056320
1846,1677600
1847,1248600
1848,2017080
1849,1482960
1850,599880
1851,1137300
1852,1891260
1853,1540200
1854,883440
1855,966960
1856,1683120
1857,1444740
1858,1092960
1859,906120
1860,1579560
1861,953880
1862,1002420
1863,938280
1864,278220
1865,627600
1866,320640
1867,565500
1868,899400
1869,235440
1870,384540
1871,1061040
1872,0
1873,0
1874,695520
1875,840600
1876,459060
1877,1146660
1878,671460
1879,675060
1880,950040
1881,1298160
1882,0
1883,0
1884,919800
1885,1373880
1886,450000
1887,1017660
1888,0
1889,0
1890,0
1891,0
1892,821100
1893,0
1894,0
1895,1129260
1896,1163820
1897,106740
1898,359040
1899,681000
1900,82800
1901,724860
1902,423960
1903,1044600
1904,797580
1905,263940
1906,266340
1907,561660
1908,935880
1909,511260
1910,79380
1911,504660
1912,541020
1913,1066860
1914,0
1915,0
1916,0
1917,0
1918,0
1919,0
1920,821100
1921,790500
1922,907020
1923,1494780
1924,1474080
1925,724500
1926,993960
1927,1486320
1928,1378020
1929,608700
1930,1121400
1931,1527000
1932,1417260
1933,0
1934,0
1935,0
1936,0
1937,662760
1938,1142160
1939,1261920
1940,726060
1941,788940
1942,386520
1943,537780
1944,532380
1945,490560
1946,1288080
1947,1623000
1948,1278120
1949,1536420
1950,1359300
1951,1545540
1952,211920
1953,1230600
1954,1406460
1955,352320
1956,1177620
1957,1404960
1958,163980
1959,712200
1960,362940
1961,1152480
1962,1508940
1963,747360
1964,332460
1965,1054500
1966,1633620
1967,667080
1968,339540
1969,1077480
1970,1665420
1971,681540
1972,323820
1973,933720
1974,1385820
1975,1162920
1976,1247640
1977,1377660
1978,337920
1979,888180
1980,1330980
1981,1239600
1982,1192980
1983,1239120
1984,377820
1985,944940
1986,1360620
1987,1488120
1988,1078680
1989,974340
1990,444180
1991,1080060
1992,1526940
1993,1710300
1994,1238520
1995,380880
1996,1103520
1997,1582680
1998,1821360
1999,1266720
2000,0
2001,0
2002,0
2003,0
2004,0
2005,206280
2006,19800
2007,686700
2008,0
2009,550020
2010,1151340
2011,1314780
2012,1292340
2013,0
2014,0
2015,0
2016,0
2017,598020
2018,1175760
2019,1077420
2020,1128840
2021,628980
2022,1194120
2023,992040
2024,699960
2025,690240
2026,1307940
2027,774420
2028,759120
2029,951900
2030,1730520
2031,412800
2032,923940
2033,1186860
2034,1696920
2035,5820
2036,920580
2037,1295280
2038,1603380
2039,1311120
2040,1562700
2041,1333140
2042,1528680
2043,1310940
2044,1559700
2045,870540
2046,1196340
2047,1090440
2048,766560
2049,617640
2050,1198860
2051,1335180
2052,1332240
2053,1387020
2054,351660
2055,569820
2056,1136640
2057,1407180
2058,1558500
2059,1241460
2060,318600
2061,580800
2062,1165140
2063,1447620
2064,1602900
2065,1118340
2066,322080
2067,583380
2068,1184100
2069,1466940
2070,1582920
2071,1106160
2072,567180
2073,1177500
2074,1463760
2075,1595700
2076,1124160
2077,87660
2078,419940
2079,456060
2080,1053120
2081,450240
2082,595860
2083,250560
2084,530220
2085,314640
2086,830280
2087,2340
2088,92460
2089,561300
2090,134760
2091,1240140
2092,351300
2093,1143240
2094,790380
2095,1181400
2096,750900
2097,1222080
2098,719400
2099,1223400
2100,917580
2101,1253340
2102,118260
2103,189240
2104,716640
2105,1173000
2106,765360
2107,385980
2108,1103160
2109,377280
2110,1078260
2111,383460
2112,1082880
2113,382200
2114,1078680
2115,376680
2116,1073580
2117,362040
2118,1099620
2119,348480
2120,1144560
2121,463380
2122,908340
2123,0
2124,0
2125,160980
2126,472080
2127,613260
2128,902880
2129,122280
2130,431460
2131,561420
2132,1071000
2133,117480
2134,432900
2135,321720
2136,797700
2137,396120
2138,843060
2139,465960
2140,463080
2141,753780
2142,517680
2143,498120
2144,717300
2145,594540
2146,701160
2147,687060
2148,619620
2149,1178100
2150,272100
2151,914580
2152,544860
2153,1016100
2154,493320
2155,1062840
2156,486840
2157,1067520
2158,482460
2159,1074840
2160,488820
2161,1060260
2162,483180
2163,1079100
2164,440640
2165,1116120
2166,727140
2167,706200
2168,605580
2169,831240
2170,602820
2171,838260
2172,654000
2173,560340
2174,873360
2175,569100
2176,689460
2177,760740
2178,444060
2179,1075020
2180,561720
2181,92640
2182,381720
2183,384060
2184,95520
2185,301860
2186,921060
2187,130860
2188,695880
2189,820440
2190,255600
2191,908160
2192,326820
2193,842160
2194,6960
2195,99240
2196,1188720
2197,1899960
2198,1000200
2199,1089900
2200,1896120
2201,1089660
2202,963360
2203,1686720
2204,1461060
2205,817200
2206,1138560
2207,938640
2208,1660740
2209,1568580
2210,942540
2211,865140
2212,983400
2213,1827720
2214,1867440
2215,814800
2216,1022880
2217,1902600
2218,1850280
2219,716760
2220,1028040
2221,1928460
2222,1858560
2223,789660
2224,646740
2225,1003320
2226,1840920
2227,1892580
2228,1116720
2229,377760
2230,1029720
2231,1721580
2232,1533000
2233,1076880
2234,1769700
2235,1466580
2236,1025340
2237,1244400
2238,1498140
2239,177000
2240,1147680
2241,1672440
2242,1449480
2243,444060
2244,1094400
2245,214560
2246,1020420
2247,1565040
2248,1477200
2249,486780
2250,1028760
2251,272100
2252,914580
2253,1424520
2254,1385280
2255,698340
2256,893640
2257,323160
2258,1024560
2259,1466220
2260,1463460
2261,397560
2262,1109160
2263,1490820
2264,1306740
2265,444540
2266,1146060
2267,1519800
2268,1192860
2269,446220
2270,1154040
2271,1523040
2272,1172160
2273,447840
2274,1154580
2275,1525800
2276,1166340
2277,444300
2278,1149900
2279,1535580
2280,1148460
2281,456900
2282,1165980
2283,1560780
2284,1161120
2285,425640
2286,1134360
2287,1534800
2288,1191000
2289,448200
2290,1167900
2291,1542720
2292,1122060
2293,505500
2294,1205340
2295,1465140
2296,1119000
2297,512580
2298,1198440
2299,1457160
2300,1108560
2301,364440
2302,635460
2303,508800
2304,1206780
2305,1414440
2306,1025640
2307,455220
2308,1154880
2309,1390620
2310,1304160
2311,428580
2312,610140
2313,419880
2314,1045560
2315,1185960
2316,1175520
2317,421680
2318,1051980
2319,1240500
2320,1126440
2321,431820
2322,1075200
2323,1274340
2324,1073520
2325,440340
2326,1096020
2327,1296000
2328,1001880
2329,600240
2330,1067040
2331,426840
2332,1113000
2333,1377240
2334,1488480
2335,1067340
2336,408960
2337,1114860
2338,1439820
2339,1538880
2340,1001040
2341,412020
2342,1113900
2343,1449660
2344,1553700
2345,944340
2346,436560
2347,1154160
2348,1456020
2349,1487040
2350,969180
2351,483420
2352,1183140
2353,1449420
2354,1444920
2355,945540
2356,537660
2357,1231440
2358,1482600
2359,1396620
2360,863340
2361,290100
2362,980940
2363,608820
2364,1299840
2365,1486200
2366,1445940
2367,1161840
2368,706620
2369,666120
2370,1352940
2371,1522740
2372,1207500
2373,1570740
2374,698700
2375,1396440
2376,1600200
2377,1549500
2378,1100760
2379,1058700
2380,1696320
2381,1378260
2382,1091280
2383,1684560
2384,1336140
2385,1027020
2386,1671960
2387,1380180
2388,0
2389,0
2390,0
2391,0
2392,0
2393,1112400
2394,2049240
2395,2026620
2396,547620
2397,457740
2398,1178640
2399,2096640
2400,1922820
2401,494580
2402,1143660
2403,2064900
2404,1957200
2405,544980
2406,1109820
2407,1994400
2408,1986540
2409,611400
2410,1062720
2411,1792260
2412,1472820
2413,871920
2414,1033740
2415,1000020
2416,1769160
2417,1437420
2418,926160
2419,1776000
2420,1543620
2421,875400
2422,1341240
2423,735060
2424,325560
2425,948120
2426,1576860
2427,1558680
2428,0
2429,0
2430,0
2431,0
2432,0
2433,927780
2434,1711260
2435,1418160
2436,0
2437,951780
2438,1322460
2439,22620
2440,1777500
2441,882900
2442,1513320
2443,1159860
2444,0
2445,754440
2446,1368780
2447,1190040
2448,638940
2449,733140
2450,1344360
2451,1206960
2452,675960
2453,696660
2454,1300860
2455,1228380
2456,730020
2457,682740
2458,1278960
2459,1249860
2460,726480
2461,674820
2462,1257360
2463,1232640
2464,752100
2465,638760
2466,1253400
2467,1297140
2468,934140
2469,511500
2470,1144080
2471,1297440
2472,1114260
2473,496020
2474,1127160
2475,1307580
2476,1134600
2477,493140
2478,1142040
2479,1264620
2480,1145820
2481,475440
2482,1117320
2483,1217280
2484,1242000
2485,445500
2486,1057680
2487,1079160
2488,1031040
2489,648240
2490,799500
2491,442500
2492,1067760
2493,1157640
2494,925080
2495,527880
2496,962580
2497,458760
2498,1104420
2499,1183920
2500,859260
2501,458160
2502,1125480
2503,1188540
2504,839820
2505,448320
2506,1120440
2507,1197360
2508,831180
2509,444300
2510,1145100
2511,1219860
2512,786600
2513,547140
2514,1325280
2515,1373280
2516,1137720
2517,807180
2518,508320
2519,1234140
2520,1377060
2521,1218960
2522,870120
2523,502620
2524,1215780
2525,1391220
2526,1239660
2527,878160
2528,483600
2529,1204440
2530,1391520
2531,1254060
2532,883080
2533,454680
2534,1152840
2535,1406520
2536,1269300
2537,938400
2538,447900
2539,1139760
2540,1414200
2541,1285320
2542,937980
2543,444420
2544,1153020
2545,1482120
2546,1436280
2547,1103640
2548,628200
2549,481320
2550,1247520
2551,1622700
2552,1552680
2553,1139040
2554,464580
2555,513960
2556,1291620
2557,1629240
2558,1521840
2559,1092480
2560,518280
2561,1267860
2562,1603800
2563,1495500
2564,1149900
2565,221340
2566,146940
2567,110160
2568,515280
2569,247020
2570,607980
2571,307620
2572,554400
2573,510660
2574,840840
2575,565860
2576,791460
2577,582840
2578,766740
2579,604800
2580,744960
2581,691260
2582,1107180
2583,898800
2584,974220
2585,958860
2586,904500
2587,230340
2588,109320
2589,438180
2590,832080
2591,131400
2592,5520
2593,125400
2594,12060
2595,185460
2596,853680
2597,847380
2598,844500
2599,834300
2600,823500
2601,755580
2602,894480
2603,733500
2604,916020
2605,855300
2606,791100
2607,999060
2608,1468080
2609,1097580
2610,1347780
2611,1160400
2612,1298880
2613,1226880
2614,1234200
2615,1269180
2616,1170180
2617,1309080
2618,1133340
2619,1313580
2620,1118340
2621,1332120
2622,1088940
2623,1341300
2624,1004280
2625,1332300
2626,972960
2627,1373040
2628,1076040
2629,1337520
2630,1066440
2631,1336320
2632,1152360
2633,1362180
2634,1084920
2635,1421700
2636,1049940
2637,82380
2638,982440
2639,1332360
2640,380880
2641,769620
2642,575220
2643,346920
2644,657300
2645,338820
2646,677640
2647,318660
2648,691740
2649,317820
2650,690000
2651,340620
2652,667500
2653,68940
2654,646380
2655,511020
2656,1198320
2657,561900
2658,1159740
2659,621420
2660,1100340
2661,648600
2662,1071660
2663,675060
2664,1046400
2665,693720
2666,1027560
2667,682020
2668,1040100
2669,704580
2670,1018020
2671,618960
2672,847560
2673,536880
2674,934560
2675,527460
2676,941100
2677,522300
2678,942960
2679,208800
2680,420480
2681,916020
2682,512280
2683,1038360
2684,502500
2685,1048140
2686,537000
2687,1010520
2688,540660
2689,1004700
2690,501420
2691,1041840
2692,525840
2693,1013940
2694,550680
2695,1002660
2696,358740
2697,494580
2698,701160
2699,0
2700,313080
2701,521100
2702,0
2703,1141260
2704,1194600
2705,1140840
2706,1189380
2707,1056300
2708,900300
2709,1293780
2710,1172700
2711,1318020
2712,1147560
2713,1342320
2714,1124880
2715,1344000
2716,1070460
2717,1372260
2718,1099980
2719,1384140
2720,1061820
2721,1400760
2722,1042380
2723,1384440
2724,990420
2725,1355520
2726,1006260
2727,1301400
2728,1100640
2729,1348620
2730,1118700
2731,1316460
2732,1169400
2733,0
2734,0
2735,1162260
2736,1302480
2737,1077780
2738,1371180
2739,873420
2740,1412580
2741,398820
2742,599820
2743,336780
2744,672420
2745,296460
2746,709860
2747,282720
2748,719640
2749,278460
2750,724140
2751,337020
2752,660180
2753,723180
2754,624120
2755,1091160
2756,697680
2757,1029180
2758,711600
2759,1012680
2760,685320
2761,1040340
2762,648240
2763,1077360
2764,607800
2765,1118880
2766,584940
2767,1139700
2768,462120
2769,973800
2770,464820
2771,968580
2772,469800
2773,890880
2774,287040
2775,457500
2776,895680
2777,316920
2778,458400
2779,889020
2780,591300
2781,983520
2782,639540
2783,954720
2784,628080
2785,963060
2786,602220
2787,990420
2788,623880
2789,972480
2790,536220
2791,1014960
2792,158400
2793,415620
2794,1017600
2795,0
2796,185460
2797,0
2798,403980
2799,1012200
2800,0
2801,948540
2802,1278900
2803,728040
2804,789300
2805,0
2806,979260
2807,1491180
2808,0
2809,109080
2810,411840
2811,715140
2812,998760
2813,109800
2814,401520
2815,0
2816,768420
2817,1281000
2818,0
2819,714000
2820,1130640
2821,0
2822,671760
2823,1173480
2824,0
2825,676680
2826,1153740
2827,475800
2828,823860
2829,920940
2830,0
2831,608100
2832,1179060
2833,735060
2834,756420
2835,705720
2836,0
2837,560400
2838,1080540
2839,972780
2840,1151220
2841,281520
2842,522600
2843,542700
2844,1085160
2845,1104240
2846,1091160
2847,507360
2848,184860
2849,542160
2850,1104840
2851,1174680
2852,1333800
2853,283560
2854,547020
2855,1119240
2856,1235400
2857,1384320
2858,263400
2859,573060
2860,1184160
2861,1204920
2862,1391280
2863,234300
2864,1114260
2865,1344120
2866,0
2867,1046760
2868,1415100
2869,0
2870,804360
2871,951060
2872,697560
2873,0
2874,766800
2875,979740
2876,720780
2877,0
2878,285000
2879,713340
2880,990780
2881,842820
2882,932940
2883,226080
2884,645120
2885,1041720
2886,984540
2887,1202520
2888,226200
2889,0
2890,124260
2891,664200
2892,1154700
2893,1093380
2894,1155900
2895,177120
2896,0
2897,736980
2898,1186440
2899,1108740
2900,1194720
2901,0
2902,725280
2903,1291860
2904,906240
2905,1215960
2906,249960
2907,763860
2908,1319760
2909,795720
2910,1252680
2911,280260
2912,764280
2913,60
2914,0
2915,0
2916,0
2917,0
2918,0
2919,0
2920,0
2921,0
2922,491400
2923,0
2924,0
2925,0
2926,510600
2927,0
2928,0
2929,0
2930,0
2931,306720
2932,384480
2933,561120
2934,557460
2935,159240
2936,387660
2937,0
2938,957420
2939,788880
2940,268260
2941,134760
2942,453420
2943,1013100
2944,653580
2945,978900
2946,424440
2947,945960
2948,391260
2949,971820
2950,394080
2951,969780
2952,334440
2953,1028820
2954,206700
2955,10620
2956,190860
2957,5520
2958,125400
2959,129180
2960,123600
2961,65760
2962,390480
2963,459180
2964,13860
2965,247740
2966,821580
2967,12300
2968,1196280
2969,20460
2970,727920
2971,1056960
2972,86160
2973,1117440
2974,436080
2975,421080
2976,103680
2977,563640
2978,132000
2979,549720
2980,176520
2981,506640
2982,660180
2983,1380960
2984,233940
2985,18060
2986,257100
2987,28620
2988,332880
2989,494940
2990,617580
2991,1008240
2992,358260
2993,505500
2994,1044660
2995,396180
2996,590040
2997,1055580
2998,237180
2999,728640
3000,1013700
3001,207060
3002,703860
3003,912420
3004,205800
3005,762300
3006,1228500
3007,5040
3008,816720
3009,1199580
3010,199020
3011,725220
3012,897240
3013,0
3014,0
3015,0
3016,524820
3017,996000
3018,713280
3019,606600
3020,1111440
3021,1114560
3022,1282620
3023,671040
3024,1131120
3025,1082400
3026,1193400
3027,791280
3028,1682460
3029,1617720
3030,802740
3031,1651920
3032,1542120
3033,930780
3034,1726140
3035,1435920
3036,933420
3037,1725720
3038,1405680
3039,898800
3040,1735440
3041,1451340
3042,859080
3043,1747740
3044,1508460
3045,773640
3046,1705860
3047,1588260
3048,674340
3049,1509240
3050,1285800
3051,627600
3052,1465920
3053,1297260
3054,608040
3055,1397160
3056,1259040
3057,611160
3058,1420380
3059,1355520
3060,380820
3061,626160
3062,1390320
3063,1368480
3064,682620
3065,1401960
3066,1291200
3067,701520
3068,1536420
3069,1783560
3070,819600
3071,1620120
3072,1554540
3073,818340
3074,1619760
3075,1428060
3076,130380
3077,847260
3078,1656240
3079,1449540
3080,47160
3081,864060
3082,1673580
3083,1481820
3084,843540
3085,1668540
3086,1474260
3087,644640
3088,1432620
3089,1302240
3090,420000
3091,0
3092,1172640
3093,261540
3094,514740
3095,377520
3096,645000
3097,526020
3098,921120
3099,451560
3100,453360
3101,0
3102,548640
3103,782700
3104,1146960
3105,808680
3106,1100880
3107,857760
3108,1036740
3109,78240
3110,1124100
3111,1157340
3112,1950960
3113,1264800
3114,1833120
3115,1312260
3116,1795080
3117,1443300
3118,1660980
3119,0
3120,0
3121,1345320
3122,1292460
3123,1329840
3124,1292460
3125,547980
3126,1090680
3127,1010220
3128,1355100
3129,1222380
3130,248760
3131,1320120
3132,1132860
3133,366060
3134,1207980
3135,1052220
3136,451680
3137,1128120
3138,1017420
3139,497160
3140,1119060
3141,1007100
3142,506400
3143,1130460
3144,996480
3145,530520
3146,1119600
3147,1054500
3148,824640
3149,1115880
3150,587460
3151,1092900
3152,1114800
3153,856200
3154,869100
3155,691860
3156,1229040
3157,1057680
3158,874920
3159,1556220
3160,816600
3161,887160
3162,1409160
3163,702960
3164,727920
3165,806760
3166,1485120
3167,959880
3168,674400
3169,650580
3170,1278780
3171,726960
3172,701700
3173,1273380
3174,669120
3175,761340
3176,1283160
3177,605220
3178,833160
3179,1401120
3180,959160
3181,885780
3182,1500000
3183,825900
3184,912000
3185,1535220
3186,771600
3187,918480
3188,1531980
3189,762240
3190,940320
3191,1523340
3192,744420
3193,948960
3194,1531200
3195,728580
3196,954000
3197,1539480
3198,718380
3199,959760
3200,1548060
3201,706620
3202,972180
3203,1544340
3204,696780
3205,1002180
3206,1527180
3207,679380
3208,1025760
3209,1511880
3210,675960
3211,1028760
3212,1506840
3213,681600
3214,1045860
3215,1495500
3216,671700
3217,1059960
3218,1491840
3219,659520
3220,1119360
3221,1463640
3222,629520
3223,1143540
3224,1471380
3225,585900
3226,1208700
3227,1389120
3228,1277220
3229,1357080
3230,1272000
3231,1366500
3232,1302600
3233,1334220
3234,1262700
3235,1307280
3236,907860
3237,1122180
3238,1518720
3239,877980
3240,335880
3241,1057020
3242,0
3243,183600
3244,790800
3245,797880
3246,155160
3247,783000
3248,959280
3249,103980
3250,729720
3251,180
3252,837900
3253,843360
3254,0
3255,94860
3256,0
3257,842400
3258,0
3259,420120
3260,1117740
3261,0
3262,0
3263,0
3264,0
3265,0
3266,556500
3267,1262940
3268,983100
3269,738060
3270,1088160
3271,1087200
3272,1610820
3273,479700
3274,1139520
3275,1212540
3276,1125180
3277,1024680
3278,1642320
3279,1500300
3280,856320
3281,1686540
3282,1622160
3283,774420
3284,1672920
3285,1716180
3286,760800
3287,1605180
3288,1533480
3289,716280
3290,1503060
3291,1314300
3292,647280
3293,1483260
3294,1409100
3295,618120
3296,1482720
3297,1398720
3298,402300
3299,624900
3300,1403040
3301,1323660
3302,556740
3303,654180
3304,1390860
3305,1263300
3306,576900
3307,642780
3308,1383480
3309,1317120
3310,792420
3311,1629300
3312,1536060
3313,804420
3314,1644000
3315,1505520
3316,837120
3317,1636140
3318,1368420
3319,817080
3320,1595700
3321,1550580
3322,751200
3323,1543860
3324,1659420
3325,717360
3326,1499160
3327,1426200
3328,684660
3329,1360680
3330,1238700
3331,1330980
3332,1574340
3333,21480
3334,756300
3335,1213920
3336,1689240
3337,688440
3338,982080
3339,0
3340,744120
3341,1220460
3342,764040
3343,1205520
3344,1067820
3345,1567920
3346,696480
3347,1030440
3348,1567920
3349,749700
3350,990540
3351,1573740
3352,781920
3353,924840
3354,1529460
3355,904440
3356,901680
3357,1408680
3358,516360
3359,1026120
3360,1554600
3361,778440
3362,993720
3363,1429860
3364,859860
3365,1117740
3366,1666260
3367,878160
3368,727620
3369,1244820
3370,980160
3371,694200
3372,1237020
3373,1022700
3374,663240
3375,1238700
3376,1053600
3377,622980
3378,1210140
3379,1102740
3380,599640
3381,1182840
3382,1170480
3383,570900
3384,1143540
3385,1229220
3386,598680
3387,1228680
3388,1329960
3389,726720
3390,774540
3391,715920
3392,1336320
3393,1179960
3394,579840
3395,986760
3396,723840
3397,1348800
3398,1139220
3399,709800
3400,1334880
3401,1184940
3402,673740
3403,1316880
3404,1243560
3405,607560
3406,1219440
3407,1424880
3408,753660
3409,1212180
3410,712440
3411,1275660
3412,844800
3413,1318140
3414,438360
3415,1415580
3416,895320
3417,1310700
3418,406440
3419,922380
3420,1285320
3421,401160
3422,1080720
3423,1457580
3424,538800
3425,1153260
3426,1445520
3427,510840
3428,1177620
3429,1423860
3430,504600
3431,1211460
3432,1413540
3433,492540
3434,1227120
3435,1408800
3436,481020
3437,1246200
3438,1396620
3439,471060
3440,1252440
3441,1392480
3442,466620
3443,1262940
3444,1392420
3445,463800
3446,1260900
3447,1386360
3448,465780
3449,1244820
3450,1400760
3451,469860
3452,1230480
3453,1423740
3454,475560
3455,1170780
3456,1476900
3457,465180
3458,1176360
3459,1517400
3460,417540
3461,1194720
3462,1531620
3463,386520
3464,1236600
3465,1520100
3466,356220
3467,1225140
3468,1424280
3469,434760
3470,1220760
3471,1332480
3472,600
3473,570720
3474,1234920
3475,1321260
3476,1412940
3477,1185060
3478,1008660
3479,1261260
3480,1373100
3481,980400
3482,1132980
3483,1404720
3484,1032480
3485,1094820
3486,1423080
3487,1045020
3488,1067100
3489,1424880
3490,1069620
3491,736380
3492,443820
3493,0
3494,0
3495,52380
3496,563100
3497,507480
3498,1208640
3499,546780
3500,794100
3501,1211400
3502,498480
3503,508320
3504,709320
3505,723480
3506,190260
3507,774600
3508,653880
3509,1035720
3510,247920
3511,916500
3512,301260
3513,1122540
3514,1048920
3515,1078080
3516,377700
3517,0
3518,1111500
3519,1331280
3520,0
3521,1202160
3522,1307220
3523,1204200
3524,1309260
3525,1193340
3526,1323360
3527,1187400
3528,1328580
3529,1189380
3530,1328040
3531,1180200
3532,1334760
3533,1172640
3534,1338600
3535,1165020
3536,1341720
3537,0
3538,1172400
3539,1330380
3540,165240
3541,79320
3542,194880
3543,85140
3544,235680
3545,44640
3546,188100
3547,0
3548,239880
3549,226140
3550,0
3551,220080
3552,249000
3553,213960
3554,258180
3555,212400
3556,259020
3557,213660
3558,257760
3559,213900
3560,257760
3561,217380
3562,255120
3563,217800
3564,254580
3565,216120
3566,256020
3567,213600
3568,257520
3569,202320
3570,269340
3571,198180
3572,273840
3573,212040
3574,259380
3575,0
3576,218280
3577,253860
3578,0
3579,175200
3580,310680
3581,658500
3582,950100
3583,0
3584,33720
3585,370020
3586,704100
3587,985440
3588,0
3589,35760
3590,193980
3591,37200
3592,192720
3593,40620
3594,189840
3595,94380
3596,427680
3597,124500
3598,401460
3599,221400
3600,122940
3601,216600
3602,126660
3603,217140
3604,126900
3605,218880
3606,125520
3607,217140
3608,126540
3609,216660
3610,125940
3611,218580
3612,123420
3613,118440
3614,405360
3615,0
3616,397740
3617,529440
3618,773100
3619,1001340
3620,1312320
3621,1107780
3622,1013820
3623,651480
3624,1183920
3625,596160
3626,1051440
3627,0
3628,702060
3629,941760
3630,0
3631,891660
3632,793680
3633,987240
3634,0
3635,678660
3636,1371600
3637,919260
3638,1150440
3639,920760
3640,1172760
3641,427140
3642,934260
3643,471360
3644,831720
3645,525660
3646,768660
3647,424980
3648,992760
3649,1241760
3650,1125000
3651,590400
3652,1254720
3653,1266060
3654,664980
3655,1351620
3656,1367100
3657,664740
3658,1423800
3659,973020
3660,614220
3661,1380120
3662,1375140
3663,445920
3664,1056720
3665,957180
3666,471780
3667,1102560
3668,896400
3669,434460
3670,650880
3671,0
3672,0
3673,0
3674,598380
3675,1393080
3676,1564860
3677,0
3678,0
3679,0
3680,618660
3681,1357500
3682,1266540
3683,0
3684,0
3685,0
3686,0
3687,0
3688,0
3689,0
3690,661920
3691,1346700
3692,1233840
3693,396180
3694,0
3695,0
3696,0
3697,0
3698,853380
3699,1480920
3700,1111260
3701,171900
3702,871680
3703,1533540
3704,1243560
3705,846180
3706,1559880
3707,1254420
3708,836940
3709,1564920
3710,1269060
3711,803880
3712,1537020
3713,1137360
3714,759060
3715,1544640
3716,1340760
3717,724680
3718,1449060
3719,1199280
3720,386100
3721,1193220
3722,721500
3723,1222980
3724,684300
3725,1409880
3726,1262880
3727,1154040
3728,0
3729,1357260
3730,0
3731,0
3732,585900
3733,1312980
3734,835140
3735,517980
3736,1307700
3737,944760
3738,357000
3739,1092960
3740,1295760
3741,387720
3742,1142520
3743,1764660
3744,1344420
3745,1054260
3746,511620
3747,1367340
3748,1906200
3749,1447920
3750,516540
3751,1322760
3752,1921440
3753,1513080
3754,485580
3755,1308960
3756,1809420
3757,0
3758,525600
3759,538320
3760,1302720
3761,1596900
3762,1272660
3763,587340
3764,1366440
3765,1613640
3766,1169940
3767,656040
3768,1440540
3769,1647720
3770,1300980
3771,958620
3772,748380
3773,1620720
3774,1820160
3775,1576320
3776,937740
3777,1770240
3778,1640580
3779,1469640
3780,694920
3781,1041480
3782,1860960
3783,1901160
3784,1053300
3785,1762620
3786,1646520
3787,1051740
3788,1759200
3789,1628400
3790,0
3791,0
3792,0
3793,0
3794,0
3795,1194060
3796,1846620
3797,1810980
3798,775020
3799,1249800
3800,1993980
3801,2067420
3802,1306740
3803,1335060
3804,2050440
3805,2059920
3806,1171560
3807,1296840
3808,1988760
3809,2113680
3810,1160340
3811,1266000
3812,1824660
3813,1867860
3814,1001040
3815,605220
3816,1273800
3817,1832220
3818,1848480
3819,636180
3820,1324500
3821,1711980
3822,1742640
3823,1567920
3824,830520
3825,1247280
3826,1367580
3827,1270440
3828,1634880
3829,836460
3830,1529400
3831,1672500
3832,1332780
3833,1776780
3834,601680
3835,1247520
3836,0
3837,0
3838,598380
3839,1299360
3840,1158060
3841,1386540
3842,501060
3843,1400880
3844,1216740
3845,1667040
3846,532860
3847,1404840
3848,1722900
3849,1206720
3850,511680
3851,1485780
3852,1651260
3853,459420
3854,1486800
3855,1686420
3856,781560
3857,373980
3858,1370880
3859,1819440
3860,769740
3861,321900
3862,1171200
3863,1622400
3864,355800
3865,1322340
3866,1453740
3867,243960
3868,1144200
3869,1707420
3870,205200
3871,962220
3872,1485480
3873,317880
3874,0
3875,165900
3876,808140
3877,1509900
3878,393960
3879,0
3880,10980
3881,170520
3882,614940
3883,1322820
3884,0
3885,556140
3886,1336020
3887,226920
3888,391980
3889,0
3890,528480
3891,1225080
3892,400500
3893,320580
3894,0
3895,697320
3896,669540
3897,1155300
3898,487680
3899,0
3900,739680
3901,992460
3902,880800
3903,250920
3904,0
3905,551640
3906,935340
3907,0
3908,358020
3909,1033140
3910,99000
3911,1375020
3912,102600
3913,1380060
3914,100920
3915,1383000
3916,100920
3917,1383060
3918,100560
3919,1383420
3920,99960
3921,1384560
3922,97800
3923,1385760
3924,96360
3925,1343520
3926,268080
3927,1200360
3928,0
3929,445020
3930,1030260
3931,0
3932,0
3933,371700
3934,759660
3935,253200
3936,0
3937,278220
3938,764940
3939,0
3940,620640
3941,1405380
3942,1276140
3943,613560
3944,1441800
3945,1556640
3946,524580
3947,1154880
3948,942000
3949,0
3950,0
3951,0
3952,417900
3953,1083360
3954,1062120
3955,413940
3956,1104060
3957,1009260
3958,641340
3959,1508580
3960,1469760
3961,695400
3962,1526880
3963,1425480
3964,697980
3965,1486860
3966,1376940
3967,702000
3968,1458960
3969,1241580
3970,685020
3971,1441980
3972,0
3973,722760
3974,1480380
3975,1203420
3976,747000
3977,1526940
3978,1339920
3979,762540
3980,1566420
3981,1393020
3982,781140
3983,1610760
3984,1395300
3985,804420
3986,1608960
3987,1344300
3988,811560
3989,1591860
3990,1329360
3991,811320
3992,1595820
3993,1338540
3994,820320
3995,1583100
3996,1348620
3997,822240
3998,1571400
3999,1360260
4000,796980
4001,1539060
4002,1310760
4003,0
4004,0
4005,0
4006,624720
4007,1435440
4008,1417980
4009,531480
4010,1459440
4011,1566300
4012,970260
4013,467580
4014,1293360
4015,1665480
4016,1374900
4017,459240
4018,1262340
4019,1642500
4020,1335660
4021,177600
4022,420300
4023,1162260
4024,1023000
4025,356880
4026,1077840
4027,1171860
4028,380400
4029,1046580
4030,1162440
4031,431700
4032,1333740
4033,2040420
4034,1396320
4035,505260
4036,1411560
4037,1692480
4038,1646940
4039,518400
4040,1267080
4041,1581960
4042,1337340
4043,1056840
4044,534300
4045,1218840
4046,1588740
4047,1301460
4048,1103100
4049,580140
4050,1216200
4051,1543260
4052,1243620
4053,511680
4054,1229280
4055,1666680
4056,1827900
4057,655980
4058,502680
4059,1302600
4060,1848720
4061,1736460
4062,463140
4063,507180
4064,1390980
4065,1838280
4066,1685340
4067,447720
4068,1359600
4069,1705800
4070,1594980
4071,927780
4072,137040
4073,1416660
4074,1690020
4075,1173660
4076,497340
4077,1090620
4078,1128480
4079,1702200
4080,1504980
4081,962700
4082,1654020
4083,1569180
4084,990420
4085,1793640
4086,1804500
4087,1030320
4088,830580
4089,1077300
4090,1865100
4091,1836480
4092,943680
4093,788340
4094,1102620
4095,1884660
4096,1750260
4097,745740
4098,1143900
4099,1864920
4100,1739340
4101,775380
4102,1146060
4103,1926600
4104,1962420
4105,1229880
4106,400320
4107,1201140
4108,2024280
4109,1974840
4110,961500
4111,543060
4112,1213500
4113,1986900
4114,1943220
4115,980460
4116,569400
4117,1186920
4118,1938300
4119,1952220
4120,1006440
4121,1097340
4122,1725420
4123,1572780
4124,1378200
4125,1436460
4126,1087320
4127,1725060
4128,1380060
4129,1397640
4130,1704720
4131,1030080
4132,1702560
4133,1382160
4134,1251660
4135,1931520
4136,766740
4137,1982580
4138,1645080
4139,755580
4140,1652520
4141,2121420
4142,602280
4143,1491060
4144,1575540
4145,1179840
4146,516540
4147,1471920
4148,1644540
4149,1318080
4150,453300
4151,1359480
4152,1798080
4153,414060
4154,1282860
4155,1381080
4156,1102380
4157,399180
4158,1259040
4159,1440900
4160,1195380
4161,369720
4162,1201860
4163,1563000
4164,349380
4165,1198440
4166,1914240
4167,368040
4168,1178400
4169,1145940
4170,343800
4171,1001760
4172,1093620
4173,509760
4174,350040
4175,924780
4176,1072620
4177,666960
4178,0
4179,373620
4180,846840
4181,944340
4182,186420
4183,669480
4184,0
4185,279660
4186,220920
4187,727860
4188,931260
4189,0
4190,239700
4191,805320
4192,987900
4193,300480
4194,0
4195,262200
4196,857460
4197,1047180
4198,214860
4199,0
4200,281880
4201,885180
4202,1015080
4203,199980
4204,0
4205,292080
4206,982080
4207,355200
4208,935340
4209,988740
4210,0
4211,309300
4212,975780
4213,1232400
4214,1007520
4215,0
4216,0
4217,1123860
4218,1505220
4219,1407660
4220,82620
4221,0
4222,0
4223,1224060
4224,1731120
4225,1187820
4226,0
4227,1259220
4228,1729380
4229,1166520
4230,0
4231,1265820
4232,1713120
4233,1172460
4234,0
4235,1260360
4236,1706400
4237,1190640
4238,0
4239,1257540
4240,1693980
4241,1203120
4242,0
4243,1258380
4244,1674840
4245,1219800
4246,0
4247,1248000
4248,1655520
4249,1251000
4250,0
4251,1224780
4252,1635300
4253,1290300
4254,0
4255,1177380
4256,1616400
4257,1347840
4258,0
4259,0
4260,1083360
4261,1376940
4262,345480
4263,1344720
4264,0
4265,429960
4266,790620
4267,432060
4268,0
4269,294600
4270,890220
4271,0
4272,500100
4273,1239420
4274,1263960
4275,0
4276,0
4277,0
4278,0
4279,91200
4280,517800
4281,103800
4282,498600
4283,0
4284,572880
4285,169020
4286,90120
4287,300
4288,259440
4289,774180
4290,303540
4291,2580
4292,1080300
4293,1032840
4294,280860
4295,86580
4296,1400280
4297,280260
4298,10260
4299,600
4300,291120
4301,1364580
4302,145980
4303,104820
4304,1615380
4305,639900
4306,18540
4307,1560
4308,660000
4309,1066080
4310,94860
4311,92280
4312,1253220
4313,948240
4314,30180
4315,10320
4316,988740
4317,857340
4318,30000
4319,19560
4320,906900
4321,453420
4322,41760
4323,49140
4324,544320
4325,622740
4326,17580
4327,420
4328,640740
4329,1178640
4330,79740
4331,49560
4332,1307940
4333,1088040
4334,76200
4335,39300
4336,1203540
4337,1030140
4338,104700
4339,106140
4340,1240980
4341,638880
4342,15600
4343,180
4344,654660
4345,1104780
4346,35340
4347,1800
4348,1141920
4349,1254660
4350,65580
4351,18240
4352,1338480
4353,913500
4354,122580
4355,156900
4356,1192980
4357,589380
4358,11460
4359,60
4360,600900
4361,1143120
4362,26700
4363,1140
4364,1170960
4365,1344420
4366,62280
4367,17940
4368,1424640
4369,831420
4370,115740
4371,150720
4372,1097880
4373,724980
4374,15720
4375,240
4376,740940
4377,1341780
4378,58320
4379,11400
4380,1411500
4381,1110900
4382,79080
4383,71760
4384,1261740
4385,580080
4386,3360
4387,0
4388,583440
4389,1097340
4390,20100
4391,900
4392,1118340
4393,1307280
4394,52320
4395,17340
4396,1376940
4397,839880
4398,103020
4399,142740
4400,1085640
4401,166920
4402,228900
4403,780
4404,396600
4405,655200
4406,16860
4407,60
4408,672120
4409,1487160
4410,64920
4411,9420
4412,1561500
4413,1100100
4414,131100
4415,161040
4416,1392240
4417,271980
4418,6840
4419,60
4420,278880
4421,1115760
4422,37020
4423,1680
4424,1154460
4425,1360620
4426,79800
4427,21120
4428,1461540
4429,766230
4430,122340
4431,153390
4432,1041960
4433,41400
4434,1500
4435,420
4436,43320
4437,259020
4438,23460
4439,7920
4440,290400
4441,464340
4442,4860
4443,120
4444,469320
4445,999780
4446,60780
4447,45300
4448,1105860
4449,696120
4450,12540
4451,120
4452,708780
4453,1537740
4454,51360
4455,8100
4456,1597200
4457,1282560
4458,135300
4459,162600
4460,1580460
4461,86460
4462,26460
4463,180
4464,113100
4465,746700
4466,496740
4467,1740
4468,1245180
4469,907980
4470,616380
4471,23220
4472,1547580
4473,496620
4474,410460
4475,175080
4476,1082160
4477,1250820
4478,23520
4479,540
4480,1274880
4481,1510440
4482,62880
4483,17460
4484,1590780
4485,828180
4486,124260
4487,153600
4488,1106040
4489,0
4490,0
4491,0
4492,0
4493,0
4494,0
4495,0
4496,0
4497,1672800
4498,124200
4499,128340
4500,1925340
4501,1027440
4502,79020
4503,78840
4504,1185300
4505,1503480
4506,36060
4507,660
4508,1540200
4509,1913160
4510,86640
4511,26040
4512,2025840
4513,1040040
4514,144300
4515,200040
4516,1384380
4517,421560
4518,6060
4519,60
4520,427680
4521,1612260
4522,40020
4523,2520
4524,1654800
4525,1637040
4526,69000
4527,20880
4528,1726920
4529,1087440
4530,151020
4531,184440
4532,1422900
4533,1412700
4534,55800
4535,480
4536,1468980
4537,1900500
4538,116340
4539,17880
4540,2034720
4541,1093353
4542,170056
4543,210431
4544,1473840
4545,760140
4546,723840
4547,720
4548,1484700
4549,1131720
4550,844920
4551,19260
4552,1995900
4553,592980
4554,529560
4555,231060
4556,1353600
4557,1095600
4558,496080
4559,1020
4560,1592700
4561,1606920
4562,478080
4563,21360
4564,2106360
4565,1059780
4566,397500
4567,224220
4568,1681500
4569,1412460
4570,19380
4571,600
4572,1432440
4573,1931460
4574,59280
4575,16740
4576,2007480
4577,1181100
4578,138780
4579,184080
4580,1503960
4581,1434180
4582,40380
4583,600
4584,1475160
4585,1866360
4586,100380
4587,17100
4588,1983840
4589,1141500
4590,157980
4591,206640
4592,1506120
4593,1411800
4594,39480
4595,480
4596,1451760
4597,1886220
4598,90000
4599,16260
4600,1992480
4601,1138140
4602,161700
4603,205800
4604,1505640
4605,1475760
4606,33060
4607,420
4608,1509240
4609,1943580
4610,77580
4611,16500
4612,2037660
4613,1122840
4614,151980
4615,195000
4616,1469820
4617,63900
4618,5700
4619,2340
4620,71940
4621,1170720
4622,37800
4623,5400
4624,1213920
4625,1728840
4626,85440
4627,18780
4628,1833060
4629,1046160
4630,156720
4631,211860
4632,1414740
4633,1318080
4634,18240
4635,360
4636,1336680
4637,1924680
4638,59880
4639,16620
4640,2001180
4641,1308688
4642,147619
4643,197533
4644,1653840
4645,1275780
4646,24660
4647,420
4648,1300860
4649,1805160
4650,67020
4651,14700
4652,1886880
4653,1023480
4654,137940
4655,200700
4656,1362120
4657,499680
4658,636480
4659,360
4660,1136520
4661,902220
4662,943680
4663,34920
4664,1880820
4665,774180
4666,639780
4667,115740
4668,1529700
4669,951120
4670,15540
4671,300
4672,966960
4673,1560960
4674,67740
4675,49140
4676,1677840
4677,1297320
4678,77220
4679,68580
4680,1443120
4681,909780
4682,81360
4683,100500
4684,1091640
4685,1295280
4686,28140
4687,720
4688,1324140
4689,1776720
4690,70560
4691,18840
4692,1866120
4693,1094640
4694,138180
4695,197580
4696,1430400
4697,887400
4698,17580
4699,1140
4700,906120
4701,1346940
4702,108480
4703,121620
4704,1577040
4705,890520
4706,29760
4707,12960
4708,933240
4709,951420
4710,37740
4711,11640
4712,1000800
4713,1217100
4714,67380
4715,1140
4716,1285620
4717,1696020
4718,118140
4719,22020
4720,1836180
4721,1174020
4722,175920
4723,208620
4724,1558560
4725,309840
4726,37860
4727,14820
4728,362520
4729,335340
4730,346020
4731,13680
4732,695040
4733,374460
4734,396000
4735,70140
4736,840600
4737,359820
4738,3060
4739,60
4740,362940
4741,1121820
4742,24720
4743,2340
4744,1148880
4745,1322640
4746,95340
4747,75960
4748,1493940
4749,613860
4750,62940
4751,67080
4752,743880
4753,855360
4754,14340
4755,600
4756,870300
4757,1156740
4758,33900
4759,5700
4760,1196340
4761,1005540
4762,58380
4763,26520
4764,1090440
4765,582060
4766,85020
4767,99480
4768,766560
4769,321240
4770,2580
4771,0
4772,323820
4773,912240
4774,18720
4775,1020
4776,931980
4777,1327800
4778,45480
4779,10620
4780,1383900
4781,896880
4782,122820
4783,138480
4784,1158180
4785,380220
4786,3480
4787,60
4788,375660
4789,927840
4790,16560
4791,540
4792,944940
4793,1312680
4794,37440
4795,5400
4796,1355520
4797,1248480
4798,117660
4799,115080
4800,1481220
4801,992580
4802,55500
4803,28680
4804,1076760
4805,778800
4806,81240
4807,111120
4808,971160
4809,572280
4810,6960
4811,180
4812,579420
4813,1153440
4814,22860
4815,480
4816,1176780
4817,1411980
4818,41880
4819,4680
4820,1458540
4821,1462680
4822,87720
4823,27180
4824,1577580
4825,732900
4826,140460
4827,231480
4828,1104840
4829,439440
4830,4260
4831,120
4832,443820
4833,1051860
4834,19320
4835,600
4836,1071780
4837,1478220
4838,38520
4839,3180
4840,1519920
4841,1577940
4842,91200
4843,35820
4844,1704960
4845,860220
4846,147720
4847,226800
4848,1234740
4849,560160
4850,6840
4851,120
4852,567120
4853,1146900
4854,23460
4855,540
4856,1170900
4857,1412280
4858,38820
4859,4800
4860,1455900
4861,1471080
4862,82200
4863,26040
4864,1579320
4865,750720
4866,141240
4867,231960
4868,1123920
4869,0
4870,0
4871,0
4872,0
4873,0
4874,0
4875,0
4876,0
4877,0
4878,0
4879,0
4880,0
4881,0
4882,0
4883,0
4884,0
4885,1297980
4886,12960
4887,900
4888,1311840
4889,954720
4890,97500
4891,41280
4892,1093500
4893,1127160
4894,7500
4895,540
4896,1135200
4897,790260
4898,80580
4899,38340
4900,909180
4901,310680
4902,4740
4903,1200
4904,316620
4905,550560
4906,54720
4907,80640
4908,685920
4909,291840
4910,3180
4911,1380
4912,296400
4913,574020
4914,54600
4915,79560
4916,708180
4917,278220
4918,2640
4919,1620
4920,282480
4921,583620
4922,54120
4923,80220
4924,717960
4925,190920
4926,2280
4927,1080
4928,194280
4929,350700
4930,36120
4931,55320
4932,442140
4933,27660
4934,300
4935,240
4936,28200
4937,1440
4938,120
4939,120
4940,1680
4941,274560
4942,2520
4943,1380
4944,278460
4945,587280
4946,53820
4947,80940
4948,722040
4949,332580
4950,2940
4951,1440
4952,336960
4953,524040
4954,52260
4955,83280
4956,659580
4957,632400
4958,55860
4959,33060
4960,721320
4961,546240
4962,7140
4963,1800
4964,555180
4965,925920
4966,103620
4967,117360
4968,1146900
4969,614040
4970,7320
4971,2040
4972,623400
4973,869580
4974,103800
4975,115020
4976,1088400
4977,611340
4978,7740
4979,2160
4980,621240
4981,875100
4982,107220
4983,116580
4984,1098900
4985,687060
4986,8640
4987,1800
4988,697500
4989,808800
4990,102180
4991,114240
4992,1025220
4993,636840
4994,8700
4995,2160
4996,647700
4997,845700
4998,105780
4999,116400
5000,1067880
5001,699360
5002,9900
5003,1800
5004,711060
5005,794640
5006,101400
5007,112560
5008,1008600
5009,655500
5010,8040
5011,2280
5012,665820
5013,813720
5014,102480
5015,117960
5016,1034160
5017,674820
5018,8580
5019,1680
5020,685080
5021,819360
5022,105480
5023,113880
5024,1038720
5025,681480
5026,9000
5027,2220
5028,692700
5029,802020
5030,104520
5031,118200
5032,1024740
5033,638400
5034,7440
5035,1680
5036,647520
5037,856860
5038,104400
5039,113100
5040,1074360
5041,665340
5042,9420
5043,2460
5044,677220
5045,812040
5046,102000
5047,117480
5048,1031520
5049,599520
5050,6300
5051,1560
5052,607380
5053,897480
5054,106380
5055,110700
5056,1114560
5057,689460
5058,9660
5059,3840
5060,702960
5061,791220
5062,104160
5063,117180
5064,1012560
5065,576900
5066,6120
5067,840
5068,583860
5069,917460
5070,105600
5071,112680
5072,1135740
5073,607620
5074,7440
5075,2640
5076,617700
5077,689640
5078,70980
5079,83640
5080,844260
5081,457080
5082,4200
5083,660
5084,461940
5085,819180
5086,71700
5087,79980
5088,970860
5089,527880
5090,6180
5091,2040
5092,536100
5093,775020
5094,70860
5095,83580
5096,929460
5097,459060
5098,4620
5099,600
5100,464280
5101,815220
5102,70440
5103,79440
5104,965100
5105,520020
5106,5160
5107,1980
5108,527160
5109,783480
5110,72600
5111,84240
5112,940320
5113,464460
5114,4200
5115,900
5116,469560
5117,766740
5118,60240
5119,61740
5120,888720
5121,228240
5122,30660
5123,27780
5124,286680
5125,513900
5126,5520
5127,2400
5128,521820
5129,793800
5130,69420
5131,78000
5132,941220
5133,174120
5134,21060
5135,13020
5136,208200
5137,452880
5138,3840
5139,480
5140,457200
5141,764280
5142,65520
5143,64320
5144,894120
5145,257940
5146,29820
5147,28860
5148,316620
5149,414660
5150,4680
5151,780
5152,420120
5153,785280
5154,61800
5155,67200
5156,914280
5157,452220
5158,4080
5159,540
5160,456840
5161,753720
5162,65340
5163,63600
5164,882660
5165,577620
5166,8640
5167,2220
5168,588480
5169,823740
5170,81600
5171,74280
5172,979620
5173,620880
5174,10740
5175,4200
5176,635820
5177,787020
5178,80040
5179,68580
5180,935640
5181,610920
5182,11460
5183,4620
5184,627000
5185,809760
5186,84000
5187,59220
5188,952980
5189,594180
5190,6240
5191,1080
5192,601500
5193,826740
5194,90300
5195,62880
5196,979920
5197,615360
5198,5220
5199,180
5200,620760
5201,798960
5202,90900
5203,72960
5204,962820
5205,298920
5206,2880
5207,60
5208,301860
5209,835680
5210,83940
5211,77520
5212,997140
5213,560280
5214,8880
5215,840
5216,570000
5217,902640
5218,53820
5219,38880
5220,995340
5221,0
5222,0
5223,0
5224,0
5225,0
5226,0
5227,0
5228,0
5229,0
5230,0
5231,0
5232,0
5233,1145160
5234,9300
5235,780
5236,1155240
5237,1739640
5238,98820
5239,105120
5240,1943580
5241,1057260
5242,6420
5243,420
5244,1064100
5245,1459020
5246,52620
5247,47940
5248,1559580
5249,573420
5250,60240
5251,58380
5252,692040
5253,1426080
5254,8580
5255,1200
5256,1435860
5257,1448640
5258,98160
5259,101760
5260,1648560
5261,916620
5262,4800
5263,180
5264,921600
5265,1441740
5266,41220
5267,39540
5268,1522500
5269,758940
5270,71820
5271,69960
5272,900720
5273,0
5274,0
5275,0
5276,0
5277,0
5278,0
5279,0
5280,0
5281,523560
5282,27060
5283,8400
5284,559020
5285,1331580
5286,8400
5287,1200
5288,1341180
5289,1100640
5290,84480
5291,101700
5292,1286820
5293,1020120
5294,4140
5295,300
5296,1024560
5297,1468800
5298,44880
5299,37980
5300,1551660
5301,620880
5302,82260
5303,72420
5304,775560
5305,1302600
5306,9000
5307,1620
5308,1313220
5309,1098240
5310,82200
5311,97320
5312,1277760
5313,505380
5314,26640
5315,9960
5316,541980
5317,65280
5318,420
5319,0
5320,65700
5321,348660
5322,25680
5323,14460
5324,388800
5325,0
5326,0
5327,0
5328,0
5329,0
5330,0
5331,0
5332,0
5333,0
5334,0
5335,0
5336,0
5337,687960
5338,2340
5339,60
5340,690360
5341,1205820
5342,15960
5343,4260
5344,1226040
5345,856620
5346,90540
5347,108060
5348,1055220
5349,869580
5350,3120
5351,240
5352,872940
5353,1485000
5354,31440
5355,28260
5356,1544700
5357,608340
5358,85080
5359,110760
5360,804180
5361,602340
5362,2160
5363,180
5364,604680
5365,1190100
5366,16860
5367,7680
5368,1214640
5369,1177920
5370,110460
5371,128580
5372,1416960
5373,880680
5374,3180
5375,420
5376,884280
5377,1332240
5378,27720
5379,25320
5380,1385280
5381,510180
5382,78300
5383,95220
5384,683700
5385,691860
5386,24720
5387,8280
5388,724860
5389,646140
5390,2040
5391,300
5392,648480
5393,1225680
5394,25080
5395,24840
5396,1275600
5397,872820
5398,3660
5399,120
5400,876600
5401,1198980
5402,61920
5403,35520
5404,1296420
5405,332280
5406,44460
5407,24900
5408,401640
5409,826620
5410,4020
5411,420
5412,831060
5413,1342800
5414,28800
5415,27120
5416,1398720
5417,716220
5418,85260
5419,103140
5420,904620
5421,1138320
5422,6960
5423,720
5424,1146000
5425,1293780
5426,65460
5427,78420
5428,1437660
5429,411060
5430,45540
5431,51240
5432,507840
5433,1229580
5434,8040
5435,600
5436,1238220
5437,1250220
5438,67140
5439,72900
5440,1390260
5441,369660
5442,45600
5443,50400
5444,465660
5445,965640
5446,3780
5447,180
5448,969600
5449,1477020
5450,32520
5451,26940
5452,1536480
5453,507240
5454,90720
5455,94860
5456,692820
5457,994800
5458,4200
5459,300
5460,999300
5461,1455600
5462,35280
5463,29580
5464,1520460
5465,483900
5466,86400
5467,105240
5468,675540
5469,1214040
5470,9120
5471,840
5472,1224000
5473,1269360
5474,66840
5475,78120
5476,1414320
5477,374040
5478,44940
5479,52560
5480,471540
5481,1211460
5482,9360
5483,480
5484,1221300
5485,1218240
5486,88620
5487,110340
5488,1417200
5489,396180
5490,21000
5491,15600
5492,432780
5493,329820
5494,253020
5495,600
5496,583440
5497,757380
5498,515940
5499,35100
5500,1308420
5501,419850
5502,356430
5503,59520
5504,835800
5505,261720
5506,93660
5507,600
5508,355980
5509,861600
5510,224100
5511,3060
5512,1088760
5513,732240
5514,472860
5515,90600
5516,1295700
5517,294180
5518,128400
5519,16020
5520,438600
5521,813300
5522,512880
5523,2760
5524,1328940
5525,1095600
5526,756420
5527,30660
5528,1882680
5529,691320
5530,582840
5531,157920
5532,1432080
5533,333540
5534,167700
5535,780
5536,502020
5537,899640
5538,480540
5539,5040
5540,1385220
5541,1094520
5542,519480
5543,41820
5544,1655820
5545,963660
5546,521820
5547,131340
5548,1616820
5549,253320
5550,221520
5551,300
5552,475140
5553,690420
5554,608880
5555,1620
5556,1300920
5557,1041240
5558,735300
5559,24480
5560,1801020
5561,0
5562,0
5563,0
5564,0
5565,357120
5566,158820
5567,7140
5568,523080
5569,362700
5570,213840
5571,540
5572,577080
5573,798360
5574,410040
5575,3480
5576,1211880
5577,1102200
5578,409080
5579,22860
5580,1534140
5581,712920
5582,387000
5583,136980
5584,1236900
5585,299940
5586,287280
5587,120
5588,587340
5589,757380
5590,606780
5591,2280
5592,1366440
5593,958200
5594,632280
5595,18720
5596,1609200
5597,579600
5598,435720
5599,152640
5600,1167960
5601,409260
5602,327300
5603,180
5604,736740
5605,942480
5606,643080
5607,4920
5608,1590480
5609,1013640
5610,741660
5611,22860
5612,1778160
5613,688800
5614,620460
5615,147300
5616,1456560
5617,315480
5618,183420
5619,840
5620,499740
5621,858060
5622,513840
5623,4080
5624,1375980
5625,1228020
5626,526140
5627,28440
5628,1782600
5629,1225320
5630,311340
5631,138060
5632,1674720
5633,108000
5634,25920
5635,780
5636,134700
5637,761100
5638,586620
5639,2220
5640,1349940
5641,1071720
5642,577320
5643,17940
5644,1666980
5645,713820
5646,356640
5647,93420
5648,1163880
5649,337860
5650,152760
5651,6720
5652,497340
5653,601800
5654,427500
5655,60420
5656,1089720
5657,720840
5658,317760
5659,780
5660,1039380
5661,1388460
5662,460020
5663,8460
5664,1856940
5665,1259520
5666,540300
5667,97800
5668,1897620
5669,260880
5670,164760
5671,1500
5672,427140
5673,539880
5674,331560
5675,62700
5676,934140
5677,497940
5678,976260
5679,316800
5680,912720
5681,1357560
5682,1141980
5683,1259160
5684,322560
5685,1631520
5686,1135500
5687,326160
5688,346380
5689,1127640
5690,356700
5691,1130880
5692,0
5693,763260
5694,862800
5695,1551600
5696,1249020
5697,0
5698,0
5699,433920
5700,0
5701,250140
